repeat_seed,fold,scale,window_sec,group_id,window_start,window_end,label,source_detector_alarm,final_or3p2_overlap,fp_context,AI0_Vibration_mean,AI0_Vibration_std,AI0_Vibration_rms,AI0_Vibration_ptp,AI0_Vibration_slope,AI1_Vibration_mean,AI1_Vibration_std,AI1_Vibration_rms,AI1_Vibration_ptp,AI1_Vibration_slope,AI2_Current_mean,AI2_Current_std,AI2_Current_rms,AI2_Current_ptp,AI2_Current_slope,AI0_AI1_corr
0,1,1.0_0.1,1.0,normal_460,2022-07-12 00:58:19.887,2022-07-12 00:58:20.887,0,False,True,True,0.0335282,0.0871743874666049,0.0892388740538561,0.239032,-0.0637727272727272,-0.0018701999999999,0.2232495682911341,0.2118013938008907,0.5777,-0.1943064242424243,-31.694665500000006,194.63704468683483,187.3493343173104,507.93022,629.0267428484847,0.3060723643033364
0,1,1.0_0.1,1.0,normal_460,2022-07-12 00:58:19.987,2022-07-12 00:58:20.987,0,False,True,True,0.0350416,0.0882890474133431,0.0907930285561617,0.239032,0.0067183030303029,-0.0183199999999999,0.2045216227101672,0.1948892176093895,0.5777,0.0713373333333333,15.691903499999986,198.45195468406064,188.9208731760081,507.93022,646.288241030303,0.2914247096974613
0,1,1.0_0.1,1.0,normal_460,2022-07-12 00:58:20.087,2022-07-12 00:58:21.087,0,False,True,True,0.0415516,0.0989458269954939,0.1026537114497084,0.304132,0.1739006060606059,0.0089846,0.2322117208345292,0.2204785204975759,0.607037,0.3129187878787879,60.8844125,181.2631214546868,182.42148712533023,484.14403,567.5118010303031,0.473892782433048
0,1,1.0_0.1,1.0,normal_460,2022-07-12 00:58:20.187,2022-07-12 00:58:21.187,0,False,True,True,0.0361622999999999,0.1003067679305727,0.101798894221401,0.304132,0.1464552121212121,0.0468943,0.210465958069259,0.2050985200529248,0.584455,0.1744121818181819,96.4593055,150.348693498901,172.18784594356876,432.55442,410.328584060606,0.5029968707531177
0,1,1.0_0.1,1.0,normal_460,2022-07-12 00:58:20.287,2022-07-12 00:58:21.287,0,False,True,True,0.0549133,0.0911408476407685,0.1024278244165129,0.304132,0.0954093939393939,0.0497326,0.2070439453096317,0.2026173913147635,0.584455,-0.1001550303030302,118.761745,118.37008447140074,163.44626420764385,355.7971,200.16194436363648,0.3055968704047093
0,1,1.0_0.1,1.0,normal_460,2022-07-12 00:58:20.387,2022-07-12 00:58:21.387,0,False,True,True,0.0705547,0.079958292523943,0.1035951802986027,0.304132,0.0286869696969697,0.035021,0.2170371927036162,0.20885664738284,0.584455,-0.2572832727272727,124.67769760000002,107.13778705796372,160.857648723792,296.637574,-33.379617212121104,0.254326311343861
0,1,1.0_0.1,1.0,normal_460,2022-07-12 00:58:20.487,2022-07-12 00:58:21.487,0,False,True,True,0.0572077999999999,0.0918218081912522,0.1042154134204725,0.304132,-0.0545975757575757,-0.0035505999999999,0.206052689700798,0.1955109884379903,0.584455,-0.1915623030303031,113.7969757,127.0280854220121,165.7476175269201,383.05967,-266.868256181818,0.3464142249371275
0,1,1.0_0.1,1.0,normal_460,2022-07-12 00:58:20.587,2022-07-12 00:58:21.587,0,False,True,True,0.0700426999999999,0.0996927243584561,0.1176892313863082,0.304132,0.0094633333333333,-0.0148392,0.1899249893082354,0.1807886978325802,0.584455,0.1170133333333333,86.9508501,161.17418850268328,175.89729238581617,454.07849,-466.8155348484847,0.5028905666231704
0,1,1.0_0.1,1.0,normal_460,2022-07-12 00:58:20.687,2022-07-12 00:58:21.687,0,False,True,True,0.0928639,0.1298807792002171,0.1542913446966484,0.427576,0.1751078181818181,0.0239049,0.2175134062935738,0.2077313601016948,0.584455,0.2752626060606061,46.87864309999999,190.79592403244283,186.9769593921976,505.79232,-608.7316095151513,0.6624666380924166
0,1,1.0_0.1,1.0,normal_460,2022-07-12 00:58:20.787,2022-07-12 00:58:21.787,0,False,True,True,0.0907068,0.1298991734442953,0.1530167941815538,0.427576,0.1738995151515152,0.0380851,0.2014642960650569,0.1948834297011934,0.495173,0.0166092727272728,-0.1328219000000046,201.82245444654023,191.4656377750336,508.38954,-658.9617375151513,0.7340820031741563
0,1,0.5_0.1,0.5,normal_460,2022-07-12 00:58:20.887,2022-07-12 00:58:21.387,0,False,True,True,0.0962244,0.0778276164115283,0.1187638221698847,0.219504,-0.1398160000000002,0.0472734,0.210944002711146,0.1945062265620306,0.495173,-1.0704210000000005,114.7330902,115.01992492690154,154.10174720292235,284.544504,-722.6139030000003,0.4296582984374263
0,1,0.5_0.1,0.5,normal_460,2022-07-12 00:58:20.987,2022-07-12 00:58:21.487,0,False,True,True,0.0619104,0.1077956423762111,0.1145810544566596,0.280335,-0.4640430000000001,-0.0026695999999999,0.2168822209755793,0.1940037241508523,0.495173,-1.172158,40.53977020000001,130.11347685207605,123.23589758953106,327.05454,-822.3515540000001,0.5122034858440386
0,1,0.5_0.1,0.5,normal_460,2022-07-12 00:58:21.087,2022-07-12 00:58:21.587,0,False,True,True,0.056286,0.0985548016816025,0.1045875372288687,0.252213,0.214021,-0.0311141999999999,0.165360970366952,0.1511406426418784,0.35295,0.2125439999999999,-39.0749018,130.50218922879947,123.0914500096865,325.68339000000003,-824.896425,0.3194392880460719
0,1,0.5_0.1,0.5,normal_460,2022-07-12 00:58:21.187,2022-07-12 00:58:21.687,0,False,True,True,0.1248756,0.1474580297688125,0.181628775005504,0.403779,0.5648269999999999,0.0140036,0.2295092347309798,0.2057563896320112,0.492822,1.335393,-114.5543458,119.1761273965758,156.4770194458658,296.262295,-749.9655060000002,0.839665410639828
0,1,0.5_0.1,0.5,normal_460,2022-07-12 00:58:21.287,2022-07-12 00:58:21.787,0,False,True,True,0.1214402,0.1484612544393317,0.17994531789352,0.403779,0.391995,0.0245076,0.2203439197953962,0.1985995388977527,0.489621,0.5503500000000002,-174.3262488,90.07950154965155,192.0445112473315,211.751966,-546.236582,0.875418456897865
0,2,1.0_0.1,1.0,normal_569,2022-07-12 01:12:43.312,2022-07-12 01:12:44.312,0,False,True,True,0.0608128,0.1122449507627551,0.1226263948683153,0.294049,-0.0687772121212121,0.0324706999999999,0.1685818198891037,0.1631937295238392,0.537044,-0.0094622424242424,-81.02662380000001,85.14189533592558,114.40953575502814,259.329354,161.01673624242417,-0.4442339915585181
0,2,1.0_0.1,1.0,normal_569,2022-07-12 01:12:43.412,2022-07-12 01:12:44.412,0,False,True,True,0.0575237,0.108277307782738,0.1177308536633451,0.294049,0.0763224848484847,0.0165965999999999,0.1714574132917883,0.1635032943001455,0.537044,-0.043061212121212,-64.0940154,108.4556810629988,121.22051843417624,311.79420000000005,306.4110484848484,-0.5610617158692935
0,2,1.0_0.1,1.0,normal_569,2022-07-12 01:12:43.512,2022-07-12 01:12:44.512,0,False,True,True,0.0772238999999999,0.1327140934100653,0.1476998925588641,0.388622,0.2393772727272726,0.0303067999999999,0.1691499147132835,0.1633065412315134,0.537044,-0.0743299393939393,-37.0087909,131.1753757100871,129.83039658452168,355.06945,416.051728060606,-0.3978660536960702
0,2,1.0_0.1,1.0,normal_569,2022-07-12 01:12:43.612,2022-07-12 01:12:44.612,0,True,True,True,0.0699317,0.1297152146811964,0.1415410749312721,0.388622,0.2982441818181818,0.0396347,0.1625228686616474,0.1591955526963615,0.537044,-0.2028599393939392,-4.425788900000003,140.9768289170602,133.8155718507619,358.77924,460.7066976363636,-0.3590329122703519
0,2,1.0_0.1,1.0,normal_569,2022-07-12 01:12:43.712,2022-07-12 01:12:44.712,0,True,True,True,0.0752427,0.1268492511229591,0.1419264709724722,0.388622,0.2227263636363637,0.0482541,0.1572993395489772,0.1568350476363622,0.537044,-0.308579212121212,29.068354099999983,134.3282104514217,130.70818842312937,349.64089,430.8985308484848,-0.4350347660173551
0,2,1.0_0.1,1.0,normal_569,2022-07-12 01:12:43.812,2022-07-12 01:12:44.812,0,True,True,True,0.0895501,0.1150854464758444,0.1412069913336446,0.388622,0.1142228484848484,0.0461867,0.1564346944092006,0.1554279367111974,0.537044,-0.237008787878788,57.46906509999999,116.2251558027369,124.33885796765811,321.01039000000003,343.7858343636363,-0.418594129354029
0,2,1.0_0.1,1.0,normal_569,2022-07-12 01:12:43.912,2022-07-12 01:12:44.912,0,False,True,True,0.0769593,0.1245657235652908,0.1410237263551775,0.388622,0.0157977575757576,0.0216523,0.120957026862206,0.1167748440714009,0.439372,-0.0182166666666667,77.7047729,92.92253526767158,117.5124229005388,273.489986,212.41528890909092,-0.5208524737787801
0,2,1.0_0.1,1.0,normal_569,2022-07-12 01:12:44.012,2022-07-12 01:12:45.012,0,False,True,True,0.0814427,0.1186248657829003,0.1389157524800553,0.361295,-0.1599731515151514,0.0147097,0.108410483512179,0.1038938155806205,0.369946,0.2078790909090908,87.656306,76.2742779413622,113.66449273847216,220.227984,58.02160412121218,-0.4509981259913972
0,2,1.0_0.1,1.0,normal_569,2022-07-12 01:12:44.112,2022-07-12 01:12:45.112,0,True,True,True,0.0871773,0.1127644316056461,0.1380004237931898,0.361295,-0.2889549696969697,0.0179034,0.1110810068565579,0.1068907049625925,0.369946,0.3079893333333332,85.8342752,79.8289188526247,114.46795820564977,238.448292,-108.09398206060594,-0.4511634453495753
0,2,1.0_0.1,1.0,normal_569,2022-07-12 01:12:44.212,2022-07-12 01:12:45.212,0,True,True,True,0.0705301,0.1053470172688023,0.1223220734319853,0.361295,-0.2359461212121211,0.0142532999999999,0.1142109785918148,0.1092835277098062,0.369946,0.2026137575757577,72.67321050000001,100.48739542362313,119.87218401071428,292.95603,-262.4774721818181,-0.3507880429820743
0,2,1.0_0.1,1.0,normal_569,2022-07-12 01:12:44.312,2022-07-12 01:12:45.312,0,False,True,True,0.0694504,0.1049074750701779,0.1213605312826208,0.361295,-0.1892585454545454,0.0162106,0.1102305450400306,0.1058228675958084,0.350373,-0.046349212121212,48.3559551,125.0493183306012,128.10892711706882,342.62244,-386.7352610303029,-0.3364261988076077
0,2,1.0_0.1,1.0,normal_569,2022-07-12 01:12:44.412,2022-07-12 01:12:45.412,0,False,True,True,0.0720708,0.1077760355044973,0.1250931918962818,0.361295,-0.0622629090909092,0.0086799999999999,0.1198778484634347,0.114056876587955,0.350373,-0.2071423030303029,16.890886100000003,140.30516520298312,134.17260330490691,361.63573,-456.91191024242414,-0.3988652593992425
0,2,1.0_0.1,1.0,normal_569,2022-07-12 01:12:44.512,2022-07-12 01:12:45.512,0,False,True,True,0.0611274,0.0852098219276001,0.1013469358609326,0.251861,0.1548024242424242,0.0042215999999999,0.1183196087592134,0.112327195023289,0.350373,-0.1617323636363636,-17.022849900000004,138.7317593662388,132.70881044559445,361.63573,-449.8505988484847,-0.64431384189663
0,2,1.0_0.1,1.0,normal_569,2022-07-12 01:12:44.612,2022-07-12 01:12:45.612,0,False,True,True,0.0558299999999999,0.0851603280250454,0.098204084550491,0.251861,0.1556706666666666,0.0199321999999999,0.1243686724405395,0.1196582743189955,0.350373,-0.1107637575757575,-47.8422699,123.76237590832176,126.78444664315067,337.79792,-380.3069262424242,-0.6355196505999707
0,2,1.0_0.1,1.0,normal_569,2022-07-12 01:12:44.712,2022-07-12 01:12:45.712,0,False,True,True,0.0460083,0.0929054095208311,0.0994235247579766,0.252338,0.0790795757575757,0.0272788999999999,0.1252158292482313,0.1218820819074731,0.350373,-0.0950656363636363,-71.01729750000001,101.14960202568864,119.37995784537362,296.00195,-260.6040102424243,-0.6350859101285294
0,2,1.0_0.1,1.0,normal_569,2022-07-12 01:12:44.812,2022-07-12 01:12:45.812,0,False,True,True,0.0309107,0.1014551174154802,0.101090544262557,0.2775189999999999,0.0190438181818182,0.0165602999999999,0.1232586848633123,0.1181002819255737,0.350373,-0.0703184848484848,-84.56415960000001,80.71284778299106,114.07981638471604,242.982418,-110.9546671515152,-0.5710183180034138
0,2,1.0_0.1,1.0,normal_569,2022-07-12 01:12:44.912,2022-07-12 01:12:45.912,0,False,True,True,0.0233743999999999,0.1113493754951304,0.1081904693408804,0.3272239999999999,-0.1333489696969696,-0.002528,0.1250874207602205,0.1186952708965273,0.350373,-0.0832962424242424,-86.4649162,77.06128927898982,113.2288823943748,223.974852,54.37322727272719,-0.3147918635233984
0,2,1.0_0.1,1.0,normal_569,2022-07-12 01:12:45.012,2022-07-12 01:12:46.012,0,False,True,True,0.0196720999999999,0.1143899966415575,0.1102885112643198,0.3272239999999999,-0.2344735151515151,-0.0209532,0.1094427970553059,0.1059197329811588,0.3130549999999999,0.0253238787878786,-76.99173429999999,93.60910279527435,117.53350528272529,282.392894,216.98856030303023,-0.2432440295152253
0,2,1.0_0.1,1.0,normal_569,2022-07-12 01:12:45.112,2022-07-12 01:12:46.112,0,False,True,True,0.0266611,0.1156291008531156,0.1128888582673241,0.3272239999999999,-0.2122293939393938,-0.0199655,0.1108403779909048,0.1070310779358033,0.3130549999999999,0.1953406666666666,-55.998785100000006,118.27890085017414,125.40642918275272,333.11693,352.8064799393938,-0.151044668782728
0,2,1.0_0.1,1.0,normal_67,2022-07-12 00:08:26.424,2022-07-12 00:08:27.424,0,False,True,True,0.0226344999999999,0.0712752792819658,0.0713054660127819,0.212771,-0.069918606060606,0.0590358999999999,0.1431545044802603,0.1480848689991654,0.49221,0.0055369090909091,54.965800500000014,123.03915801184624,129.0194178736033,337.73605,372.0968472121212,-0.9128604561683672
0,2,1.0_0.1,1.0,normal_67,2022-07-12 00:08:26.524,2022-07-12 00:08:27.524,0,False,True,True,0.0277888,0.0772798701514322,0.078403940608875,0.225214,0.0244787878787878,0.0336863,0.1629130893902567,0.158181459194496,0.510557,-0.1245880606060605,77.13680000000001,99.64522408420632,122.0095878558424,295.53595,243.93277115151517,-0.9628824194590018
0,2,1.0_0.1,1.0,normal_67,2022-07-12 00:08:26.624,2022-07-12 00:08:27.624,0,False,True,True,0.0447131999999999,0.10122161325176,0.1059268792356312,0.3308569999999999,0.1622133333333332,0.0376123,0.1621252899238734,0.1583377206508291,0.510557,-0.1601641818181817,89.33793130000001,79.93076071795936,117.1806290605236,238.343503,85.66529339393946,-0.742133344184669
0,2,1.0_0.1,1.0,normal_67,2022-07-12 00:08:26.724,2022-07-12 00:08:27.724,0,True,True,True,0.0608008,0.1188859375926728,0.1281296875130818,0.338304,0.2940387878787877,0.0540507,0.158933961634699,0.1601732871464527,0.510557,-0.1941623636363635,89.31788030000001,79.96993312506919,117.18939766425274,238.544013,-84.72825060606057,-0.5659585895975169
0,2,1.0_0.1,1.0,normal_67,2022-07-12 00:08:26.824,2022-07-12 00:08:27.824,0,True,True,True,0.0583065,0.1191236003898191,0.1271653918922125,0.338304,0.281668909090909,0.0507628,0.1598743610539225,0.1599396512876028,0.510557,-0.2438996363636362,77.55345990000001,99.46751379778938,122.14314067299476,296.40797,-246.939824060606,-0.5535782271872047
0,2,1.0_0.1,1.0,normal_67,2022-07-12 00:08:26.924,2022-07-12 00:08:27.924,0,True,True,True,0.0583802999999999,0.119084695877486,0.1271664568237237,0.338304,0.2131738787878787,0.0445628,0.1612261259162284,0.1593120223147016,0.510557,-0.2820860606060605,54.29225550000001,124.47281701941996,129.96839218191585,345.90916,-378.2477097575756,-0.5289752939725718
0,2,1.0_0.1,1.0,normal_67,2022-07-12 00:08:27.024,2022-07-12 00:08:28.024,0,False,True,True,0.0527592999999999,0.1255907221653379,0.1303045290122335,0.341926,0.058701393939394,0.0216928,0.1483509996302313,0.1424001220294421,0.510557,-0.1870227878787879,22.88301249999999,142.5427980135157,137.1504159674512,374.78284,-462.0383388484847,-0.3975807621631545
0,2,1.0_0.1,1.0,normal_67,2022-07-12 00:08:27.124,2022-07-12 00:08:28.124,0,False,True,True,0.0504125,0.1288632663288667,0.1322368610649088,0.361772,-0.134841515151515,-3.2799999999999496e-05,0.1104084568085454,0.1047426640734328,0.341597,0.0594729696969696,-11.75094949999999,144.1269415418841,137.2348445714406,374.78284,-469.1904255151514,-0.2870033093062644
0,2,1.0_0.1,1.0,normal_67,2022-07-12 00:08:27.224,2022-07-12 00:08:28.224,0,False,True,True,0.0664047,0.1223892791665185,0.1337565186131128,0.361772,-0.1903210303030302,0.0065147,0.1218926637962451,0.1158208990411488,0.407072,0.2817196969696968,-44.6720295,130.59833783808782,131.70392356005593,351.81157,-407.6109352121212,-0.0776438261070877
0,2,1.0_0.1,1.0,normal_67,2022-07-12 00:08:27.324,2022-07-12 00:08:28.324,0,True,True,True,0.0689523,0.1218210486036793,0.1345761894612119,0.361772,-0.2200319393939392,0.0091452999999999,0.1218808654575351,0.1159874447528696,0.407072,0.2811233333333334,-70.2175703,108.27276865287712,124.42347193121944,314.17063,-293.7408553333334,-0.0829326431774613
0,2,1.0_0.1,1.0,normal_67,2022-07-12 00:08:27.424,2022-07-12 00:08:28.424,0,False,True,True,0.0680361,0.121458313598123,0.1338126326289861,0.361772,-0.167495212121212,0.011777,0.1178137180467538,0.1123866659039229,0.407072,0.0790680000000001,-86.205433,85.36393371092295,118.27796810674444,258.756785,-142.3990757575758,-0.0653358141291946
0,2,1.0_0.1,1.0,normal_67,2022-07-12 00:08:27.524,2022-07-12 00:08:28.524,0,False,True,True,0.0749242,0.127112631725481,0.1419700488673579,0.361772,-0.0561966060606061,0.0166271,0.1093842430796136,0.1050946327130934,0.362408,-0.1363156969696969,-90.3813826,77.46580962162253,116.4888441653865,216.997289,25.5822512727272,-0.1294614261977557
0,2,1.0_0.1,1.0,normal_67,2022-07-12 00:08:27.624,2022-07-12 00:08:28.624,0,False,True,True,0.0574481,0.1140804812650067,0.1225283835635645,0.361772,0.0419092727272726,0.0056382999999999,0.113777421418653,0.108085900510196,0.362408,-0.1849795757575757,-82.55942830000001,91.7684909926222,119.98070489199304,279.477746,194.3731966666665,-0.154755326612353
0,2,1.0_0.1,1.0,normal_67,2022-07-12 00:08:27.724,2022-07-12 00:08:28.724,0,False,True,True,0.0401957,0.0944310016950059,0.0981895461416336,0.317563,0.1714451515151515,0.0055463,0.1136930061633324,0.1080011626284643,0.362408,-0.0711338787878787,-63.105328,116.42778896103478,127.2091563532567,330.77983,338.3196895757575,-0.3558121174432334
0,2,1.0_0.1,1.0,normal_67,2022-07-12 00:08:27.824,2022-07-12 00:08:28.824,0,False,True,True,0.0387936,0.0945897101006939,0.0977621364956801,0.317563,0.1597746666666666,0.0199071,0.1210361775094537,0.1165378619586784,0.362408,-0.0056656363636363,-33.79808999999999,138.35403940695517,135.5358516623822,371.44725,442.2917126060604,-0.3544330506084047
0,2,1.0_0.1,1.0,normal_67,2022-07-12 00:08:27.924,2022-07-12 00:08:28.924,0,False,True,True,0.0384848,0.094727374227071,0.0977600517399617,0.317563,0.1137392727272728,0.0258244,0.1205942726152448,0.1172841863347314,0.362408,-0.0155083636363635,0.310398000000012,145.97144311128645,138.48101794293248,371.44725,476.9270047272728,-0.3768296842945908
0,2,1.0_0.1,1.0,normal_67,2022-07-12 00:08:28.024,2022-07-12 00:08:29.024,0,False,True,True,0.0538026,0.0812804733133637,0.0940243775549724,0.317563,0.0294608484848485,0.0270913999999999,0.120326439184966,0.1173224220863173,0.362408,-0.0432876363636363,34.54701200000001,136.8711681253937,134.36458251986255,357.36565,435.91914412121207,-0.4900399231535677
0,2,1.0_0.1,1.0,normal_67,2022-07-12 00:08:28.124,2022-07-12 00:08:29.124,0,False,True,True,0.0545416999999999,0.0795412528999889,0.0931070720219468,0.310172,-0.1769605454545454,0.0095596,0.1203949805378576,0.1146160641315169,0.362408,-0.0438009696969697,62.960585,116.92051303764504,127.54372189813868,325.87521000000004,338.71892169696974,-0.1540950591321743
0,2,1.0_0.1,1.0,normal_67,2022-07-12 00:08:28.224,2022-07-12 00:08:29.224,0,False,True,True,0.0369929999999999,0.0890070495697453,0.0921873713411983,0.310172,-0.2265506666666666,-0.0064655999999999,0.0979423310550085,0.0931409371576215,0.281618,0.1230584242424241,82.57092130000001,92.64759817358892,120.59509420756764,275.091088,197.23058030303037,-0.3936142798048542
0,2,1.0_0.1,1.0,normal_67,2022-07-12 00:08:28.324,2022-07-12 00:08:29.324,0,True,True,True,0.0324404,0.0890964978999985,0.0905358873397726,0.310172,-0.2284593939393939,0.0147479,0.1239499500232519,0.1185104706517529,0.375702,0.2714430909090909,91.30136960000002,77.29087758639635,117.1000933949396,217.155247,34.18380218181824,-0.3701463128918668
0,2,1.0_0.1,1.0,normal_67,2022-07-12 00:08:28.424,2022-07-12 00:08:29.424,0,True,True,True,0.0139891,0.0909672189362129,0.0874255474543911,0.310172,-0.2384172727272727,0.0349079,0.1111635524385878,0.1110862877861169,0.371865,0.1901050303030303,87.84037780000001,83.97581666678693,118.58615424414084,251.765165,-135.7188398787878,-0.2863864134938375
0,2,1.0_0.1,1.0,normal_67,2022-07-12 00:08:28.524,2022-07-12 00:08:29.524,0,False,True,True,-0.0051991,0.0641996868328291,0.0611266754477944,0.181857,-0.1203493939393939,0.0416416,0.1010191419255666,0.1044911631785195,0.316585,0.0157471515151516,72.75694389999998,106.23324381746748,124.3001398569249,305.28430000000003,-288.81507181818176,0.1387094122442787
0,2,1.0_0.1,1.0,normal_67,2022-07-12 00:08:28.624,2022-07-12 00:08:29.624,0,False,True,True,-0.0102705999999999,0.0603895971582302,0.0582039373650958,0.181857,-0.0692944242424242,0.0380573,0.1064601420011264,0.1079293460310957,0.352428,-0.1560467272727272,46.6117443,130.42034928950153,132.2163963531173,353.42150000000004,-408.231370121212,0.2380567775183666
0,2,1.0_0.1,1.0,normal_67,2022-07-12 00:08:28.724,2022-07-12 00:08:29.724,0,False,True,True,-0.0252807,0.0569346909187282,0.0596365401368992,0.165633,-0.0545645454545454,0.0159445999999999,0.1150047413584906,0.1102620140873546,0.354698,-0.2027248484848484,13.839127300000008,143.93059802856595,137.24407742558577,368.39359,-469.9217226060605,0.2862306350398937
0,2,1.0_0.1,1.0,normal_67,2022-07-12 00:08:28.824,2022-07-12 00:08:29.824,0,False,True,True,-0.0274343999999999,0.0552952169786059,0.0591984055697448,0.165633,-0.0079644848484848,0.0149148,0.1138250327318204,0.1090090616774587,0.354698,-0.0597390303030303,-20.9283497,140.24154379464332,134.6807980614901,366.9049,-453.4749029696968,0.2459323835768816
0,2,1.0_0.1,1.0,normal_67,2022-07-12 00:08:28.924,2022-07-12 00:08:29.924,0,False,True,True,-0.0296413999999999,0.0545532267508837,0.0596411073673183,0.165633,0.0121796363636363,0.0274875,0.1239304760171336,0.1207412491798059,0.354698,0.0444965454545454,-51.993089700000006,123.62620660735875,128.29020399338785,339.31248000000005,-376.4934124242424,0.2320990125230066
0,2,1.0_0.1,1.0,normal_67,2022-07-12 00:08:29.024,2022-07-12 00:08:30.024,0,False,True,True,-0.0462307999999999,0.0517112178519645,0.0674086931723201,0.12307,0.0221094545454545,0.0193041,0.1278621618179775,0.1228271446346449,0.354698,-0.0214886666666665,-74.84134119999999,100.02587480689908,120.8548071878472,295.16367,-250.4858391515152,0.3778217209425412
0,2,1.0_0.1,1.0,normal_67,2022-07-12 00:08:29.124,2022-07-12 00:08:30.124,0,False,True,True,-0.0430019,0.0479927773465271,0.0626269863022323,0.12307,-0.0405198181818181,0.0128838999999999,0.1342816693169415,0.1280406377768402,0.366585,-0.1644607878787878,-87.65047630000001,79.7902158971991,115.81207490260394,238.621743,-95.53830793939404,0.379162966335032
0,2,1.0_0.1,1.0,normal_67,2022-07-12 00:08:29.224,2022-07-12 00:08:30.224,0,False,True,True,-0.0381019,0.0459248447610029,0.0578786403891798,0.12307,-0.0621393333333333,-0.0085634999999999,0.142932603673705,0.1358679130843629,0.38802,-0.2254513333333334,-88.44382619999999,78.2488655087205,115.46820710029864,230.688244,71.94042509090905,0.3952720100068934
0,2,1.0_0.1,1.0,normal_67,2022-07-12 00:08:29.324,2022-07-12 00:08:30.324,0,False,True,True,-0.0499116,0.047238327035952,0.0670781738093696,0.121719,-0.0677911515151514,-0.0401187,0.1160783560847776,0.1172018616144811,0.325453,-0.1052196969696969,-77.69680969999999,96.41765493074848,120.01467410974548,288.07715,233.00732866666664,0.2656288812971831
0,2,0.5_0.1,0.5,normal_569,2022-07-12 01:12:43.812,2022-07-12 01:12:44.312,0,False,True,True,0.0491472,0.1202580322710296,0.1182583727623545,0.294049,0.3918449999999999,0.0813783999999999,0.2164881087376394,0.2100383892682478,0.537044,-1.366117,-36.0666558,87.9164447078877,86.51152906206048,221.560504,555.2656109999999,-0.5475509941849701
0,2,0.5_0.1,0.5,normal_569,2022-07-12 01:12:43.912,2022-07-12 01:12:44.412,0,False,True,True,0.0686315999999999,0.1308923182287639,0.1357075373573627,0.294049,0.6659930000000002,-0.0025518,0.16861977977598,0.1508397022955163,0.439372,-0.9268360000000002,18.7384142,90.75715613055448,83.3103671691311,226.504946,573.7879900000001,-0.8095553086376319
0,2,0.5_0.1,0.5,normal_569,2022-07-12 01:12:44.012,2022-07-12 01:12:44.512,0,False,True,True,0.146356,0.1298416702122242,0.1868345958188686,0.351168,0.6589440000000001,-0.0371952,0.1160878179814746,0.1102931914943075,0.2828779999999999,-0.063396,72.6944534,86.74605170458864,106.32208399101717,216.518194,547.396731,-0.068273127729336
0,2,0.5_0.1,0.5,normal_569,2022-07-12 01:12:44.112,2022-07-12 01:12:44.612,0,False,True,True,0.173647,0.0844584742995041,0.1893670185481094,0.214713,-0.0537910000000001,-0.0586663999999999,0.0966096104085923,0.1044436687770015,0.266155,0.322513,116.7400502,68.44478177967518,131.81801789964982,161.345383,418.4308620000001,0.6654447013106692
0,2,0.5_0.1,0.5,normal_569,2022-07-12 01:12:44.212,2022-07-12 01:12:44.712,0,False,True,True,0.1398506,0.1006266327609147,0.1663092471782612,0.263555,-0.2308800000000001,-0.0481806,0.10021001540415,0.1017595595813975,0.266155,0.4576730000000001,144.2415648,40.69979627094791,148.76426906065157,99.449886,198.2091919999998,0.3791712728582015
0,2,0.5_0.1,0.5,normal_569,2022-07-12 01:12:44.312,2022-07-12 01:12:44.812,0,False,True,True,0.129953,0.1061013893971233,0.1609154625093561,0.263555,-0.4595789999999999,0.010995,0.0714026612704316,0.064804028070792,0.178485,0.290587,151.00478600000002,28.142786505634614,153.08840106535564,65.63378,-57.4255000000002,0.1126692479787478
0,2,0.5_0.1,0.5,normal_569,2022-07-12 01:12:44.412,2022-07-12 01:12:44.912,0,False,True,True,0.0852869999999999,0.1326884260476399,0.1461466629608764,0.361295,-0.7438540000000002,0.0458564,0.054969346073971,0.0672317828649516,0.120356,0.1714459999999999,136.67113160000002,49.98404221886965,143.79750273928514,118.653312,-295.520824,-0.040252669328863
0,2,0.5_0.1,0.5,normal_569,2022-07-12 01:12:44.512,2022-07-12 01:12:45.012,0,False,True,True,0.0165293999999999,0.0653336180216586,0.0607289583263207,0.146582,-0.35589,0.0666146,0.0789442588843546,0.0970734862967226,0.194424,0.480776,102.6181586,70.74922084677614,120.5605585371745,173.974655,-442.76481200000006,-0.697485988263561
0,2,0.5_0.1,0.5,normal_569,2022-07-12 01:12:44.612,2022-07-12 01:12:45.112,0,False,True,True,0.0007075999999999,0.0527715065475678,0.0472055740395136,0.125318,-0.168345,0.0944732,0.0614164081186778,0.1092829614679251,0.170174,0.304154,54.92850020000001,85.24007958647559,93.96721273161376,214.610482,-537.5618390000002,-0.4913948263350757
0,2,0.5_0.1,0.5,normal_569,2022-07-12 01:12:44.712,2022-07-12 01:12:45.212,0,False,True,True,0.0012096,0.0532112590087849,0.0476089655464178,0.125318,0.0173369999999999,0.0766872,0.0977870405994577,0.1163218418492417,0.259104,-0.3469570000000002,1.1048562000000004,90.8752753958996,81.28882610695737,227.32225,-574.4394800000001,-0.4804534776173914
0,2,0.5_0.1,0.5,normal_569,2022-07-12 01:12:44.812,2022-07-12 01:12:45.312,0,False,True,True,0.0089478,0.0659820800195022,0.0596906276713522,0.164009,0.4107610000000001,0.0214262,0.1489056518057659,0.1348977262899564,0.350373,-0.8033580000000001,-54.2928758,89.72192813626644,96.89032910164828,223.969128,-566.9196310000001,-0.897513029556735
0,2,0.5_0.1,0.5,normal_569,2022-07-12 01:12:44.912,2022-07-12 01:12:45.412,0,False,True,True,0.0588546,0.0899576447685242,0.0996883454722767,0.2320269999999999,0.5605899999999999,-0.0284964,0.160801837496653,0.146621381683573,0.350373,-0.95096,-102.88935940000002,76.97916019477897,123.80166865263618,187.661075,-479.496298,-0.8661874509486116
0,2,0.5_0.1,0.5,normal_569,2022-07-12 01:12:45.012,2022-07-12 01:12:45.512,0,False,True,True,0.1057254,0.0842358017134044,0.1298244831971227,0.184388,0.51806,-0.0581714,0.1246375944681218,0.1257439292443178,0.295242,-0.255243,-136.6638584,50.14227597794483,143.834656689457,123.187438,-277.477416,-0.3868945914461351
0,2,0.5_0.1,0.5,normal_569,2022-07-12 01:12:45.112,2022-07-12 01:12:45.612,0,False,True,True,0.1109523999999999,0.0770493604665217,0.1306128562753299,0.1582529999999999,0.0745679999999999,-0.0546088,0.1309165694314512,0.1292030942307497,0.3130549999999999,0.6455700000000001,-150.61304,28.16174121547441,152.70479610238664,68.6797,-30.701049999999835,-0.3251544067871509
0,2,0.5_0.1,0.5,normal_569,2022-07-12 01:12:45.212,2022-07-12 01:12:45.712,0,False,True,True,0.090807,0.107572938634677,0.1323006460687173,0.252338,-0.4848980000000002,-0.0221294,0.140044647097988,0.1271995003488614,0.3130549999999999,0.797873,-143.1394512,41.9281070798878,147.97052213356284,106.047644,227.51023800000013,-0.5701737764418802
0,2,0.5_0.1,0.5,normal_569,2022-07-12 01:12:45.312,2022-07-12 01:12:45.812,0,False,True,True,0.0528736,0.1326650277477074,0.1299062171214295,0.2775189999999999,-0.8027220000000002,0.0116943999999999,0.1093229026338946,0.0984782037996225,0.290541,0.3448780000000001,-114.8354434,65.70287359051297,128.9987330919003,160.53332899999998,408.32572200000016,-0.4813564707126584
0,2,0.5_0.1,0.5,normal_569,2022-07-12 01:12:45.412,2022-07-12 01:12:45.912,0,False,True,True,-0.0121058,0.1290641250297695,0.1160714826708093,0.3272239999999999,-0.7737140000000001,0.0234404,0.087534655618789,0.0817270157267473,0.231811,-0.385444,-70.04047299999999,82.22711381683558,101.561343312213,205.186272,517.4643430000002,0.4397297400003087
0,2,0.5_0.1,0.5,normal_569,2022-07-12 01:12:45.512,2022-07-12 01:12:46.012,0,False,True,True,-0.0663812,0.0619097254371233,0.0864448668019102,0.1689709999999999,-0.301134,0.0162649999999999,0.0891760457101569,0.0814029724752112,0.231811,-0.4662900000000001,-17.3196102,91.10346018150824,83.3057096669542,228.951364,575.8299360000001,0.9449848240828108
0,2,0.5_0.1,0.5,normal_569,2022-07-12 01:12:45.612,2022-07-12 01:12:46.112,0,False,True,True,-0.0576301999999999,0.0798970467645707,0.0918045228591707,0.212726,0.2818220000000001,0.0146778,0.0866200461538782,0.0788534319443358,0.223875,0.0999079999999999,38.6154698,91.12927424949235,90.19307184072436,227.069286,575.998137,0.8994073732940295
0,2,0.5_0.1,0.5,normal_67,2022-07-12 00:08:26.524,2022-07-12 00:08:27.024,0,False,True,True,0.0331712,0.0526061247831466,0.0575695405679079,0.1248399999999999,-0.297659,0.0446274,0.1099986522226522,0.1080341039829553,0.2903139999999999,0.59004,9.870840999999997,94.07756635251948,84.72251350554612,234.84554,594.7374669999998,-0.9328383601796544
0,2,0.5_0.1,0.5,normal_67,2022-07-12 00:08:26.624,2022-07-12 00:08:27.124,0,False,True,True,0.0008485999999999,0.0734722607607796,0.0657210666605465,0.1774279999999999,-0.4604410000000001,0.111857,0.1579794257174015,0.1802165020440692,0.387226,0.972544,66.10570700000001,89.68616650965923,103.94638651020296,223.981883,566.0371220000001,-0.9670617851596964
0,2,0.5_0.1,0.5,normal_67,2022-07-12 00:08:26.724,2022-07-12 00:08:27.224,0,False,True,True,-0.0288309999999999,0.0620471411791067,0.0625388258908016,0.158173,-0.356105,0.1555102,0.1234871285729812,0.190742441639505,0.295004,0.527746,113.7744076,73.70197502779143,131.4922078418668,178.763766,456.463028,-0.88563832417112
0,2,0.5_0.1,0.5,normal_67,2022-07-12 00:08:26.824,2022-07-12 00:08:27.324,0,True,True,True,-0.0351091999999999,0.05122610598318,0.0577230202951993,0.126782,0.0343679999999999,0.1487846,0.1327491624109169,0.1903542205831013,0.328632,-0.177996,144.9329068,45.613139802693496,150.5655813644856,113.297116,241.3421019999998,-0.9315320594156002
0,2,0.5_0.1,0.5,normal_67,2022-07-12 00:08:26.924,2022-07-12 00:08:27.424,0,True,True,True,-0.0121187999999999,0.0858434772723006,0.0777312510229958,0.212771,0.447148,0.1054742,0.1949484735185171,0.2037859973781319,0.49221,-1.119228,155.46988800000003,27.64984735444972,157.42457661277683,60.69041,-8.453249999999935,-0.9688565309496276
0,2,0.5_0.1,0.5,normal_67,2022-07-12 00:08:27.024,2022-07-12 00:08:27.524,0,False,True,True,0.0224064,0.102944505947622,0.0947634096305108,0.225214,0.634169,0.0227452,0.2175259648851143,0.1958861415271637,0.510557,-1.3443640000000003,144.402759,46.67196637162833,150.31558389870165,116.026055,-263.94108000000006,-0.983566173957224
0,2,0.5_0.1,0.5,normal_67,2022-07-12 00:08:27.124,2022-07-12 00:08:27.624,0,False,True,True,0.0885778,0.1133342525086745,0.1346170453033344,0.3018269999999999,0.7020860000000001,-0.0366323999999999,0.1428362139963111,0.1329047777651353,0.341597,-0.4377810000000002,112.5701556,70.58424446807636,129.06489989734447,173.524637,-440.1040590000002,-0.4963987049755696
0,2,0.5_0.1,0.5,normal_67,2022-07-12 00:08:27.224,2022-07-12 00:08:27.724,0,False,True,True,0.1504326,0.0886944316025532,0.1700686005722396,0.211522,0.5411299999999999,-0.0474087999999999,0.1259002108346129,0.1221813602314199,0.287715,0.406902,64.861353,86.38224653901274,100.87868519509972,215.572743,-544.0579130000002,0.4889324964207334
0,2,0.5_0.1,0.5,normal_67,2022-07-12 00:08:27.324,2022-07-12 00:08:27.824,0,False,True,True,0.1517222,0.0865339582574378,0.170323594132463,0.205074,-0.045992,-0.047259,0.1259625030177631,0.1221746897446439,0.287715,0.6163690000000003,10.174012999999997,93.97066560086893,84.66344745697775,235.79576,-594.1094780000001,0.5050701089134282
0,2,0.5_0.1,0.5,normal_67,2022-07-12 00:08:27.424,2022-07-12 00:08:27.924,0,False,True,True,0.1288794,0.1100600310753181,0.1621741905994909,0.239747,-0.4509410000000002,-0.0163485999999999,0.1058574008905376,0.0960828193830718,0.287715,0.3148030000000001,-46.885377,92.21462759888207,94.87396171232932,229.883105,-582.649543,0.3517523733227178
0,2,0.5_0.1,0.5,normal_67,2022-07-12 00:08:27.524,2022-07-12 00:08:28.024,0,False,True,True,0.0831122,0.1502947061965257,0.1580456793379686,0.341926,-0.908705,0.0206403999999999,0.0468799391189877,0.0467355225240929,0.114816,-0.172264,-98.636734,81.36717046124492,122.57935567330328,201.258203,-509.88155300000005,0.7718087812592476
0,2,0.5_0.1,0.5,normal_67,2022-07-12 00:08:27.624,2022-07-12 00:08:28.124,0,False,True,True,0.0122472,0.1444880274216518,0.1298130423432098,0.361772,-0.860396,0.0365667999999999,0.06063456666127,0.0654092608244428,0.120402,0.0134429999999999,-136.0720546,55.828450414170376,144.94501282756633,136.238827,-322.68932399999994,0.2671315191422371
0,2,0.5_0.1,0.5,normal_67,2022-07-12 00:08:27.724,2022-07-12 00:08:28.224,0,False,True,True,-0.0176232,0.090468961971496,0.0828147549800154,0.21242,-0.010581,0.0604382,0.1015375577197915,0.1090902219330403,0.234173,0.569198,-154.205412,30.332094088694568,156.57374567766487,78.37486999999999,-80.39773999999997,0.3550777547841969
0,2,0.5_0.1,0.5,normal_67,2022-07-12 00:08:27.824,2022-07-12 00:08:28.324,0,False,True,True,-0.0138176,0.0936779640032809,0.0849198140695091,0.21242,0.299976,0.0655496,0.0979972563789415,0.1094509929895567,0.234173,0.292791,-150.60915359999998,37.27238004590456,154.25466410950906,96.356162,180.53700400000025,0.3698853087647741
0,2,0.5_0.1,0.5,normal_67,2022-07-12 00:08:27.924,2022-07-12 00:08:28.424,0,False,True,True,0.0071928,0.1087395790050706,0.0975252439402229,0.227077,0.5901879999999999,0.0399025999999999,0.1343381911382612,0.1266081244051897,0.362408,-0.365632,-125.52548900000002,63.45902693114717,137.76170319768687,154.292003,390.8585680000003,-0.1316813025776726
0,2,0.5_0.1,0.5,normal_67,2022-07-12 00:08:28.024,2022-07-12 00:08:28.524,0,False,True,True,0.0667362,0.1166127801902518,0.1238246857189631,0.317563,0.6497829999999999,0.0126137999999999,0.1571084284585012,0.1410870461261416,0.362408,-0.8520080000000001,-82.12603120000001,81.9215950774721,110.06181532526718,202.915689,514.551341,-0.5223705945049743
0,2,0.5_0.1,0.5,normal_67,2022-07-12 00:08:28.124,2022-07-12 00:08:28.624,0,False,True,True,0.1026489999999999,0.0574256736355787,0.1147823313711653,0.141837,0.0761249999999999,-0.0252902,0.1518517293306204,0.138154813077938,0.362408,-0.766312,-29.046801999999992,93.12602779800925,88.21384443031421,233.905706,588.452539,-0.3858740958691736
0,2,0.5_0.1,0.5,normal_67,2022-07-12 00:08:28.224,2022-07-12 00:08:28.724,0,False,True,True,0.0980146,0.0593425278303848,0.1114634034138559,0.141837,-0.0204690000000001,-0.0493456,0.1060238033264228,0.1069010090541712,0.242131,0.216245,27.99475600000001,93.9766907348639,88.59458834872781,234.423668,594.033079,-0.6234198286161794
0,2,0.5_0.1,0.5,normal_67,2022-07-12 00:08:28.324,2022-07-12 00:08:28.824,0,False,True,True,0.0914048,0.0666019742552726,0.1091031431389581,0.1748859999999999,-0.2971150000000002,-0.0257354,0.1347234011792309,0.1232178017714973,0.281618,0.8015300000000002,83.01297360000001,86.99338327024341,113.77799775069462,217.155247,548.093035,-0.726910442205646
0,2,0.5_0.1,0.5,normal_67,2022-07-12 00:08:28.424,2022-07-12 00:08:28.924,0,False,True,True,0.0697768,0.0769259417277422,0.0979942969095651,0.198626,-0.4341390000000003,0.0117462,0.1190775500911066,0.1071519648116636,0.277781,0.589643,126.146285,65.791456263264,139.1966155949706,154.449961,397.892046,-0.7271441071812998
0,2,0.5_0.1,0.5,normal_67,2022-07-12 00:08:28.524,2022-07-12 00:08:29.024,0,False,True,True,0.040869,0.029119134490915,0.048462504638122,0.070311,-0.083391,0.041569,0.0858455379067543,0.0873129249527239,0.222501,0.132945,151.2200552,37.52622056791817,154.90022233289625,91.969504,164.9555179999999,-0.2980883022700072
0,2,0.5_0.1,0.5,normal_67,2022-07-12 00:08:28.624,2022-07-12 00:08:29.124,0,False,True,True,0.0064344,0.0717762898058962,0.064520307857294,0.181857,-0.3333669999999999,0.0444094,0.0807367413963432,0.0847757744724281,0.208299,-0.466291,154.967972,30.373658330266544,157.33124178650533,73.22992,-94.20611000000014,0.7309700338563914
0,2,0.5_0.1,0.5,normal_67,2022-07-12 00:08:28.724,2022-07-12 00:08:29.224,0,False,True,True,-0.0240286,0.0706714135191875,0.067623461675664,0.165633,-0.323034,0.0364144,0.0758010066311787,0.0769587071902848,0.208299,-0.2730130000000001,137.14708660000002,55.09116360991777,145.7304100357358,129.771847,-331.28492400000005,0.5121089685687601
0,2,0.5_0.1,0.5,normal_67,2022-07-12 00:08:28.824,2022-07-12 00:08:29.324,0,False,True,True,-0.026524,0.0687974869998897,0.0670074469741983,0.165633,-0.113565,0.0552312,0.1109974728392498,0.1136082595360038,0.302383,0.4257929999999999,99.5897656,75.50918455548259,120.33050724587714,186.297915,-473.28656700000016,0.4311987547586167
0,2,0.5_0.1,0.5,normal_67,2022-07-12 00:08:28.924,2022-07-12 00:08:29.424,0,False,True,True,-0.0417986,0.0701466990192696,0.0753894586039719,0.165633,-0.138111,0.0580696,0.1108304147168095,0.1148859569538418,0.302383,0.399681,49.5344706,88.71295273319765,93.53958607849574,222.684055,-559.9247950000001,0.4341278387291137
0,2,0.5_0.1,0.5,normal_67,2022-07-12 00:08:29.024,2022-07-12 00:08:29.524,0,False,True,True,-0.0512672,0.055856968577788,0.0715844015606752,0.122809,0.2422110000000001,0.0417142,0.1248658531152532,0.1192193755267993,0.304528,-0.0048459999999998,-5.706167400000001,92.6985053258996,83.10818646873177,232.05438,-586.102078,0.3982398220092465
0,2,0.5_0.1,0.5,normal_67,2022-07-12 00:08:29.124,2022-07-12 00:08:29.624,0,False,True,True,-0.0269756,0.0485392048791489,0.05111288021233,0.093267,0.179313,0.0317052,0.1374105883154569,0.1269273632121931,0.352428,-0.662292,-61.7444834,89.420705493698,101.04074072929896,223.649653,-564.797001,-0.1585718545216741
0,2,0.5_0.1,0.5,normal_67,2022-07-12 00:08:29.224,2022-07-12 00:08:29.724,0,False,True,True,-0.0265328,0.0479076167503665,0.0503994173577433,0.091053,-0.0958209999999999,-0.0045251999999999,0.1515433248849978,0.135619987055006,0.354698,-0.8877220000000002,-109.468832,74.59135328719782,128.19719641090705,180.606985,-462.8703050000001,0.1941378115130226
0,2,0.5_0.1,0.5,normal_67,2022-07-12 00:08:29.324,2022-07-12 00:08:29.824,0,False,True,True,-0.0283448,0.046307083785313,0.0501886889049714,0.0897019999999999,0.070618,-0.0254015999999999,0.1129926609245043,0.1042070747156832,0.250316,0.0892699999999999,-141.446465,47.3194106302242,147.64282494896136,116.628425,-254.9285,0.0187710285275861
0,2,0.5_0.1,0.5,normal_67,2022-07-12 00:08:29.424,2022-07-12 00:08:29.924,0,False,True,True,-0.0174842,0.0374975942188295,0.0378226507188483,0.0897019999999999,-0.0653369999999999,-0.0030946,0.1411937447828337,0.126325434500737,0.292131,0.7319680000000002,-153.52065,27.35207353134585,155.45770716691348,63.109290000000016,-7.956849999999974,0.2049421921232222
0,2,0.5_0.1,0.5,normal_67,2022-07-12 00:08:29.524,2022-07-12 00:08:30.024,0,False,True,True,-0.0411944,0.0532277969232242,0.0629566301798309,0.121719,-0.185718,-0.003106,0.1412006913102765,0.1263319255659471,0.292131,0.3878170000000001,-143.976515,44.3785042441259,149.34790987055007,110.82996500000002,247.9732500000001,0.4158394114364386
0,2,0.5_0.1,0.5,normal_67,2022-07-12 00:08:29.624,2022-07-12 00:08:30.124,0,False,True,True,-0.0590281999999999,0.0467362801761115,0.0723308530504099,0.11401,-0.1129439999999999,-0.0059374,0.1442350581249233,0.129144315835425,0.304018,-0.2239769999999999,-113.5564692,68.19613627432206,128.90167609215666,167.07231900000002,424.25578300000006,0.8606286554440459
0,2,0.5_0.1,0.5,normal_67,2022-07-12 00:08:29.724,2022-07-12 00:08:30.224,0,False,True,True,-0.049671,0.0459968003724172,0.0644963003326547,0.11401,-0.127601,-0.0126018,0.1515280228198731,0.1361153875320494,0.325453,-0.871294,-67.4188204,84.30595463971376,101.14985187482104,209.969424,530.7536670000002,0.6186196460955979
0,2,0.5_0.1,0.5,normal_67,2022-07-12 00:08:29.824,2022-07-12 00:08:30.324,0,False,True,True,-0.0714784,0.0413959032187969,0.080498809365108,0.089737,-0.0907249999999999,-0.0548358,0.1304150746144785,0.1288931274777674,0.325453,-0.5894050000000001,-13.9471544,92.2910960532606,83.71762206624825,231.81965,583.4975790000001,0.4418671542653366
0,4,1.0_0.1,1.0,normal_178,2022-07-12 00:22:29.076,2022-07-12 00:22:30.076,0,False,True,True,0.0341822,0.180829441343555,0.174922214048988,0.588644,0.214216,0.0532333,0.159726805247133,0.1606087522892199,0.464962,0.1281370303030304,54.0548273,120.077169579892,126.0896440764235,332.15968,362.8851476969696,0.4709191365739559
0,4,1.0_0.1,1.0,normal_178,2022-07-12 00:22:29.176,2022-07-12 00:22:30.176,0,True,True,True,0.0713312,0.184859551360726,0.1893248225928127,0.588644,0.2358551515151515,0.0613746999999999,0.1453292888940682,0.1509151940312836,0.383548,-0.1661199393939392,75.7116411,96.98024271416443,119.15075881950408,289.24826,236.61728684848487,0.1393157646113171
0,4,1.0_0.1,1.0,normal_178,2022-07-12 00:22:29.276,2022-07-12 00:22:30.276,0,True,True,True,0.075692,0.1847992407494023,0.1909580118963328,0.588644,0.2330665454545454,0.0425998,0.1718360163119348,0.1684921298215438,0.482185,-0.4103632727272726,87.3945578,78.02081310935291,114.52655274423331,233.605176,81.70950993939401,0.0886294608960434
0,4,1.0_0.1,1.0,normal_178,2022-07-12 00:22:29.376,2022-07-12 00:22:30.376,0,True,True,True,0.0625335,0.1906995207086268,0.1914160784806229,0.588644,0.1412262424242424,0.0163089999999999,0.1580413013599785,0.150815553319278,0.452519,-0.3159528484848485,87.03673920000001,78.72100008671734,114.68517881468588,237.183362,-85.58995369696959,0.1290383911092927
0,4,1.0_0.1,1.0,normal_178,2022-07-12 00:22:29.476,2022-07-12 00:22:30.476,0,True,True,True,0.0509487,0.1955365742077425,0.1923716889235523,0.588644,0.0532624848484847,0.0194277,0.1624011958385433,0.1552873758426614,0.478438,-0.0716035757575758,75.4195895,97.72969889303543,119.51610402577364,291.36924,-243.0733426060605,0.0328352778347341
0,4,1.0_0.1,1.0,normal_178,2022-07-12 00:22:29.576,2022-07-12 00:22:30.576,0,True,True,True,0.0330412,0.1878022488605146,0.181202751377566,0.588644,0.1435710303030303,0.0367642,0.1872119494285673,0.1813700333836877,0.5833200000000001,0.2013098181818181,52.5422153,122.0081679757638,127.11442929956272,339.93177000000003,-370.2708473333333,-0.0569435727945493
0,4,1.0_0.1,1.0,normal_178,2022-07-12 00:22:29.676,2022-07-12 00:22:30.676,0,True,True,True,0.0453311,0.1748017266431694,0.1719156418156882,0.588644,-0.0656491515151513,0.0430073,0.1857060493324807,0.1813496372648702,0.5833200000000001,0.1522452727272727,21.7879433,140.01015937372958,134.60042618177496,370.21165,-453.9284343636363,-0.1155868973258598
0,4,1.0_0.1,1.0,normal_178,2022-07-12 00:22:29.776,2022-07-12 00:22:30.776,0,True,True,True,0.0771475,0.1439467896992573,0.1568449782253164,0.425452,-0.234258,0.0350520999999999,0.1946403727062068,0.1879495595443096,0.5833200000000001,-0.0807507272727272,-12.164690699999998,141.58180400158187,134.8660305700986,370.21165,-461.03827230303017,-0.3325717264541989
0,4,1.0_0.1,1.0,normal_178,2022-07-12 00:22:29.876,2022-07-12 00:22:30.876,0,True,True,True,0.0855898,0.1430270311210048,0.1604265325069391,0.425452,-0.2513115151515151,-0.0059502999999999,0.1970669742093056,0.187048814916588,0.5833200000000001,-0.0933954545454545,-44.400614700000006,127.83782749496592,129.1498111129368,346.3705,-398.3826447878788,-0.3113200188579902
0,4,1.0_0.1,1.0,normal_178,2022-07-12 00:22:29.976,2022-07-12 00:22:30.976,0,True,True,True,0.0778083,0.1409135616681769,0.1546774069626847,0.425452,-0.2092467272727271,-0.0246820999999999,0.1903791871972295,0.182288281264869,0.5833200000000001,-0.0179430909090909,-69.15640520000001,105.76038541318589,121.8578745533404,308.63897000000003,-284.75080545454546,-0.3740755345701253
0,4,1.0_0.1,1.0,normal_178,2022-07-12 00:22:30.076,2022-07-12 00:22:31.076,0,True,True,True,0.0742332,0.133448398070232,0.1467589705435412,0.389701,0.1032414545454544,0.0005982,0.2098688116455399,0.1990999350441883,0.5833200000000001,0.1503665454545454,-84.4199287,83.64660146992506,115.86113630305334,254.620108,-135.07113339393948,-0.1194512179709096
0,4,1.0_0.1,1.0,normal_178,2022-07-12 00:22:30.176,2022-07-12 00:22:31.176,0,True,True,True,0.0482036,0.1185300008288572,0.1223438271421979,0.389701,0.1820143030303029,0.0289803,0.2072027660594273,0.198694603410611,0.5833200000000001,0.1289971515151516,-88.0262485,76.79404150777934,114.26378584211376,218.55691,31.217118242424228,-0.032008405807673
0,4,1.0_0.1,1.0,normal_178,2022-07-12 00:22:30.276,2022-07-12 00:22:31.276,0,False,True,True,0.0241358,0.1320804987395523,0.1276059135549759,0.463611,0.1050522424242424,0.0300725,0.2056303653253413,0.1973824148339968,0.572398,-0.1951887878787877,-79.9847704,91.29325584211526,117.89222282224236,278.207338,196.52822969696965,0.231558274341442
0,4,1.0_0.1,1.0,normal_178,2022-07-12 00:22:30.376,2022-07-12 00:22:31.376,0,False,True,True,0.0316733,0.1280453769559404,0.1255358699205132,0.463611,0.0290946060606061,0.0111682,0.2193941600913246,0.2084349932837574,0.572398,-0.3639801212121212,-60.48309420000002,115.43215595173317,125.10127516897978,328.04505,336.1001221818181,0.2292110481834721
0,4,1.0_0.1,1.0,normal_178,2022-07-12 00:22:30.476,2022-07-12 00:22:31.476,0,False,True,True,0.0338304,0.1262409701238953,0.1244491874147838,0.463611,-0.0869288484848484,-0.0133411999999999,0.2048099301828676,0.194757244714542,0.572398,-0.2262958787878789,-31.51805820000001,136.87310071481787,133.6196434737737,368.49277,437.9720933333331,0.3603901184208006
0,4,1.0_0.1,1.0,normal_178,2022-07-12 00:22:30.576,2022-07-12 00:22:31.576,0,False,True,True,0.049826,0.1350971210327345,0.1375090512519085,0.463611,-0.0080054545454544,-0.0233866,0.1872699955063099,0.1791925756129422,0.485681,0.1471209696969695,2.1647097999999887,144.26051278261474,136.8746578515938,368.49277,471.6043408484848,0.5559983895352187
0,4,1.0_0.1,1.0,normal_178,2022-07-12 00:22:30.676,2022-07-12 00:22:31.676,0,False,True,True,0.065556,0.1283280145226806,0.1382709677271407,0.463611,-0.0698381818181817,0.0018471999999999,0.2108698464987348,0.2000572295469474,0.5154270000000001,0.3502260606060605,36.0660478,134.74721043791342,132.82277460071097,353.68614,428.8983059393938,0.5751891842683406
0,4,1.0_0.1,1.0,normal_178,2022-07-12 00:22:30.776,2022-07-12 00:22:31.776,0,True,True,True,0.0330504,0.1609434933165467,0.156220536988579,0.559785,-0.2281559999999999,0.0105268,0.2036218336681997,0.1934592451913322,0.5154270000000001,0.161429696969697,63.8579688,114.47117041102626,125.98064989912126,320.64036,329.7230776969697,0.6081732280060288
0,4,1.0_0.1,1.0,normal_178,2022-07-12 00:22:30.876,2022-07-12 00:22:31.876,0,True,True,True,0.0108832,0.1644693663295522,0.1564084372947956,0.559785,-0.2563884848484847,0.0055677,0.209851545271122,0.1991604961600065,0.533445,-0.1218863636363635,82.62069019999998,90.64834866151548,119.25430496497005,269.680175,187.6659837575758,0.7479865138088692
0,4,1.0_0.1,1.0,normal_178,2022-07-12 00:22:30.976,2022-07-12 00:22:31.976,0,True,True,True,-0.0026441999999999,0.1639441003816714,0.1555535053883389,0.559785,-0.2494327272727274,-0.003642,0.2143737859995428,0.2034054381657482,0.533445,-0.2355086060606061,90.24456619999998,76.99254512614999,116.09973528448803,212.489035,23.87877987878796,0.7729714275051147
0,4,1.0_0.1,1.0,normal_178,2022-07-12 00:22:31.076,2022-07-12 00:22:32.076,0,False,True,True,-0.0353394,0.12008244749819,0.1192756805463712,0.430755,-0.0415978181818181,-0.0217005,0.1972550200534267,0.1883865715567327,0.533445,-0.022667696969697,85.7918007,85.51133121654948,118.07286757393636,257.01669,-145.69948187878785,0.7323440608386631
0,4,1.0_0.1,1.0,normal_178,2022-07-12 00:22:31.176,2022-07-12 00:22:32.176,0,False,True,True,-0.0307323,0.1222844817728543,0.120010913243338,0.430755,0.0215892727272727,-0.0116756,0.2085571933111448,0.1981989208573043,0.533445,0.2268869090909091,69.8015657,108.3851311058381,124.27735736858163,309.83821,-296.99007363636355,0.7442761984728336
0,4,1.0_0.1,1.0,normal_52,2022-07-12 00:06:37.131,2022-07-12 00:06:38.131,0,False,True,True,-0.0104185,0.0758309680235514,0.0726900769190678,0.252519,0.1763141212121211,-0.0263061,0.131367748904829,0.1273724766356531,0.424499,-0.1769076969696969,85.5951292,75.79050403011959,111.786880239992,221.036457,-62.72769757575748,-0.4954940382989717
0,4,1.0_0.1,1.0,normal_52,2022-07-12 00:06:37.231,2022-07-12 00:06:38.231,0,False,True,True,-0.0024791999999999,0.0768988475290032,0.0729947663110171,0.252519,0.1875193939393938,-0.0295191,0.132792568573404,0.1293903277154053,0.424499,-0.2408039393939393,75.6622286,92.76611280104376,116.05933548195524,277.510791,-219.855718060606,-0.5321405491892119
0,4,1.0_0.1,1.0,normal_52,2022-07-12 00:06:37.331,2022-07-12 00:06:38.331,0,False,True,True,0.0135538999999999,0.0877181058954066,0.0843132711789787,0.252519,0.2481110909090909,-0.0149449,0.1480521055975827,0.141247419129342,0.424499,-0.0804124242424242,54.54052130000001,117.20111811352972,123.8432894509474,328.65838,-352.34889193939387,-0.1745798759164782
0,4,1.0_0.1,1.0,normal_52,2022-07-12 00:06:37.431,2022-07-12 00:06:38.431,0,False,True,True,0.030267,0.0766466469629733,0.0787612146338538,0.2287449999999999,0.1887208484848485,0.0097291,0.1678367665186425,0.1595209000811492,0.471263,0.0577474545454545,25.11351430000001,135.565890292465,131.03811716522063,357.13831,-438.3924589696969,-0.1161264152534494
0,4,1.0_0.1,1.0,normal_52,2022-07-12 00:06:37.531,2022-07-12 00:06:38.531,0,False,True,True,0.0248423999999999,0.0829126460374612,0.082487581025267,0.2287449999999999,0.0881890909090909,0.0156283,0.1687510373861446,0.1608523084009054,0.471263,0.0862011515151515,-8.082664700000004,138.36262660543125,131.51092831278785,357.13831,-450.98053145454526,-0.1557354772823483
0,4,1.0_0.1,1.0,normal_52,2022-07-12 00:06:37.631,2022-07-12 00:06:38.631,0,False,True,True,0.0239988,0.0839148721526762,0.0831473246292386,0.2287449999999999,-0.0199183030303029,0.0226889,0.169236634980235,0.1621472199598254,0.471263,0.0988804242424242,-39.849332700000005,126.6481948242917,126.58498348406836,338.52092,-397.6750663636364,-0.2033935197553183
0,4,1.0_0.1,1.0,normal_52,2022-07-12 00:06:37.731,2022-07-12 00:06:38.731,0,False,True,True,0.0175887,0.095036848882771,0.0918594837167072,0.292846,-0.189278606060606,0.0195622999999999,0.1681009726808067,0.1606699315239164,0.471263,0.1657148484848483,-64.98301699999999,105.7449696843137,119.52652948448336,303.38696,-292.2511713939394,-0.175002715186766
0,4,1.0_0.1,1.0,normal_52,2022-07-12 00:06:37.831,2022-07-12 00:06:38.831,0,False,True,True,0.006618,0.096600820455453,0.0918822321529032,0.292846,-0.2041802424242423,0.0107396999999999,0.1604193246581872,0.1525656085344924,0.471263,0.3217342424242423,-81.1802118,83.4502132236866,113.39211201077325,251.656319,-150.20433454545454,-0.2738849447003937
0,4,1.0_0.1,1.0,normal_52,2022-07-12 00:06:37.931,2022-07-12 00:06:38.931,0,True,True,True,0.0266053999999999,0.1120088043694185,0.1095409619265779,0.339894,-0.1164635151515151,0.0353434,0.1716110014345752,0.1665966931112379,0.471263,0.4041159999999999,-86.27489560000001,73.98539977468901,111.21966126827304,200.709481,9.330809333333272,-0.0393615527413103
0,4,1.0_0.1,1.0,normal_52,2022-07-12 00:06:38.031,2022-07-12 00:06:39.031,0,False,True,True,0.0437897,0.1292387773860203,0.1301919093043035,0.380948,0.0154758181818181,0.0568215,0.1452943209452608,0.1490908400650422,0.471263,0.1923172727272728,-79.86945779999999,85.87793151088167,114.09052326023794,260.81219,171.2256186666666,-0.0796298160909336
0,4,1.0_0.1,1.0,normal_52,2022-07-12 00:06:38.131,2022-07-12 00:06:39.131,0,False,True,True,0.0450613,0.1303686154742688,0.1316316795771443,0.380948,0.1412933939393939,0.0514083,0.1578992010619785,0.158372204743446,0.5253950000000001,-0.1927735151515149,-62.06359309999999,109.71028610319162,121.18003869302116,314.1605,314.01803315151494,-0.1247725620637865
0,4,1.0_0.1,1.0,normal_52,2022-07-12 00:06:38.231,2022-07-12 00:06:39.231,0,False,True,True,0.0574523,0.1358697818051861,0.141121595166367,0.380948,0.2057663636363635,0.0431466,0.1683262823785334,0.1654146084751888,0.5253950000000001,-0.4173528484848483,-34.49114899999999,131.89393590955012,129.79232895699755,355.35196,420.0460944242423,-0.2451892444135457
0,4,1.0_0.1,1.0,normal_52,2022-07-12 00:06:38.331,2022-07-12 00:06:39.331,0,True,True,True,0.0557674999999999,0.1348927626872134,0.1395939315984043,0.380948,0.2914113333333332,0.0261031,0.1610686675368614,0.155016695634696,0.5253950000000001,-0.3408441818181817,-1.7085069999999944,140.5052248960457,133.30590908488858,356.30635,459.0751950303031,-0.3251161978688012
0,4,1.0_0.1,1.0,normal_52,2022-07-12 00:06:38.431,2022-07-12 00:06:39.431,0,True,True,True,0.0520936,0.1353706910426987,0.1385873181607898,0.380948,0.2722343030303031,0.0180707,0.1512088504663151,0.1445830384654438,0.504676,-0.1317592121212121,31.445734000000005,133.1301215421377,130.15414139565698,345.86302,425.8735362424241,-0.3725951443680428
0,4,1.0_0.1,1.0,normal_52,2022-07-12 00:06:38.531,2022-07-12 00:06:39.531,0,False,True,True,0.0593516999999999,0.1291550855230081,0.1361453517300535,0.380948,0.148671696969697,0.0345284,0.1652656669084995,0.1605418232094054,0.520877,0.0156807272727272,59.29359900000001,114.65330407527742,123.88128593219004,316.83472,336.19963139393934,-0.398684398608907
0,4,1.0_0.1,1.0,normal_52,2022-07-12 00:06:38.631,2022-07-12 00:06:39.631,0,False,True,True,0.0615429,0.1269020514031283,0.1352081585027323,0.380948,0.0050628484848485,0.0356705,0.1655382842112697,0.1610435213099242,0.520877,0.0587510909090908,78.7461609,91.46181266033744,117.17377997697218,269.122273,202.16399448484847,-0.4081332590778164
0,4,1.0_0.1,1.0,normal_52,2022-07-12 00:06:38.731,2022-07-12 00:06:39.731,0,False,True,True,0.0750953,0.107426263610648,0.1265925194634343,0.285013,-0.1786172727272726,0.0218286,0.168970784641869,0.1617791742907596,0.520877,0.0135049696969696,87.6797538,76.10058476133422,113.57776334892289,214.891338,45.00656921212129,-0.3749029792014546
0,4,1.0_0.1,1.0,normal_52,2022-07-12 00:06:38.831,2022-07-12 00:06:39.831,0,True,True,True,0.0829382,0.0994351971764078,0.1256079918357108,0.277043,-0.2935824242424243,0.0004571999999999,0.1715157728761086,0.1627147914069277,0.520877,-0.0086112727272728,84.9214413,81.43018372856895,114.80173575486997,242.474463,-121.0190163030302,-0.2762864144873406
0,4,1.0_0.1,1.0,normal_52,2022-07-12 00:06:38.931,2022-07-12 00:06:39.931,0,True,True,True,0.0634662,0.0953583367593579,0.1105072381927989,0.277043,-0.2713366060606061,-0.0268349999999999,0.1546400900873451,0.1491385897110469,0.520877,0.1013922424242422,70.81277019999999,102.86468827415108,120.57146473259108,296.68358,-273.740156,-0.4904317368125609
0,4,1.0_0.1,1.0,normal_52,2022-07-12 00:06:39.031,2022-07-12 00:06:40.031,0,False,True,True,0.0511127,0.0777716538707316,0.0897557532000038,0.213476,-0.1368977575757575,-0.0120757,0.1620948652994768,0.1542501000041815,0.520877,0.1886538787878788,45.9250382,126.99509101807622,128.93442892451952,344.37148,-395.3029853333331,-0.5077821935794815
0,4,1.0_0.1,1.0,normal_52,2022-07-12 00:06:39.131,2022-07-12 00:06:40.131,0,False,True,True,0.0510321,0.0776528327170933,0.0896171937548816,0.213476,-0.0119188484848485,0.0277345,0.132206329572167,0.1284517991750212,0.409535,0.068133393939394,14.163686199999995,140.95192939468086,134.46676826207602,359.75937,-459.5267213333332,-0.1784086341715655
0,4,1.0_0.1,1.0,normal_52,2022-07-12 00:06:39.231,2022-07-12 00:06:40.231,0,False,True,True,0.0372662,0.0663000351814889,0.0731087878507091,0.200851,0.0528367272727272,0.0352072,0.1208253353847794,0.1199101014743962,0.344186,-0.1420682424242423,-19.738855799999996,138.16286812751628,132.55075535277984,359.75937,-447.0020246060605,0.1578479321984891
0,4,1.0_0.1,1.0,normal_52,2022-07-12 00:06:39.331,2022-07-12 00:06:40.331,0,False,True,True,0.0312625999999999,0.0605622284398452,0.0654091379013666,0.200851,0.1189707878787878,0.0186723,0.1347818873580159,0.1292215006533355,0.383048,-0.2597497575757575,-50.1549428,122.36869270365348,126.46029236828582,334.99543,-373.20947393939394,0.1114484724747266
0,4,1.0_0.1,1.0,normal_52,2022-07-12 00:06:39.431,2022-07-12 00:06:40.431,0,False,True,True,0.0301226999999999,0.0609094841530355,0.065163991506813,0.200851,0.0987863636363636,-0.0017432,0.1271829865777826,0.1206689670694168,0.383048,-0.2065643636363636,-72.8321885,99.32968159935407,119.0977529748806,292.375,-250.3539743636364,0.1590211427938573
0,4,1.0_0.1,1.0,normal_52,2022-07-12 00:06:39.531,2022-07-12 00:06:40.531,0,False,True,True,0.0274466999999999,0.0634013508461942,0.0661141399482743,0.200851,0.0356461212121212,-0.01175,0.1096289018178043,0.1046647457475534,0.28298,0.0200278787878787,-85.6958139,79.22594981689386,113.9861769335805,237.450269,-98.14319351515154,0.1805924402893453
0,4,1.0_0.1,1.0,normal_52,2022-07-12 00:06:39.631,2022-07-12 00:06:40.631,0,False,True,True,0.0350148,0.0577858419738106,0.0650485925935373,0.190463,-0.0134014545454545,0.0056443999999999,0.1358282519419285,0.1289815563342294,0.403109,0.2216858181818181,-86.8009318,77.08251151121348,113.4986519044917,226.39909,67.22174266666659,0.2385235361919463
0,4,1.0_0.1,1.0,normal_52,2022-07-12 00:06:39.731,2022-07-12 00:06:40.731,0,False,True,True,0.0239782999999999,0.0761252043603168,0.0760953410919486,0.279597,-0.1347760606060605,0.0204875999999999,0.1337927929459082,0.1285698333731517,0.403109,0.2015185454545454,-76.4036034,94.8014825575468,118.00889626677495,283.94631000000004,226.9974464242423,0.041701715427666
0,4,1.0_0.1,1.0,normal_52,2022-07-12 00:06:39.831,2022-07-12 00:06:40.831,0,False,True,True,0.0109276999999999,0.0866916076305351,0.0829656915688647,0.279597,-0.2066803030303029,0.0191001999999999,0.1354041252004121,0.1298678830550494,0.403109,0.0309841212121212,-54.6030231,119.659894344712,125.96877158561168,335.29071,360.3842849090908,0.2177716132952908
0,4,0.5_0.1,0.5,normal_178,2022-07-12 00:22:29.276,2022-07-12 00:22:29.776,0,False,True,True,-0.0249091999999999,0.1862359577691698,0.1684266422440345,0.442982,-0.829129,0.0928005999999999,0.1558395621987562,0.1674536553121489,0.352213,-0.9400970000000004,64.8861486,86.8313930853592,101.20259354510938,217.726496,547.981805,0.8756183328565131
0,4,0.5_0.1,0.5,normal_178,2022-07-12 00:22:29.376,2022-07-12 00:22:29.876,0,False,True,True,-0.031719,0.1829886726398658,0.1667152614867637,0.442982,-0.4769960000000001,0.0868674,0.1493198541932719,0.1593206837413146,0.322547,-0.2694470000000002,111.6071838,71.76173791440655,128.74766443925793,175.197743,445.674834,0.8691655730685592
0,4,0.5_0.1,0.5,normal_178,2022-07-12 00:22:29.476,2022-07-12 00:22:29.976,0,False,True,True,-0.0090759999999999,0.2005662174058732,0.1796213234212464,0.442982,0.1185039999999999,0.074213,0.1392688595900031,0.1449973157344645,0.322547,0.1889869999999999,141.8785024,44.67546517674773,147.39819264249425,111.158028,237.3026859999999,0.8756819752119415
0,4,0.5_0.1,0.5,normal_178,2022-07-12 00:22:29.576,2022-07-12 00:22:30.076,0,False,True,True,0.0200564,0.245228844380713,0.2202544166957838,0.588644,1.4853930000000002,0.040982,0.1313193535679337,0.1243999293456391,0.322547,0.318447,151.795572,28.117840689753724,153.86483045469058,62.66893,-5.769970000000043,0.4362037472624228
0,4,0.5_0.1,0.5,normal_178,2022-07-12 00:22:29.676,2022-07-12 00:22:30.176,0,True,True,True,0.1103012,0.2288401861446105,0.2325093962772257,0.588644,1.313209,0.0183934,0.154617454888832,0.1395118742207988,0.353882,-0.2713889999999999,141.2110496,46.274706951522994,147.15175612915098,115.591542,-260.99840400000005,0.048389149338945
0,4,0.5_0.1,0.5,normal_178,2022-07-12 00:22:29.776,2022-07-12 00:22:30.276,0,True,True,True,0.1762931999999999,0.1298224673879679,0.2110980596718027,0.326611,0.236898,-0.0076009999999999,0.1893432522734834,0.1695242429453675,0.452519,-1.1903800000000004,109.902967,69.92885197913317,126.45433020145532,172.419093,-436.5885780000002,-0.2625954423721127
0,4,0.5_0.1,0.5,normal_178,2022-07-12 00:22:29.876,2022-07-12 00:22:30.376,0,True,True,True,0.156786,0.1616493194897522,0.2132750613391073,0.424147,-0.7142000000000001,-0.0542494,0.1464777482155566,0.1418012058418404,0.3839789999999999,-0.5732039999999999,62.46629459999999,85.34768171935892,98.63781922239149,213.342212,-537.5308370000002,0.0687175184753202
0,4,0.5_0.1,0.5,normal_178,2022-07-12 00:22:29.976,2022-07-12 00:22:30.476,0,True,True,True,0.1109734,0.1918163772447493,0.204327955921357,0.425452,-1.1797060000000006,-0.0353575999999999,0.180117866771456,0.164936704896151,0.478438,0.589916,8.960676600000003,91.9352851439224,82.71620789618709,229.79656,-581.1849400000001,-0.4021138149589801
0,4,0.5_0.1,0.5,normal_178,2022-07-12 00:22:30.076,2022-07-12 00:22:30.576,0,True,True,True,0.046026,0.1371061334496017,0.1309842209565717,0.330107,-0.6255520000000001,0.0325464,0.2481319393111253,0.2243096868126742,0.5833200000000001,1.4478040000000003,-46.7111414,89.85988739814326,92.96112209658608,224.340228,-567.6306030000001,-0.5412907747574426
0,4,0.5_0.1,0.5,normal_178,2022-07-12 00:22:30.176,2022-07-12 00:22:30.676,0,False,True,True,-0.0196389999999999,0.0763517036777831,0.0710588238334972,0.166768,-0.230562,0.0676212,0.2284162651119661,0.2152018095267788,0.5833200000000001,0.9120650000000002,-97.635163,79.43775134264887,120.75143943132844,197.792557,-498.333522,-0.3530143681504939
0,4,0.5_0.1,0.5,normal_178,2022-07-12 00:22:30.276,2022-07-12 00:22:30.776,0,False,True,True,-0.0219982,0.0720623236212932,0.0681050922604176,0.154972,0.309116,0.0777051999999999,0.2117590222769741,0.2047232398131682,0.5329,-0.5421409999999999,-134.2323484,54.41359457653779,142.7830339248009,133.028288,-315.28572599999984,-0.2580852450634753
0,4,0.5_0.1,0.5,normal_178,2022-07-12 00:22:30.376,2022-07-12 00:22:30.876,0,False,True,True,0.0143936,0.0849993908378171,0.0773763069369429,0.1832639999999999,0.420785,0.0423487999999999,0.2451364810767667,0.2233090601502769,0.540825,-1.404786,-151.26752400000004,30.57908237207962,153.7202915690226,78.84241000000002,-77.45324999999977,-0.6130456473876498
0,4,0.5_0.1,0.5,normal_178,2022-07-12 00:22:30.476,2022-07-12 00:22:30.976,0,False,True,True,0.0446431999999999,0.0716525607721036,0.0781043332882369,0.1814819999999999,0.282548,-0.0140065999999999,0.2209573870326583,0.1981260163406108,0.540825,-1.0048340000000002,-147.273487,38.19738471824472,151.1843647094171,98.81259500000002,184.91784000000027,-0.4927626611582427
0,4,0.5_0.1,0.5,normal_178,2022-07-12 00:22:30.576,2022-07-12 00:22:31.076,0,False,True,True,0.1024404,0.1388591425610859,0.1609954183522003,0.387919,0.772114,-0.0313499999999999,0.1870291092691188,0.1701961593902753,0.454108,0.5914249999999999,-122.128716,64.1327950194397,134.92900203222814,156.003735,396.0134350000001,0.5059794679298856
0,4,0.5_0.1,0.5,normal_178,2022-07-12 00:22:30.676,2022-07-12 00:22:31.176,0,False,True,True,0.1160462,0.1194777547315817,0.1577550875090879,0.31989,0.0361149999999999,-0.0096606,0.2017236501784062,0.1806855611978998,0.454108,1.1181840000000005,-78.41733399999998,82.02314546470659,107.3848936545876,203.75028,515.6518850000002,0.4539778503161571
0,4,0.5_0.1,0.5,normal_178,2022-07-12 00:22:30.776,2022-07-12 00:22:31.276,0,False,True,True,0.0702698,0.1695228228165753,0.1671174280456709,0.463611,-0.5957849999999999,-0.0175601999999999,0.2112453248824693,0.1897578205286939,0.485681,0.1226510000000001,-25.737192400000005,91.84058576232114,86.08227243264218,230.354928,580.454171,0.6585273785393978
0,4,0.5_0.1,0.5,normal_178,2022-07-12 00:22:30.876,2022-07-12 00:22:31.376,0,False,True,True,0.048953,0.170055212317941,0.1597855325059187,0.463611,-0.612747,-0.0200123999999999,0.2139592845363341,0.1924145433827703,0.485681,-0.818535,30.301335599999994,91.87327630084036,87.5827041015763,229.232455,580.668513,0.7862776649666745
0,4,0.5_0.1,0.5,normal_178,2022-07-12 00:22:30.976,2022-07-12 00:22:31.476,0,False,True,True,0.0230176,0.1744459218075905,0.1577178291062871,0.463611,-0.7293910000000003,-0.0126758,0.2134425405143033,0.1913291676315976,0.485681,-0.8787420000000001,84.23737059999999,84.82166222378721,113.36536557311824,212.489035,534.46621,0.7730815496125644
0,4,0.5_0.1,0.5,normal_178,2022-07-12 00:22:31.076,2022-07-12 00:22:31.576,0,False,True,True,-0.0027883999999999,0.1219127682373753,0.1090777411848998,0.334581,0.4772009999999999,-0.0154231999999999,0.2092108701172097,0.1877584236150272,0.471944,0.4232379999999998,126.45813560000002,63.95162502959495,138.79304137660765,149.93586,387.38673200000005,0.7667602913197933
0,4,0.5_0.1,0.5,normal_178,2022-07-12 00:22:31.176,2022-07-12 00:22:31.676,0,False,True,True,0.0150658,0.1280823712877771,0.1155467584893665,0.334581,0.6499750000000001,0.013355,0.2429510293701181,0.2177120073918753,0.5154270000000001,1.4834860000000003,150.5494296,36.86347730427273,154.1176937280579,90.285432,160.6745939999999,0.8204993150766384
0,4,0.5_0.1,0.5,normal_178,2022-07-12 00:22:31.276,2022-07-12 00:22:31.776,0,False,True,True,-0.0041689999999999,0.1614934094491165,0.1445042476794367,0.430755,-0.356017,0.0386138,0.2160841939434719,0.1970911683668246,0.496115,0.5069690000000002,153.45313,31.30949464709946,155.98746959561302,75.76692999999999,-100.11780999999984,0.6841818175790598
0,4,0.5_0.1,0.5,normal_178,2022-07-12 00:22:31.376,2022-07-12 00:22:31.876,0,False,True,True,-0.0271865999999999,0.1682879633850858,0.1529567982006684,0.430755,-0.5507129999999999,0.0311478,0.2273110878052366,0.2056853177944405,0.533445,-0.82653,134.94004479999998,56.60866493949804,144.12650154503817,133.013146,-340.40801200000016,0.8342251138866407
0,4,0.5_0.1,0.5,normal_178,2022-07-12 00:22:31.476,2022-07-12 00:22:31.976,0,False,True,True,-0.0283059999999999,0.1685142531924228,0.1533586399887531,0.430755,-0.6868840000000002,0.0053918,0.2400823365456109,0.2148038504408149,0.533445,-1.2900490000000004,96.2517618,77.79933567458751,118.7711705538413,192.056205,-487.6461660000001,0.8136662195472604
0,4,0.5_0.1,0.5,normal_178,2022-07-12 00:22:31.576,2022-07-12 00:22:32.076,0,False,True,True,-0.0678903999999999,0.1222002245570768,0.128667876012624,0.329166,-0.006608,-0.0279777999999999,0.2089946702507028,0.1890126319783945,0.533445,-0.4533140000000003,45.12546580000001,90.70961991451712,92.83800827083644,227.5373,-572.7490850000002,0.7425130899666026
0,4,0.5_0.1,0.5,normal_178,2022-07-12 00:22:31.676,2022-07-12 00:22:32.176,0,False,True,True,-0.0765304,0.1095290091336537,0.1243148631403341,0.285966,0.6730890000000003,-0.0367061999999999,0.1930665726406308,0.1765420808062485,0.489803,1.014096,-10.9462982,93.65921033658095,84.48348707872358,234.07128,-592.1461039999999,0.6767308450143785
0,4,0.5_0.1,0.5,normal_52,2022-07-12 00:06:38.131,2022-07-12 00:06:38.631,0,False,True,True,0.0166338,0.0916386268431604,0.0836348829508357,0.218198,-0.4411540000000001,0.090317,0.128128877194019,0.1459135628576041,0.331436,0.205915,-146.6894782,30.9212894379156,149.2739224613293,79.62751899999999,-98.34837799999998,0.352785083450441
0,4,0.5_0.1,0.5,normal_52,2022-07-12 00:06:38.231,2022-07-12 00:06:38.731,0,False,True,True,-0.0220604,0.115682486106584,0.1057951384591938,0.28667,-0.6988050000000001,0.1217816,0.0815886388126435,0.1419722609709375,0.174113,-0.4144840000000003,-145.1781666,33.89676809422696,148.3101236164423,87.184077,156.87992400000013,0.8599979566429932
0,4,0.5_0.1,0.5,normal_52,2022-07-12 00:06:38.331,2022-07-12 00:06:38.831,0,False,True,True,-0.0602074,0.074926957747529,0.0900897897244743,0.207458,-0.291518,0.1051399999999999,0.0741354899794963,0.1243031628704595,0.174113,-0.2749980000000002,-122.5911502,58.635156944390005,133.3381243728648,141.415012,359.5707710000001,0.916741100151193
0,4,0.5_0.1,0.5,normal_52,2022-07-12 00:06:38.431,2022-07-12 00:06:38.931,0,False,True,True,-0.0337201999999999,0.1298023414723324,0.120896526705278,0.339894,0.5567860000000001,0.1009962,0.0651098581529709,0.1165833063410023,0.153394,0.3315839999999999,-82.44925399999998,76.84334558015588,107.339644554645,190.266151,482.4756840000003,0.9738170074647092
0,4,0.5_0.1,0.5,normal_52,2022-07-12 00:06:38.531,2022-07-12 00:06:39.031,0,False,True,True,0.028775,0.1695716542011075,0.1543749893985421,0.380948,0.937804,0.0836142,0.0853579277202768,0.1132259471207902,0.235286,-0.0189719999999999,-32.37548199999999,88.03914127088873,85.14037908833109,221.34056,556.206524,0.0758170943017113
0,4,0.5_0.1,0.5,normal_52,2022-07-12 00:06:38.631,2022-07-12 00:06:39.131,0,False,True,True,0.0734887999999999,0.1668022810281682,0.1663099650965028,0.380948,0.8961370000000001,0.0124996,0.1894614164039739,0.1699198123963183,0.504676,-0.823579,22.562292,90.6741598251674,84.18134964642267,226.976423,573.3500240000001,-0.226439555244566
0,4,0.5_0.1,0.5,normal_52,2022-07-12 00:06:38.731,2022-07-12 00:06:39.231,0,True,True,True,0.136965,0.1111226051372986,0.1692276511773415,0.285013,0.40856,-0.0354883999999999,0.2040478987095922,0.1859243461970486,0.504676,-1.0628020000000002,76.1958686,85.80788245646536,108.14899234407378,213.936948,541.3249149999999,-0.2250499767856814
0,4,0.5_0.1,0.5,normal_52,2022-07-12 00:06:38.831,2022-07-12 00:06:39.331,0,True,True,True,0.1717424,0.0412508985938488,0.175660926974669,0.111126,-0.2037110000000001,-0.0529337999999999,0.1930255435459255,0.1805798315189157,0.504676,-0.5610440000000001,119.1741362,66.70270462664405,133.27368600974316,155.59686900000003,405.733508,0.2423780195066646
0,4,0.5_0.1,0.5,normal_52,2022-07-12 00:06:38.931,2022-07-12 00:06:39.431,0,True,True,True,0.1379073999999999,0.0772857390292672,0.1542625014078275,0.210229,-0.4561980000000002,-0.0648547999999999,0.1732436781796092,0.1679786971803269,0.445071,0.6545400000000002,145.340722,39.2822523584528,149.52726089835198,95.49416,183.60628999999997,-0.5676127065506384
0,4,0.5_0.1,0.5,normal_52,2022-07-12 00:06:39.031,2022-07-12 00:06:39.531,0,True,True,True,0.0899283999999999,0.0802524074174725,0.1150629229752138,0.1763279999999999,-0.4756800000000002,-0.0145573999999999,0.219417755100402,0.1967923750997482,0.520877,1.375483000000001,150.96267999999998,28.603564120991116,153.1151914642088,67.38437,-74.28658999999999,-0.9366009607088877
0,4,0.5_0.1,0.5,normal_52,2022-07-12 00:06:39.131,2022-07-12 00:06:39.631,0,False,True,True,0.0495969999999999,0.0897470427925065,0.0943582946062507,0.213476,-0.5557210000000001,0.0588414,0.1562649133404552,0.1516485702768081,0.409535,0.7290030000000001,134.9300298,52.042973325675966,142.73363233621748,122.309101,-310.0937920000001,-0.8159250754818229
0,4,0.5_0.1,0.5,normal_52,2022-07-12 00:06:39.231,2022-07-12 00:06:39.731,0,False,True,True,0.0132256,0.0636240672803932,0.0584237455594897,0.165917,-0.33541,0.0791456,0.1199641298484676,0.1333309414937133,0.308014,-0.258707,99.163639,73.05977698028347,118.75862962180612,179.786344,-457.1178490000001,-0.1760055276739406
0,4,0.5_0.1,0.5,normal_52,2022-07-12 00:06:39.331,2022-07-12 00:06:39.831,0,False,True,True,-0.005866,0.0288002605109745,0.0264191968159518,0.070459,0.0017609999999999,0.0538482,0.1476630560201162,0.1426293487813781,0.344186,-0.8447740000000004,50.66874639999999,86.81647179748539,92.72001769865216,217.710523,-547.82302,-0.1595512383844838
0,4,0.5_0.1,0.5,normal_52,2022-07-12 00:06:39.431,2022-07-12 00:06:39.931,0,False,True,True,-0.0109749999999999,0.0251577378851915,0.02503557559554,0.070459,0.078701,0.0111847999999999,0.1420505870480654,0.1275452671626822,0.344186,-0.7685490000000003,-3.7151816,91.53381813188032,81.95458781399057,229.29921,-578.7637820000001,-0.4467444649327464
0,4,0.5_0.1,0.5,normal_52,2022-07-12 00:06:39.531,2022-07-12 00:06:40.031,0,False,True,True,0.012297,0.0583255734262424,0.0535977072401422,0.153508,0.316666,-0.009594,0.1046834691415029,0.09412198364463,0.240292,0.1188689999999999,-59.112603600000014,88.80886894542051,99.0147063171054,222.062379,-561.021994,0.3816621005554488
0,4,0.5_0.1,0.5,normal_52,2022-07-12 00:06:39.631,2022-07-12 00:06:40.131,0,False,True,True,0.0524672,0.0742141158756203,0.0846108448840927,0.169232,0.421513,-0.0033724,0.1117534533797502,0.1000122020335518,0.240292,0.61077,-106.6026574,74.3774761693807,125.65720724973644,179.973026,-461.843069,0.8962655016589651
0,4,0.5_0.1,0.5,normal_52,2022-07-12 00:06:39.731,2022-07-12 00:06:40.231,0,False,True,True,0.0613068,0.0663130073077673,0.0853021434478641,0.159582,0.170298,-0.0087312,0.1167448663655066,0.104784182544886,0.240292,0.1851040000000001,-138.64135059999998,47.62312047923185,145.03721377472633,117.284907,-258.086484,0.8821335438799729
0,4,0.5_0.1,0.5,normal_52,2022-07-12 00:06:39.831,2022-07-12 00:06:40.331,0,False,True,True,0.0683912,0.0630612841226691,0.0886495159693497,0.159582,0.0515329999999999,-0.0165036,0.1263966599412342,0.1142508701428571,0.279154,-0.4187639999999999,-150.978632,27.22274070319832,152.92942623872713,63.07579000000001,-10.562909999999778,0.75155894667175
0,4,0.5_0.1,0.5,normal_52,2022-07-12 00:06:39.931,2022-07-12 00:06:40.431,0,False,True,True,0.0712203999999999,0.0590927888646322,0.0886899742518848,0.145436,-0.291156,-0.0146712,0.12569287938344,0.1133763822478032,0.279154,-0.6124070000000001,-141.9491954,43.3362000650566,147.146169041434,108.222973,241.2686660000002,0.7669465335817165
0,4,0.5_0.1,0.5,normal_52,2022-07-12 00:06:40.031,2022-07-12 00:06:40.531,0,False,True,True,0.0425963999999999,0.0711950796038602,0.0766123017589212,0.190463,-0.4013280000000002,-0.013906,0.1267728942025857,0.1142386545771614,0.28298,0.1002609999999999,-112.2790242,66.85063314490948,127.20764519793772,163.738746,415.9209050000002,0.0637741177963165
0,4,0.5_0.1,0.5,normal_52,2022-07-12 00:06:40.131,2022-07-12 00:06:40.631,0,False,True,True,0.0175624,0.0352704875044278,0.0361060067689574,0.095493,-0.095765,0.0146611999999999,0.1697612014262976,0.1525452168807662,0.403109,0.992718,-66.9992062,82.80444283853844,99.87068756382295,206.61953,521.3793060000003,-0.472241124020487
0,4,0.5_0.1,0.5,normal_52,2022-07-12 00:06:40.231,2022-07-12 00:06:40.731,0,False,True,True,-0.0133501999999999,0.071818506972089,0.0656090404974802,0.1846269999999999,-0.348988,0.0497064,0.1565644954748681,0.1485956903668474,0.403109,0.7469540000000002,-14.165856200000002,90.93771450002303,82.56152746085334,228.34781,574.871737,-0.2798621433758331
0,4,0.5_0.1,0.5,normal_52,2022-07-12 00:06:40.331,2022-07-12 00:06:40.831,0,False,True,True,-0.0465358,0.0683949430857282,0.0768627040468912,0.1544269999999999,-0.3200579999999999,0.0547039999999999,0.148683998609467,0.1437987231167231,0.378121,-0.215712,41.7725858,90.85637357562882,91.37206038975889,227.067737,574.343038,0.4794828882815986
1,0,1.0_0.1,1.0,normal_178,2022-07-12 00:22:29.076,2022-07-12 00:22:30.076,0,False,True,True,0.0341822,0.180829441343555,0.174922214048988,0.588644,0.214216,0.0532333,0.159726805247133,0.1606087522892199,0.464962,0.1281370303030304,54.0548273,120.077169579892,126.0896440764235,332.15968,362.8851476969696,0.4709191365739559
1,0,1.0_0.1,1.0,normal_178,2022-07-12 00:22:29.176,2022-07-12 00:22:30.176,0,False,True,True,0.0713312,0.184859551360726,0.1893248225928127,0.588644,0.2358551515151515,0.0613746999999999,0.1453292888940682,0.1509151940312836,0.383548,-0.1661199393939392,75.7116411,96.98024271416443,119.15075881950408,289.24826,236.61728684848487,0.1393157646113171
1,0,1.0_0.1,1.0,normal_178,2022-07-12 00:22:29.276,2022-07-12 00:22:30.276,0,False,True,True,0.075692,0.1847992407494023,0.1909580118963328,0.588644,0.2330665454545454,0.0425998,0.1718360163119348,0.1684921298215438,0.482185,-0.4103632727272726,87.3945578,78.02081310935291,114.52655274423331,233.605176,81.70950993939401,0.0886294608960434
1,0,1.0_0.1,1.0,normal_178,2022-07-12 00:22:29.376,2022-07-12 00:22:30.376,0,False,True,True,0.0625335,0.1906995207086268,0.1914160784806229,0.588644,0.1412262424242424,0.0163089999999999,0.1580413013599785,0.150815553319278,0.452519,-0.3159528484848485,87.03673920000001,78.72100008671734,114.68517881468588,237.183362,-85.58995369696959,0.1290383911092927
1,0,1.0_0.1,1.0,normal_178,2022-07-12 00:22:29.476,2022-07-12 00:22:30.476,0,False,True,True,0.0509487,0.1955365742077425,0.1923716889235523,0.588644,0.0532624848484847,0.0194277,0.1624011958385433,0.1552873758426614,0.478438,-0.0716035757575758,75.4195895,97.72969889303543,119.51610402577364,291.36924,-243.0733426060605,0.0328352778347341
1,0,1.0_0.1,1.0,normal_178,2022-07-12 00:22:29.576,2022-07-12 00:22:30.576,0,False,True,True,0.0330412,0.1878022488605146,0.181202751377566,0.588644,0.1435710303030303,0.0367642,0.1872119494285673,0.1813700333836877,0.5833200000000001,0.2013098181818181,52.5422153,122.0081679757638,127.11442929956272,339.93177000000003,-370.2708473333333,-0.0569435727945493
1,0,1.0_0.1,1.0,normal_178,2022-07-12 00:22:29.676,2022-07-12 00:22:30.676,0,False,True,True,0.0453311,0.1748017266431694,0.1719156418156882,0.588644,-0.0656491515151513,0.0430073,0.1857060493324807,0.1813496372648702,0.5833200000000001,0.1522452727272727,21.7879433,140.01015937372958,134.60042618177496,370.21165,-453.9284343636363,-0.1155868973258598
1,0,1.0_0.1,1.0,normal_178,2022-07-12 00:22:29.776,2022-07-12 00:22:30.776,0,False,True,True,0.0771475,0.1439467896992573,0.1568449782253164,0.425452,-0.234258,0.0350520999999999,0.1946403727062068,0.1879495595443096,0.5833200000000001,-0.0807507272727272,-12.164690699999998,141.58180400158187,134.8660305700986,370.21165,-461.03827230303017,-0.3325717264541989
1,0,1.0_0.1,1.0,normal_178,2022-07-12 00:22:29.876,2022-07-12 00:22:30.876,0,False,True,True,0.0855898,0.1430270311210048,0.1604265325069391,0.425452,-0.2513115151515151,-0.0059502999999999,0.1970669742093056,0.187048814916588,0.5833200000000001,-0.0933954545454545,-44.400614700000006,127.83782749496592,129.1498111129368,346.3705,-398.3826447878788,-0.3113200188579902
1,0,1.0_0.1,1.0,normal_178,2022-07-12 00:22:29.976,2022-07-12 00:22:30.976,0,False,True,True,0.0778083,0.1409135616681769,0.1546774069626847,0.425452,-0.2092467272727271,-0.0246820999999999,0.1903791871972295,0.182288281264869,0.5833200000000001,-0.0179430909090909,-69.15640520000001,105.76038541318589,121.8578745533404,308.63897000000003,-284.75080545454546,-0.3740755345701253
1,0,1.0_0.1,1.0,normal_178,2022-07-12 00:22:30.076,2022-07-12 00:22:31.076,0,False,True,True,0.0742332,0.133448398070232,0.1467589705435412,0.389701,0.1032414545454544,0.0005982,0.2098688116455399,0.1990999350441883,0.5833200000000001,0.1503665454545454,-84.4199287,83.64660146992506,115.86113630305334,254.620108,-135.07113339393948,-0.1194512179709096
1,0,1.0_0.1,1.0,normal_178,2022-07-12 00:22:30.176,2022-07-12 00:22:31.176,0,False,True,True,0.0482036,0.1185300008288572,0.1223438271421979,0.389701,0.1820143030303029,0.0289803,0.2072027660594273,0.198694603410611,0.5833200000000001,0.1289971515151516,-88.0262485,76.79404150777934,114.26378584211376,218.55691,31.217118242424228,-0.032008405807673
1,0,0.5_0.1,0.5,normal_178,2022-07-12 00:22:29.276,2022-07-12 00:22:29.776,0,False,True,True,-0.0249091999999999,0.1862359577691698,0.1684266422440345,0.442982,-0.829129,0.0928005999999999,0.1558395621987562,0.1674536553121489,0.352213,-0.9400970000000004,64.8861486,86.8313930853592,101.20259354510938,217.726496,547.981805,0.8756183328565131
1,0,0.5_0.1,0.5,normal_178,2022-07-12 00:22:29.376,2022-07-12 00:22:29.876,0,False,True,True,-0.031719,0.1829886726398658,0.1667152614867637,0.442982,-0.4769960000000001,0.0868674,0.1493198541932719,0.1593206837413146,0.322547,-0.2694470000000002,111.6071838,71.76173791440655,128.74766443925793,175.197743,445.674834,0.8691655730685592
1,0,0.5_0.1,0.5,normal_178,2022-07-12 00:22:29.476,2022-07-12 00:22:29.976,0,False,True,True,-0.0090759999999999,0.2005662174058732,0.1796213234212464,0.442982,0.1185039999999999,0.074213,0.1392688595900031,0.1449973157344645,0.322547,0.1889869999999999,141.8785024,44.67546517674773,147.39819264249425,111.158028,237.3026859999999,0.8756819752119415
1,0,0.5_0.1,0.5,normal_178,2022-07-12 00:22:29.576,2022-07-12 00:22:30.076,0,False,True,True,0.0200564,0.245228844380713,0.2202544166957838,0.588644,1.4853930000000002,0.040982,0.1313193535679337,0.1243999293456391,0.322547,0.318447,151.795572,28.117840689753724,153.86483045469058,62.66893,-5.769970000000043,0.4362037472624228
1,0,0.5_0.1,0.5,normal_178,2022-07-12 00:22:29.676,2022-07-12 00:22:30.176,0,True,True,True,0.1103012,0.2288401861446105,0.2325093962772257,0.588644,1.313209,0.0183934,0.154617454888832,0.1395118742207988,0.353882,-0.2713889999999999,141.2110496,46.274706951522994,147.15175612915098,115.591542,-260.99840400000005,0.048389149338945
1,0,0.5_0.1,0.5,normal_178,2022-07-12 00:22:29.776,2022-07-12 00:22:30.276,0,True,True,True,0.1762931999999999,0.1298224673879679,0.2110980596718027,0.326611,0.236898,-0.0076009999999999,0.1893432522734834,0.1695242429453675,0.452519,-1.1903800000000004,109.902967,69.92885197913317,126.45433020145532,172.419093,-436.5885780000002,-0.2625954423721127
1,0,0.5_0.1,0.5,normal_178,2022-07-12 00:22:29.876,2022-07-12 00:22:30.376,0,True,True,True,0.156786,0.1616493194897522,0.2132750613391073,0.424147,-0.7142000000000001,-0.0542494,0.1464777482155566,0.1418012058418404,0.3839789999999999,-0.5732039999999999,62.46629459999999,85.34768171935892,98.63781922239149,213.342212,-537.5308370000002,0.0687175184753202
1,0,0.5_0.1,0.5,normal_178,2022-07-12 00:22:29.976,2022-07-12 00:22:30.476,0,True,True,True,0.1109734,0.1918163772447493,0.204327955921357,0.425452,-1.1797060000000006,-0.0353575999999999,0.180117866771456,0.164936704896151,0.478438,0.589916,8.960676600000003,91.9352851439224,82.71620789618709,229.79656,-581.1849400000001,-0.4021138149589801
1,0,0.5_0.1,0.5,normal_178,2022-07-12 00:22:30.076,2022-07-12 00:22:30.576,0,True,True,True,0.046026,0.1371061334496017,0.1309842209565717,0.330107,-0.6255520000000001,0.0325464,0.2481319393111253,0.2243096868126742,0.5833200000000001,1.4478040000000003,-46.7111414,89.85988739814326,92.96112209658608,224.340228,-567.6306030000001,-0.5412907747574426
1,0,0.5_0.1,0.5,normal_178,2022-07-12 00:22:30.176,2022-07-12 00:22:30.676,0,False,True,True,-0.0196389999999999,0.0763517036777831,0.0710588238334972,0.166768,-0.230562,0.0676212,0.2284162651119661,0.2152018095267788,0.5833200000000001,0.9120650000000002,-97.635163,79.43775134264887,120.75143943132844,197.792557,-498.333522,-0.3530143681504939
1,0,0.5_0.1,0.5,normal_178,2022-07-12 00:22:30.276,2022-07-12 00:22:30.776,0,False,True,True,-0.0219982,0.0720623236212932,0.0681050922604176,0.154972,0.309116,0.0777051999999999,0.2117590222769741,0.2047232398131682,0.5329,-0.5421409999999999,-134.2323484,54.41359457653779,142.7830339248009,133.028288,-315.28572599999984,-0.2580852450634753
1,0,0.5_0.1,0.5,normal_178,2022-07-12 00:22:30.376,2022-07-12 00:22:30.876,0,False,True,True,0.0143936,0.0849993908378171,0.0773763069369429,0.1832639999999999,0.420785,0.0423487999999999,0.2451364810767667,0.2233090601502769,0.540825,-1.404786,-151.26752400000004,30.57908237207962,153.7202915690226,78.84241000000002,-77.45324999999977,-0.6130456473876498
1,0,0.5_0.1,0.5,normal_178,2022-07-12 00:22:30.476,2022-07-12 00:22:30.976,0,False,True,True,0.0446431999999999,0.0716525607721036,0.0781043332882369,0.1814819999999999,0.282548,-0.0140065999999999,0.2209573870326583,0.1981260163406108,0.540825,-1.0048340000000002,-147.273487,38.19738471824472,151.1843647094171,98.81259500000002,184.91784000000027,-0.4927626611582427
1,0,0.5_0.1,0.5,normal_178,2022-07-12 00:22:30.576,2022-07-12 00:22:31.076,0,False,True,True,0.1024404,0.1388591425610859,0.1609954183522003,0.387919,0.772114,-0.0313499999999999,0.1870291092691188,0.1701961593902753,0.454108,0.5914249999999999,-122.128716,64.1327950194397,134.92900203222814,156.003735,396.0134350000001,0.5059794679298856
1,0,0.5_0.1,0.5,normal_178,2022-07-12 00:22:30.676,2022-07-12 00:22:31.176,0,False,True,True,0.1160462,0.1194777547315817,0.1577550875090879,0.31989,0.0361149999999999,-0.0096606,0.2017236501784062,0.1806855611978998,0.454108,1.1181840000000005,-78.41733399999998,82.02314546470659,107.3848936545876,203.75028,515.6518850000002,0.4539778503161571
1,1,1.0_0.1,1.0,normal_569,2022-07-12 01:12:43.312,2022-07-12 01:12:44.312,0,False,True,True,0.0608128,0.1122449507627551,0.1226263948683153,0.294049,-0.0687772121212121,0.0324706999999999,0.1685818198891037,0.1631937295238392,0.537044,-0.0094622424242424,-81.02662380000001,85.14189533592558,114.40953575502814,259.329354,161.01673624242417,-0.4442339915585181
1,1,1.0_0.1,1.0,normal_569,2022-07-12 01:12:43.412,2022-07-12 01:12:44.412,0,False,True,True,0.0575237,0.108277307782738,0.1177308536633451,0.294049,0.0763224848484847,0.0165965999999999,0.1714574132917883,0.1635032943001455,0.537044,-0.043061212121212,-64.0940154,108.4556810629988,121.22051843417624,311.79420000000005,306.4110484848484,-0.5610617158692935
1,1,1.0_0.1,1.0,normal_569,2022-07-12 01:12:43.512,2022-07-12 01:12:44.512,0,False,True,True,0.0772238999999999,0.1327140934100653,0.1476998925588641,0.388622,0.2393772727272726,0.0303067999999999,0.1691499147132835,0.1633065412315134,0.537044,-0.0743299393939393,-37.0087909,131.1753757100871,129.83039658452168,355.06945,416.051728060606,-0.3978660536960702
1,1,1.0_0.1,1.0,normal_569,2022-07-12 01:12:43.612,2022-07-12 01:12:44.612,0,True,True,True,0.0699317,0.1297152146811964,0.1415410749312721,0.388622,0.2982441818181818,0.0396347,0.1625228686616474,0.1591955526963615,0.537044,-0.2028599393939392,-4.425788900000003,140.9768289170602,133.8155718507619,358.77924,460.7066976363636,-0.3590329122703519
1,1,1.0_0.1,1.0,normal_569,2022-07-12 01:12:43.712,2022-07-12 01:12:44.712,0,True,True,True,0.0752427,0.1268492511229591,0.1419264709724722,0.388622,0.2227263636363637,0.0482541,0.1572993395489772,0.1568350476363622,0.537044,-0.308579212121212,29.068354099999983,134.3282104514217,130.70818842312937,349.64089,430.8985308484848,-0.4350347660173551
1,1,1.0_0.1,1.0,normal_569,2022-07-12 01:12:43.812,2022-07-12 01:12:44.812,0,True,True,True,0.0895501,0.1150854464758444,0.1412069913336446,0.388622,0.1142228484848484,0.0461867,0.1564346944092006,0.1554279367111974,0.537044,-0.237008787878788,57.46906509999999,116.2251558027369,124.33885796765811,321.01039000000003,343.7858343636363,-0.418594129354029
1,1,1.0_0.1,1.0,normal_569,2022-07-12 01:12:43.912,2022-07-12 01:12:44.912,0,False,True,True,0.0769593,0.1245657235652908,0.1410237263551775,0.388622,0.0157977575757576,0.0216523,0.120957026862206,0.1167748440714009,0.439372,-0.0182166666666667,77.7047729,92.92253526767158,117.5124229005388,273.489986,212.41528890909092,-0.5208524737787801
1,1,1.0_0.1,1.0,normal_569,2022-07-12 01:12:44.012,2022-07-12 01:12:45.012,0,False,True,True,0.0814427,0.1186248657829003,0.1389157524800553,0.361295,-0.1599731515151514,0.0147097,0.108410483512179,0.1038938155806205,0.369946,0.2078790909090908,87.656306,76.2742779413622,113.66449273847216,220.227984,58.02160412121218,-0.4509981259913972
1,1,1.0_0.1,1.0,normal_569,2022-07-12 01:12:44.112,2022-07-12 01:12:45.112,0,True,True,True,0.0871773,0.1127644316056461,0.1380004237931898,0.361295,-0.2889549696969697,0.0179034,0.1110810068565579,0.1068907049625925,0.369946,0.3079893333333332,85.8342752,79.8289188526247,114.46795820564977,238.448292,-108.09398206060594,-0.4511634453495753
1,1,1.0_0.1,1.0,normal_569,2022-07-12 01:12:44.212,2022-07-12 01:12:45.212,0,True,True,True,0.0705301,0.1053470172688023,0.1223220734319853,0.361295,-0.2359461212121211,0.0142532999999999,0.1142109785918148,0.1092835277098062,0.369946,0.2026137575757577,72.67321050000001,100.48739542362313,119.87218401071428,292.95603,-262.4774721818181,-0.3507880429820743
1,1,1.0_0.1,1.0,normal_569,2022-07-12 01:12:44.312,2022-07-12 01:12:45.312,0,False,True,True,0.0694504,0.1049074750701779,0.1213605312826208,0.361295,-0.1892585454545454,0.0162106,0.1102305450400306,0.1058228675958084,0.350373,-0.046349212121212,48.3559551,125.0493183306012,128.10892711706882,342.62244,-386.7352610303029,-0.3364261988076077
1,1,1.0_0.1,1.0,normal_569,2022-07-12 01:12:44.412,2022-07-12 01:12:45.412,0,False,True,True,0.0720708,0.1077760355044973,0.1250931918962818,0.361295,-0.0622629090909092,0.0086799999999999,0.1198778484634347,0.114056876587955,0.350373,-0.2071423030303029,16.890886100000003,140.30516520298312,134.17260330490691,361.63573,-456.91191024242414,-0.3988652593992425
1,1,1.0_0.1,1.0,normal_569,2022-07-12 01:12:44.512,2022-07-12 01:12:45.512,0,False,True,True,0.0611274,0.0852098219276001,0.1013469358609326,0.251861,0.1548024242424242,0.0042215999999999,0.1183196087592134,0.112327195023289,0.350373,-0.1617323636363636,-17.022849900000004,138.7317593662388,132.70881044559445,361.63573,-449.8505988484847,-0.64431384189663
1,1,1.0_0.1,1.0,normal_569,2022-07-12 01:12:44.612,2022-07-12 01:12:45.612,0,False,True,True,0.0558299999999999,0.0851603280250454,0.098204084550491,0.251861,0.1556706666666666,0.0199321999999999,0.1243686724405395,0.1196582743189955,0.350373,-0.1107637575757575,-47.8422699,123.76237590832176,126.78444664315067,337.79792,-380.3069262424242,-0.6355196505999707
1,1,1.0_0.1,1.0,normal_569,2022-07-12 01:12:44.712,2022-07-12 01:12:45.712,0,False,True,True,0.0460083,0.0929054095208311,0.0994235247579766,0.252338,0.0790795757575757,0.0272788999999999,0.1252158292482313,0.1218820819074731,0.350373,-0.0950656363636363,-71.01729750000001,101.14960202568864,119.37995784537362,296.00195,-260.6040102424243,-0.6350859101285294
1,1,1.0_0.1,1.0,normal_569,2022-07-12 01:12:44.812,2022-07-12 01:12:45.812,0,False,True,True,0.0309107,0.1014551174154802,0.101090544262557,0.2775189999999999,0.0190438181818182,0.0165602999999999,0.1232586848633123,0.1181002819255737,0.350373,-0.0703184848484848,-84.56415960000001,80.71284778299106,114.07981638471604,242.982418,-110.9546671515152,-0.5710183180034138
1,1,1.0_0.1,1.0,normal_569,2022-07-12 01:12:44.912,2022-07-12 01:12:45.912,0,False,True,True,0.0233743999999999,0.1113493754951304,0.1081904693408804,0.3272239999999999,-0.1333489696969696,-0.002528,0.1250874207602205,0.1186952708965273,0.350373,-0.0832962424242424,-86.4649162,77.06128927898982,113.2288823943748,223.974852,54.37322727272719,-0.3147918635233984
1,1,1.0_0.1,1.0,normal_569,2022-07-12 01:12:45.012,2022-07-12 01:12:46.012,0,False,True,True,0.0196720999999999,0.1143899966415575,0.1102885112643198,0.3272239999999999,-0.2344735151515151,-0.0209532,0.1094427970553059,0.1059197329811588,0.3130549999999999,0.0253238787878786,-76.99173429999999,93.60910279527435,117.53350528272529,282.392894,216.98856030303023,-0.2432440295152253
1,1,1.0_0.1,1.0,normal_569,2022-07-12 01:12:45.112,2022-07-12 01:12:46.112,0,False,True,True,0.0266611,0.1156291008531156,0.1128888582673241,0.3272239999999999,-0.2122293939393938,-0.0199655,0.1108403779909048,0.1070310779358033,0.3130549999999999,0.1953406666666666,-55.998785100000006,118.27890085017414,125.40642918275272,333.11693,352.8064799393938,-0.151044668782728
1,1,0.5_0.1,0.5,normal_569,2022-07-12 01:12:43.812,2022-07-12 01:12:44.312,0,False,True,True,0.0491472,0.1202580322710296,0.1182583727623545,0.294049,0.3918449999999999,0.0813783999999999,0.2164881087376394,0.2100383892682478,0.537044,-1.366117,-36.0666558,87.9164447078877,86.51152906206048,221.560504,555.2656109999999,-0.5475509941849701
1,1,0.5_0.1,0.5,normal_569,2022-07-12 01:12:43.912,2022-07-12 01:12:44.412,0,False,True,True,0.0686315999999999,0.1308923182287639,0.1357075373573627,0.294049,0.6659930000000002,-0.0025518,0.16861977977598,0.1508397022955163,0.439372,-0.9268360000000002,18.7384142,90.75715613055448,83.3103671691311,226.504946,573.7879900000001,-0.8095553086376319
1,1,0.5_0.1,0.5,normal_569,2022-07-12 01:12:44.012,2022-07-12 01:12:44.512,0,False,True,True,0.146356,0.1298416702122242,0.1868345958188686,0.351168,0.6589440000000001,-0.0371952,0.1160878179814746,0.1102931914943075,0.2828779999999999,-0.063396,72.6944534,86.74605170458864,106.32208399101717,216.518194,547.396731,-0.068273127729336
1,1,0.5_0.1,0.5,normal_569,2022-07-12 01:12:44.112,2022-07-12 01:12:44.612,0,False,True,True,0.173647,0.0844584742995041,0.1893670185481094,0.214713,-0.0537910000000001,-0.0586663999999999,0.0966096104085923,0.1044436687770015,0.266155,0.322513,116.7400502,68.44478177967518,131.81801789964982,161.345383,418.4308620000001,0.6654447013106692
1,1,0.5_0.1,0.5,normal_569,2022-07-12 01:12:44.212,2022-07-12 01:12:44.712,0,False,True,True,0.1398506,0.1006266327609147,0.1663092471782612,0.263555,-0.2308800000000001,-0.0481806,0.10021001540415,0.1017595595813975,0.266155,0.4576730000000001,144.2415648,40.69979627094791,148.76426906065157,99.449886,198.2091919999998,0.3791712728582015
1,1,0.5_0.1,0.5,normal_569,2022-07-12 01:12:44.312,2022-07-12 01:12:44.812,0,False,True,True,0.129953,0.1061013893971233,0.1609154625093561,0.263555,-0.4595789999999999,0.010995,0.0714026612704316,0.064804028070792,0.178485,0.290587,151.00478600000002,28.142786505634614,153.08840106535564,65.63378,-57.4255000000002,0.1126692479787478
1,1,0.5_0.1,0.5,normal_569,2022-07-12 01:12:44.412,2022-07-12 01:12:44.912,0,False,True,True,0.0852869999999999,0.1326884260476399,0.1461466629608764,0.361295,-0.7438540000000002,0.0458564,0.054969346073971,0.0672317828649516,0.120356,0.1714459999999999,136.67113160000002,49.98404221886965,143.79750273928514,118.653312,-295.520824,-0.040252669328863
1,1,0.5_0.1,0.5,normal_569,2022-07-12 01:12:44.512,2022-07-12 01:12:45.012,0,False,True,True,0.0165293999999999,0.0653336180216586,0.0607289583263207,0.146582,-0.35589,0.0666146,0.0789442588843546,0.0970734862967226,0.194424,0.480776,102.6181586,70.74922084677614,120.5605585371745,173.974655,-442.76481200000006,-0.697485988263561
1,1,0.5_0.1,0.5,normal_569,2022-07-12 01:12:44.612,2022-07-12 01:12:45.112,0,False,True,True,0.0007075999999999,0.0527715065475678,0.0472055740395136,0.125318,-0.168345,0.0944732,0.0614164081186778,0.1092829614679251,0.170174,0.304154,54.92850020000001,85.24007958647559,93.96721273161376,214.610482,-537.5618390000002,-0.4913948263350757
1,1,0.5_0.1,0.5,normal_569,2022-07-12 01:12:44.712,2022-07-12 01:12:45.212,0,False,True,True,0.0012096,0.0532112590087849,0.0476089655464178,0.125318,0.0173369999999999,0.0766872,0.0977870405994577,0.1163218418492417,0.259104,-0.3469570000000002,1.1048562000000004,90.8752753958996,81.28882610695737,227.32225,-574.4394800000001,-0.4804534776173914
1,1,0.5_0.1,0.5,normal_569,2022-07-12 01:12:44.812,2022-07-12 01:12:45.312,0,False,True,True,0.0089478,0.0659820800195022,0.0596906276713522,0.164009,0.4107610000000001,0.0214262,0.1489056518057659,0.1348977262899564,0.350373,-0.8033580000000001,-54.2928758,89.72192813626644,96.89032910164828,223.969128,-566.9196310000001,-0.897513029556735
1,1,0.5_0.1,0.5,normal_569,2022-07-12 01:12:44.912,2022-07-12 01:12:45.412,0,False,True,True,0.0588546,0.0899576447685242,0.0996883454722767,0.2320269999999999,0.5605899999999999,-0.0284964,0.160801837496653,0.146621381683573,0.350373,-0.95096,-102.88935940000002,76.97916019477897,123.80166865263618,187.661075,-479.496298,-0.8661874509486116
1,1,0.5_0.1,0.5,normal_569,2022-07-12 01:12:45.012,2022-07-12 01:12:45.512,0,False,True,True,0.1057254,0.0842358017134044,0.1298244831971227,0.184388,0.51806,-0.0581714,0.1246375944681218,0.1257439292443178,0.295242,-0.255243,-136.6638584,50.14227597794483,143.834656689457,123.187438,-277.477416,-0.3868945914461351
1,1,0.5_0.1,0.5,normal_569,2022-07-12 01:12:45.112,2022-07-12 01:12:45.612,0,False,True,True,0.1109523999999999,0.0770493604665217,0.1306128562753299,0.1582529999999999,0.0745679999999999,-0.0546088,0.1309165694314512,0.1292030942307497,0.3130549999999999,0.6455700000000001,-150.61304,28.16174121547441,152.70479610238664,68.6797,-30.701049999999835,-0.3251544067871509
1,1,0.5_0.1,0.5,normal_569,2022-07-12 01:12:45.212,2022-07-12 01:12:45.712,0,False,True,True,0.090807,0.107572938634677,0.1323006460687173,0.252338,-0.4848980000000002,-0.0221294,0.140044647097988,0.1271995003488614,0.3130549999999999,0.797873,-143.1394512,41.9281070798878,147.97052213356284,106.047644,227.51023800000013,-0.5701737764418802
1,1,0.5_0.1,0.5,normal_569,2022-07-12 01:12:45.312,2022-07-12 01:12:45.812,0,False,True,True,0.0528736,0.1326650277477074,0.1299062171214295,0.2775189999999999,-0.8027220000000002,0.0116943999999999,0.1093229026338946,0.0984782037996225,0.290541,0.3448780000000001,-114.8354434,65.70287359051297,128.9987330919003,160.53332899999998,408.32572200000016,-0.4813564707126584
1,1,0.5_0.1,0.5,normal_569,2022-07-12 01:12:45.412,2022-07-12 01:12:45.912,0,False,True,True,-0.0121058,0.1290641250297695,0.1160714826708093,0.3272239999999999,-0.7737140000000001,0.0234404,0.087534655618789,0.0817270157267473,0.231811,-0.385444,-70.04047299999999,82.22711381683558,101.561343312213,205.186272,517.4643430000002,0.4397297400003087
1,1,0.5_0.1,0.5,normal_569,2022-07-12 01:12:45.512,2022-07-12 01:12:46.012,0,False,True,True,-0.0663812,0.0619097254371233,0.0864448668019102,0.1689709999999999,-0.301134,0.0162649999999999,0.0891760457101569,0.0814029724752112,0.231811,-0.4662900000000001,-17.3196102,91.10346018150824,83.3057096669542,228.951364,575.8299360000001,0.9449848240828108
1,1,0.5_0.1,0.5,normal_569,2022-07-12 01:12:45.612,2022-07-12 01:12:46.112,0,False,True,True,-0.0576301999999999,0.0798970467645707,0.0918045228591707,0.212726,0.2818220000000001,0.0146778,0.0866200461538782,0.0788534319443358,0.223875,0.0999079999999999,38.6154698,91.12927424949235,90.19307184072436,227.069286,575.998137,0.8994073732940295
1,3,1.0_0.1,1.0,normal_460,2022-07-12 00:58:19.887,2022-07-12 00:58:20.887,0,False,True,True,0.0335282,0.0871743874666049,0.0892388740538561,0.239032,-0.0637727272727272,-0.0018701999999999,0.2232495682911341,0.2118013938008907,0.5777,-0.1943064242424243,-31.694665500000006,194.63704468683483,187.3493343173104,507.93022,629.0267428484847,0.3060723643033364
1,3,1.0_0.1,1.0,normal_460,2022-07-12 00:58:19.987,2022-07-12 00:58:20.987,0,False,True,True,0.0350416,0.0882890474133431,0.0907930285561617,0.239032,0.0067183030303029,-0.0183199999999999,0.2045216227101672,0.1948892176093895,0.5777,0.0713373333333333,15.691903499999986,198.45195468406064,188.9208731760081,507.93022,646.288241030303,0.2914247096974613
1,3,1.0_0.1,1.0,normal_460,2022-07-12 00:58:20.087,2022-07-12 00:58:21.087,0,False,True,True,0.0415516,0.0989458269954939,0.1026537114497084,0.304132,0.1739006060606059,0.0089846,0.2322117208345292,0.2204785204975759,0.607037,0.3129187878787879,60.8844125,181.2631214546868,182.42148712533023,484.14403,567.5118010303031,0.473892782433048
1,3,1.0_0.1,1.0,normal_460,2022-07-12 00:58:20.187,2022-07-12 00:58:21.187,0,False,True,True,0.0361622999999999,0.1003067679305727,0.101798894221401,0.304132,0.1464552121212121,0.0468943,0.210465958069259,0.2050985200529248,0.584455,0.1744121818181819,96.4593055,150.348693498901,172.18784594356876,432.55442,410.328584060606,0.5029968707531177
1,3,1.0_0.1,1.0,normal_460,2022-07-12 00:58:20.287,2022-07-12 00:58:21.287,0,False,True,True,0.0549133,0.0911408476407685,0.1024278244165129,0.304132,0.0954093939393939,0.0497326,0.2070439453096317,0.2026173913147635,0.584455,-0.1001550303030302,118.761745,118.37008447140074,163.44626420764385,355.7971,200.16194436363648,0.3055968704047093
1,3,1.0_0.1,1.0,normal_460,2022-07-12 00:58:20.387,2022-07-12 00:58:21.387,0,False,True,True,0.0705547,0.079958292523943,0.1035951802986027,0.304132,0.0286869696969697,0.035021,0.2170371927036162,0.20885664738284,0.584455,-0.2572832727272727,124.67769760000002,107.13778705796372,160.857648723792,296.637574,-33.379617212121104,0.254326311343861
1,3,1.0_0.1,1.0,normal_460,2022-07-12 00:58:20.487,2022-07-12 00:58:21.487,0,False,True,True,0.0572077999999999,0.0918218081912522,0.1042154134204725,0.304132,-0.0545975757575757,-0.0035505999999999,0.206052689700798,0.1955109884379903,0.584455,-0.1915623030303031,113.7969757,127.0280854220121,165.7476175269201,383.05967,-266.868256181818,0.3464142249371275
1,3,1.0_0.1,1.0,normal_460,2022-07-12 00:58:20.587,2022-07-12 00:58:21.587,0,False,True,True,0.0700426999999999,0.0996927243584561,0.1176892313863082,0.304132,0.0094633333333333,-0.0148392,0.1899249893082354,0.1807886978325802,0.584455,0.1170133333333333,86.9508501,161.17418850268328,175.89729238581617,454.07849,-466.8155348484847,0.5028905666231704
1,3,1.0_0.1,1.0,normal_460,2022-07-12 00:58:20.687,2022-07-12 00:58:21.687,0,False,True,True,0.0928639,0.1298807792002171,0.1542913446966484,0.427576,0.1751078181818181,0.0239049,0.2175134062935738,0.2077313601016948,0.584455,0.2752626060606061,46.87864309999999,190.79592403244283,186.9769593921976,505.79232,-608.7316095151513,0.6624666380924166
1,3,1.0_0.1,1.0,normal_460,2022-07-12 00:58:20.787,2022-07-12 00:58:21.787,0,False,True,True,0.0907068,0.1298991734442953,0.1530167941815538,0.427576,0.1738995151515152,0.0380851,0.2014642960650569,0.1948834297011934,0.495173,0.0166092727272728,-0.1328219000000046,201.82245444654023,191.4656377750336,508.38954,-658.9617375151513,0.7340820031741563
1,3,1.0_0.1,1.0,normal_52,2022-07-12 00:06:37.331,2022-07-12 00:06:38.331,0,False,True,True,0.0135538999999999,0.0877181058954066,0.0843132711789787,0.252519,0.2481110909090909,-0.0149449,0.1480521055975827,0.141247419129342,0.424499,-0.0804124242424242,54.54052130000001,117.20111811352972,123.8432894509474,328.65838,-352.34889193939387,-0.1745798759164782
1,3,1.0_0.1,1.0,normal_52,2022-07-12 00:06:37.431,2022-07-12 00:06:38.431,0,False,True,True,0.030267,0.0766466469629733,0.0787612146338538,0.2287449999999999,0.1887208484848485,0.0097291,0.1678367665186425,0.1595209000811492,0.471263,0.0577474545454545,25.11351430000001,135.565890292465,131.03811716522063,357.13831,-438.3924589696969,-0.1161264152534494
1,3,1.0_0.1,1.0,normal_52,2022-07-12 00:06:37.531,2022-07-12 00:06:38.531,0,False,True,True,0.0248423999999999,0.0829126460374612,0.082487581025267,0.2287449999999999,0.0881890909090909,0.0156283,0.1687510373861446,0.1608523084009054,0.471263,0.0862011515151515,-8.082664700000004,138.36262660543125,131.51092831278785,357.13831,-450.98053145454526,-0.1557354772823483
1,3,1.0_0.1,1.0,normal_52,2022-07-12 00:06:37.631,2022-07-12 00:06:38.631,0,False,True,True,0.0239988,0.0839148721526762,0.0831473246292386,0.2287449999999999,-0.0199183030303029,0.0226889,0.169236634980235,0.1621472199598254,0.471263,0.0988804242424242,-39.849332700000005,126.6481948242917,126.58498348406836,338.52092,-397.6750663636364,-0.2033935197553183
1,3,1.0_0.1,1.0,normal_52,2022-07-12 00:06:37.731,2022-07-12 00:06:38.731,0,False,True,True,0.0175887,0.095036848882771,0.0918594837167072,0.292846,-0.189278606060606,0.0195622999999999,0.1681009726808067,0.1606699315239164,0.471263,0.1657148484848483,-64.98301699999999,105.7449696843137,119.52652948448336,303.38696,-292.2511713939394,-0.175002715186766
1,3,1.0_0.1,1.0,normal_52,2022-07-12 00:06:37.831,2022-07-12 00:06:38.831,0,False,True,True,0.006618,0.096600820455453,0.0918822321529032,0.292846,-0.2041802424242423,0.0107396999999999,0.1604193246581872,0.1525656085344924,0.471263,0.3217342424242423,-81.1802118,83.4502132236866,113.39211201077325,251.656319,-150.20433454545454,-0.2738849447003937
1,3,1.0_0.1,1.0,normal_52,2022-07-12 00:06:37.931,2022-07-12 00:06:38.931,0,False,True,True,0.0266053999999999,0.1120088043694185,0.1095409619265779,0.339894,-0.1164635151515151,0.0353434,0.1716110014345752,0.1665966931112379,0.471263,0.4041159999999999,-86.27489560000001,73.98539977468901,111.21966126827304,200.709481,9.330809333333272,-0.0393615527413103
1,3,1.0_0.1,1.0,normal_52,2022-07-12 00:06:38.031,2022-07-12 00:06:39.031,0,False,True,True,0.0437897,0.1292387773860203,0.1301919093043035,0.380948,0.0154758181818181,0.0568215,0.1452943209452608,0.1490908400650422,0.471263,0.1923172727272728,-79.86945779999999,85.87793151088167,114.09052326023794,260.81219,171.2256186666666,-0.0796298160909336
1,3,1.0_0.1,1.0,normal_52,2022-07-12 00:06:38.131,2022-07-12 00:06:39.131,0,False,True,True,0.0450613,0.1303686154742688,0.1316316795771443,0.380948,0.1412933939393939,0.0514083,0.1578992010619785,0.158372204743446,0.5253950000000001,-0.1927735151515149,-62.06359309999999,109.71028610319162,121.18003869302116,314.1605,314.01803315151494,-0.1247725620637865
1,3,1.0_0.1,1.0,normal_52,2022-07-12 00:06:38.231,2022-07-12 00:06:39.231,0,False,True,True,0.0574523,0.1358697818051861,0.141121595166367,0.380948,0.2057663636363635,0.0431466,0.1683262823785334,0.1654146084751888,0.5253950000000001,-0.4173528484848483,-34.49114899999999,131.89393590955012,129.79232895699755,355.35196,420.0460944242423,-0.2451892444135457
1,3,0.5_0.1,0.5,normal_460,2022-07-12 00:58:20.887,2022-07-12 00:58:21.387,0,False,True,True,0.0962244,0.0778276164115283,0.1187638221698847,0.219504,-0.1398160000000002,0.0472734,0.210944002711146,0.1945062265620306,0.495173,-1.0704210000000005,114.7330902,115.01992492690154,154.10174720292235,284.544504,-722.6139030000003,0.4296582984374263
1,3,0.5_0.1,0.5,normal_460,2022-07-12 00:58:20.987,2022-07-12 00:58:21.487,0,False,True,True,0.0619104,0.1077956423762111,0.1145810544566596,0.280335,-0.4640430000000001,-0.0026695999999999,0.2168822209755793,0.1940037241508523,0.495173,-1.172158,40.53977020000001,130.11347685207605,123.23589758953106,327.05454,-822.3515540000001,0.5122034858440386
1,3,0.5_0.1,0.5,normal_460,2022-07-12 00:58:21.087,2022-07-12 00:58:21.587,0,False,True,True,0.056286,0.0985548016816025,0.1045875372288687,0.252213,0.214021,-0.0311141999999999,0.165360970366952,0.1511406426418784,0.35295,0.2125439999999999,-39.0749018,130.50218922879947,123.0914500096865,325.68339000000003,-824.896425,0.3194392880460719
1,3,0.5_0.1,0.5,normal_460,2022-07-12 00:58:21.187,2022-07-12 00:58:21.687,0,False,True,True,0.1248756,0.1474580297688125,0.181628775005504,0.403779,0.5648269999999999,0.0140036,0.2295092347309798,0.2057563896320112,0.492822,1.335393,-114.5543458,119.1761273965758,156.4770194458658,296.262295,-749.9655060000002,0.839665410639828
1,3,0.5_0.1,0.5,normal_460,2022-07-12 00:58:21.287,2022-07-12 00:58:21.787,0,False,True,True,0.1214402,0.1484612544393317,0.17994531789352,0.403779,0.391995,0.0245076,0.2203439197953962,0.1985995388977527,0.489621,0.5503500000000002,-174.3262488,90.07950154965155,192.0445112473315,211.751966,-546.236582,0.875418456897865
1,3,0.5_0.1,0.5,normal_52,2022-07-12 00:06:38.331,2022-07-12 00:06:38.831,0,False,True,True,-0.0602074,0.074926957747529,0.0900897897244743,0.207458,-0.291518,0.1051399999999999,0.0741354899794963,0.1243031628704595,0.174113,-0.2749980000000002,-122.5911502,58.635156944390005,133.3381243728648,141.415012,359.5707710000001,0.916741100151193
1,3,0.5_0.1,0.5,normal_52,2022-07-12 00:06:38.431,2022-07-12 00:06:38.931,0,False,True,True,-0.0337201999999999,0.1298023414723324,0.120896526705278,0.339894,0.5567860000000001,0.1009962,0.0651098581529709,0.1165833063410023,0.153394,0.3315839999999999,-82.44925399999998,76.84334558015588,107.339644554645,190.266151,482.4756840000003,0.9738170074647092
1,3,0.5_0.1,0.5,normal_52,2022-07-12 00:06:38.531,2022-07-12 00:06:39.031,0,False,True,True,0.028775,0.1695716542011075,0.1543749893985421,0.380948,0.937804,0.0836142,0.0853579277202768,0.1132259471207902,0.235286,-0.0189719999999999,-32.37548199999999,88.03914127088873,85.14037908833109,221.34056,556.206524,0.0758170943017113
1,3,0.5_0.1,0.5,normal_52,2022-07-12 00:06:38.631,2022-07-12 00:06:39.131,0,False,True,True,0.0734887999999999,0.1668022810281682,0.1663099650965028,0.380948,0.8961370000000001,0.0124996,0.1894614164039739,0.1699198123963183,0.504676,-0.823579,22.562292,90.6741598251674,84.18134964642267,226.976423,573.3500240000001,-0.226439555244566
1,3,0.5_0.1,0.5,normal_52,2022-07-12 00:06:38.731,2022-07-12 00:06:39.231,0,False,True,True,0.136965,0.1111226051372986,0.1692276511773415,0.285013,0.40856,-0.0354883999999999,0.2040478987095922,0.1859243461970486,0.504676,-1.0628020000000002,76.1958686,85.80788245646536,108.14899234407378,213.936948,541.3249149999999,-0.2250499767856814
2,2,1.0_0.1,1.0,normal_52,2022-07-12 00:06:37.131,2022-07-12 00:06:38.131,0,False,True,True,-0.0104185,0.0758309680235514,0.0726900769190678,0.252519,0.1763141212121211,-0.0263061,0.131367748904829,0.1273724766356531,0.424499,-0.1769076969696969,85.5951292,75.79050403011959,111.786880239992,221.036457,-62.72769757575748,-0.4954940382989717
2,2,1.0_0.1,1.0,normal_52,2022-07-12 00:06:37.231,2022-07-12 00:06:38.231,0,False,True,True,-0.0024791999999999,0.0768988475290032,0.0729947663110171,0.252519,0.1875193939393938,-0.0295191,0.132792568573404,0.1293903277154053,0.424499,-0.2408039393939393,75.6622286,92.76611280104376,116.05933548195524,277.510791,-219.855718060606,-0.5321405491892119
2,2,1.0_0.1,1.0,normal_52,2022-07-12 00:06:37.331,2022-07-12 00:06:38.331,0,False,True,True,0.0135538999999999,0.0877181058954066,0.0843132711789787,0.252519,0.2481110909090909,-0.0149449,0.1480521055975827,0.141247419129342,0.424499,-0.0804124242424242,54.54052130000001,117.20111811352972,123.8432894509474,328.65838,-352.34889193939387,-0.1745798759164782
2,2,1.0_0.1,1.0,normal_52,2022-07-12 00:06:37.431,2022-07-12 00:06:38.431,0,False,True,True,0.030267,0.0766466469629733,0.0787612146338538,0.2287449999999999,0.1887208484848485,0.0097291,0.1678367665186425,0.1595209000811492,0.471263,0.0577474545454545,25.11351430000001,135.565890292465,131.03811716522063,357.13831,-438.3924589696969,-0.1161264152534494
2,2,1.0_0.1,1.0,normal_52,2022-07-12 00:06:37.531,2022-07-12 00:06:38.531,0,False,True,True,0.0248423999999999,0.0829126460374612,0.082487581025267,0.2287449999999999,0.0881890909090909,0.0156283,0.1687510373861446,0.1608523084009054,0.471263,0.0862011515151515,-8.082664700000004,138.36262660543125,131.51092831278785,357.13831,-450.98053145454526,-0.1557354772823483
2,2,1.0_0.1,1.0,normal_52,2022-07-12 00:06:37.631,2022-07-12 00:06:38.631,0,False,True,True,0.0239988,0.0839148721526762,0.0831473246292386,0.2287449999999999,-0.0199183030303029,0.0226889,0.169236634980235,0.1621472199598254,0.471263,0.0988804242424242,-39.849332700000005,126.6481948242917,126.58498348406836,338.52092,-397.6750663636364,-0.2033935197553183
2,2,1.0_0.1,1.0,normal_52,2022-07-12 00:06:37.731,2022-07-12 00:06:38.731,0,False,True,True,0.0175887,0.095036848882771,0.0918594837167072,0.292846,-0.189278606060606,0.0195622999999999,0.1681009726808067,0.1606699315239164,0.471263,0.1657148484848483,-64.98301699999999,105.7449696843137,119.52652948448336,303.38696,-292.2511713939394,-0.175002715186766
2,2,1.0_0.1,1.0,normal_52,2022-07-12 00:06:37.831,2022-07-12 00:06:38.831,0,False,True,True,0.006618,0.096600820455453,0.0918822321529032,0.292846,-0.2041802424242423,0.0107396999999999,0.1604193246581872,0.1525656085344924,0.471263,0.3217342424242423,-81.1802118,83.4502132236866,113.39211201077325,251.656319,-150.20433454545454,-0.2738849447003937
2,2,1.0_0.1,1.0,normal_52,2022-07-12 00:06:37.931,2022-07-12 00:06:38.931,0,True,True,True,0.0266053999999999,0.1120088043694185,0.1095409619265779,0.339894,-0.1164635151515151,0.0353434,0.1716110014345752,0.1665966931112379,0.471263,0.4041159999999999,-86.27489560000001,73.98539977468901,111.21966126827304,200.709481,9.330809333333272,-0.0393615527413103
2,2,1.0_0.1,1.0,normal_52,2022-07-12 00:06:38.031,2022-07-12 00:06:39.031,0,False,True,True,0.0437897,0.1292387773860203,0.1301919093043035,0.380948,0.0154758181818181,0.0568215,0.1452943209452608,0.1490908400650422,0.471263,0.1923172727272728,-79.86945779999999,85.87793151088167,114.09052326023794,260.81219,171.2256186666666,-0.0796298160909336
2,2,1.0_0.1,1.0,normal_52,2022-07-12 00:06:38.131,2022-07-12 00:06:39.131,0,False,True,True,0.0450613,0.1303686154742688,0.1316316795771443,0.380948,0.1412933939393939,0.0514083,0.1578992010619785,0.158372204743446,0.5253950000000001,-0.1927735151515149,-62.06359309999999,109.71028610319162,121.18003869302116,314.1605,314.01803315151494,-0.1247725620637865
2,2,1.0_0.1,1.0,normal_52,2022-07-12 00:06:38.231,2022-07-12 00:06:39.231,0,False,True,True,0.0574523,0.1358697818051861,0.141121595166367,0.380948,0.2057663636363635,0.0431466,0.1683262823785334,0.1654146084751888,0.5253950000000001,-0.4173528484848483,-34.49114899999999,131.89393590955012,129.79232895699755,355.35196,420.0460944242423,-0.2451892444135457
2,2,1.0_0.1,1.0,normal_52,2022-07-12 00:06:38.331,2022-07-12 00:06:39.331,0,True,True,True,0.0557674999999999,0.1348927626872134,0.1395939315984043,0.380948,0.2914113333333332,0.0261031,0.1610686675368614,0.155016695634696,0.5253950000000001,-0.3408441818181817,-1.7085069999999944,140.5052248960457,133.30590908488858,356.30635,459.0751950303031,-0.3251161978688012
2,2,1.0_0.1,1.0,normal_52,2022-07-12 00:06:38.431,2022-07-12 00:06:39.431,0,True,True,True,0.0520936,0.1353706910426987,0.1385873181607898,0.380948,0.2722343030303031,0.0180707,0.1512088504663151,0.1445830384654438,0.504676,-0.1317592121212121,31.445734000000005,133.1301215421377,130.15414139565698,345.86302,425.8735362424241,-0.3725951443680428
2,2,1.0_0.1,1.0,normal_52,2022-07-12 00:06:38.531,2022-07-12 00:06:39.531,0,False,True,True,0.0593516999999999,0.1291550855230081,0.1361453517300535,0.380948,0.148671696969697,0.0345284,0.1652656669084995,0.1605418232094054,0.520877,0.0156807272727272,59.29359900000001,114.65330407527742,123.88128593219004,316.83472,336.19963139393934,-0.398684398608907
2,2,1.0_0.1,1.0,normal_52,2022-07-12 00:06:38.631,2022-07-12 00:06:39.631,0,False,True,True,0.0615429,0.1269020514031283,0.1352081585027323,0.380948,0.0050628484848485,0.0356705,0.1655382842112697,0.1610435213099242,0.520877,0.0587510909090908,78.7461609,91.46181266033744,117.17377997697218,269.122273,202.16399448484847,-0.4081332590778164
2,2,1.0_0.1,1.0,normal_52,2022-07-12 00:06:38.731,2022-07-12 00:06:39.731,0,False,True,True,0.0750953,0.107426263610648,0.1265925194634343,0.285013,-0.1786172727272726,0.0218286,0.168970784641869,0.1617791742907596,0.520877,0.0135049696969696,87.6797538,76.10058476133422,113.57776334892289,214.891338,45.00656921212129,-0.3749029792014546
2,2,1.0_0.1,1.0,normal_52,2022-07-12 00:06:38.831,2022-07-12 00:06:39.831,0,True,True,True,0.0829382,0.0994351971764078,0.1256079918357108,0.277043,-0.2935824242424243,0.0004571999999999,0.1715157728761086,0.1627147914069277,0.520877,-0.0086112727272728,84.9214413,81.43018372856895,114.80173575486997,242.474463,-121.0190163030302,-0.2762864144873406
2,2,1.0_0.1,1.0,normal_52,2022-07-12 00:06:38.931,2022-07-12 00:06:39.931,0,True,True,True,0.0634662,0.0953583367593579,0.1105072381927989,0.277043,-0.2713366060606061,-0.0268349999999999,0.1546400900873451,0.1491385897110469,0.520877,0.1013922424242422,70.81277019999999,102.86468827415108,120.57146473259108,296.68358,-273.740156,-0.4904317368125609
2,2,1.0_0.1,1.0,normal_52,2022-07-12 00:06:39.031,2022-07-12 00:06:40.031,0,False,True,True,0.0511127,0.0777716538707316,0.0897557532000038,0.213476,-0.1368977575757575,-0.0120757,0.1620948652994768,0.1542501000041815,0.520877,0.1886538787878788,45.9250382,126.99509101807622,128.93442892451952,344.37148,-395.3029853333331,-0.5077821935794815
2,2,1.0_0.1,1.0,normal_52,2022-07-12 00:06:39.131,2022-07-12 00:06:40.131,0,False,True,True,0.0510321,0.0776528327170933,0.0896171937548816,0.213476,-0.0119188484848485,0.0277345,0.132206329572167,0.1284517991750212,0.409535,0.068133393939394,14.163686199999995,140.95192939468086,134.46676826207602,359.75937,-459.5267213333332,-0.1784086341715655
2,2,1.0_0.1,1.0,normal_52,2022-07-12 00:06:39.231,2022-07-12 00:06:40.231,0,False,True,True,0.0372662,0.0663000351814889,0.0731087878507091,0.200851,0.0528367272727272,0.0352072,0.1208253353847794,0.1199101014743962,0.344186,-0.1420682424242423,-19.738855799999996,138.16286812751628,132.55075535277984,359.75937,-447.0020246060605,0.1578479321984891
2,2,1.0_0.1,1.0,normal_52,2022-07-12 00:06:39.331,2022-07-12 00:06:40.331,0,False,True,True,0.0312625999999999,0.0605622284398452,0.0654091379013666,0.200851,0.1189707878787878,0.0186723,0.1347818873580159,0.1292215006533355,0.383048,-0.2597497575757575,-50.1549428,122.36869270365348,126.46029236828582,334.99543,-373.20947393939394,0.1114484724747266
2,2,1.0_0.1,1.0,normal_52,2022-07-12 00:06:39.431,2022-07-12 00:06:40.431,0,False,True,True,0.0301226999999999,0.0609094841530355,0.065163991506813,0.200851,0.0987863636363636,-0.0017432,0.1271829865777826,0.1206689670694168,0.383048,-0.2065643636363636,-72.8321885,99.32968159935407,119.0977529748806,292.375,-250.3539743636364,0.1590211427938573
2,2,1.0_0.1,1.0,normal_52,2022-07-12 00:06:39.531,2022-07-12 00:06:40.531,0,False,True,True,0.0274466999999999,0.0634013508461942,0.0661141399482743,0.200851,0.0356461212121212,-0.01175,0.1096289018178043,0.1046647457475534,0.28298,0.0200278787878787,-85.6958139,79.22594981689386,113.9861769335805,237.450269,-98.14319351515154,0.1805924402893453
2,2,1.0_0.1,1.0,normal_52,2022-07-12 00:06:39.631,2022-07-12 00:06:40.631,0,False,True,True,0.0350148,0.0577858419738106,0.0650485925935373,0.190463,-0.0134014545454545,0.0056443999999999,0.1358282519419285,0.1289815563342294,0.403109,0.2216858181818181,-86.8009318,77.08251151121348,113.4986519044917,226.39909,67.22174266666659,0.2385235361919463
2,2,1.0_0.1,1.0,normal_52,2022-07-12 00:06:39.731,2022-07-12 00:06:40.731,0,False,True,True,0.0239782999999999,0.0761252043603168,0.0760953410919486,0.279597,-0.1347760606060605,0.0204875999999999,0.1337927929459082,0.1285698333731517,0.403109,0.2015185454545454,-76.4036034,94.8014825575468,118.00889626677495,283.94631000000004,226.9974464242423,0.041701715427666
2,2,1.0_0.1,1.0,normal_52,2022-07-12 00:06:39.831,2022-07-12 00:06:40.831,0,False,True,True,0.0109276999999999,0.0866916076305351,0.0829656915688647,0.279597,-0.2066803030303029,0.0191001999999999,0.1354041252004121,0.1298678830550494,0.403109,0.0309841212121212,-54.6030231,119.659894344712,125.96877158561168,335.29071,360.3842849090908,0.2177716132952908
2,2,0.5_0.1,0.5,normal_52,2022-07-12 00:06:38.131,2022-07-12 00:06:38.631,0,False,True,True,0.0166338,0.0916386268431604,0.0836348829508357,0.218198,-0.4411540000000001,0.090317,0.128128877194019,0.1459135628576041,0.331436,0.205915,-146.6894782,30.9212894379156,149.2739224613293,79.62751899999999,-98.34837799999998,0.352785083450441
2,2,0.5_0.1,0.5,normal_52,2022-07-12 00:06:38.231,2022-07-12 00:06:38.731,0,False,True,True,-0.0220604,0.115682486106584,0.1057951384591938,0.28667,-0.6988050000000001,0.1217816,0.0815886388126435,0.1419722609709375,0.174113,-0.4144840000000003,-145.1781666,33.89676809422696,148.3101236164423,87.184077,156.87992400000013,0.8599979566429932
2,2,0.5_0.1,0.5,normal_52,2022-07-12 00:06:38.331,2022-07-12 00:06:38.831,0,False,True,True,-0.0602074,0.074926957747529,0.0900897897244743,0.207458,-0.291518,0.1051399999999999,0.0741354899794963,0.1243031628704595,0.174113,-0.2749980000000002,-122.5911502,58.635156944390005,133.3381243728648,141.415012,359.5707710000001,0.916741100151193
2,2,0.5_0.1,0.5,normal_52,2022-07-12 00:06:38.431,2022-07-12 00:06:38.931,0,False,True,True,-0.0337201999999999,0.1298023414723324,0.120896526705278,0.339894,0.5567860000000001,0.1009962,0.0651098581529709,0.1165833063410023,0.153394,0.3315839999999999,-82.44925399999998,76.84334558015588,107.339644554645,190.266151,482.4756840000003,0.9738170074647092
2,2,0.5_0.1,0.5,normal_52,2022-07-12 00:06:38.531,2022-07-12 00:06:39.031,0,False,True,True,0.028775,0.1695716542011075,0.1543749893985421,0.380948,0.937804,0.0836142,0.0853579277202768,0.1132259471207902,0.235286,-0.0189719999999999,-32.37548199999999,88.03914127088873,85.14037908833109,221.34056,556.206524,0.0758170943017113
2,2,0.5_0.1,0.5,normal_52,2022-07-12 00:06:38.631,2022-07-12 00:06:39.131,0,False,True,True,0.0734887999999999,0.1668022810281682,0.1663099650965028,0.380948,0.8961370000000001,0.0124996,0.1894614164039739,0.1699198123963183,0.504676,-0.823579,22.562292,90.6741598251674,84.18134964642267,226.976423,573.3500240000001,-0.226439555244566
2,2,0.5_0.1,0.5,normal_52,2022-07-12 00:06:38.731,2022-07-12 00:06:39.231,0,True,True,True,0.136965,0.1111226051372986,0.1692276511773415,0.285013,0.40856,-0.0354883999999999,0.2040478987095922,0.1859243461970486,0.504676,-1.0628020000000002,76.1958686,85.80788245646536,108.14899234407378,213.936948,541.3249149999999,-0.2250499767856814
2,2,0.5_0.1,0.5,normal_52,2022-07-12 00:06:38.831,2022-07-12 00:06:39.331,0,True,True,True,0.1717424,0.0412508985938488,0.175660926974669,0.111126,-0.2037110000000001,-0.0529337999999999,0.1930255435459255,0.1805798315189157,0.504676,-0.5610440000000001,119.1741362,66.70270462664405,133.27368600974316,155.59686900000003,405.733508,0.2423780195066646
2,2,0.5_0.1,0.5,normal_52,2022-07-12 00:06:38.931,2022-07-12 00:06:39.431,0,True,True,True,0.1379073999999999,0.0772857390292672,0.1542625014078275,0.210229,-0.4561980000000002,-0.0648547999999999,0.1732436781796092,0.1679786971803269,0.445071,0.6545400000000002,145.340722,39.2822523584528,149.52726089835198,95.49416,183.60628999999997,-0.5676127065506384
2,2,0.5_0.1,0.5,normal_52,2022-07-12 00:06:39.031,2022-07-12 00:06:39.531,0,True,True,True,0.0899283999999999,0.0802524074174725,0.1150629229752138,0.1763279999999999,-0.4756800000000002,-0.0145573999999999,0.219417755100402,0.1967923750997482,0.520877,1.375483000000001,150.96267999999998,28.603564120991116,153.1151914642088,67.38437,-74.28658999999999,-0.9366009607088877
2,2,0.5_0.1,0.5,normal_52,2022-07-12 00:06:39.131,2022-07-12 00:06:39.631,0,False,True,True,0.0495969999999999,0.0897470427925065,0.0943582946062507,0.213476,-0.5557210000000001,0.0588414,0.1562649133404552,0.1516485702768081,0.409535,0.7290030000000001,134.9300298,52.042973325675966,142.73363233621748,122.309101,-310.0937920000001,-0.8159250754818229
2,2,0.5_0.1,0.5,normal_52,2022-07-12 00:06:39.231,2022-07-12 00:06:39.731,0,False,True,True,0.0132256,0.0636240672803932,0.0584237455594897,0.165917,-0.33541,0.0791456,0.1199641298484676,0.1333309414937133,0.308014,-0.258707,99.163639,73.05977698028347,118.75862962180612,179.786344,-457.1178490000001,-0.1760055276739406
2,2,0.5_0.1,0.5,normal_52,2022-07-12 00:06:39.331,2022-07-12 00:06:39.831,0,False,True,True,-0.005866,0.0288002605109745,0.0264191968159518,0.070459,0.0017609999999999,0.0538482,0.1476630560201162,0.1426293487813781,0.344186,-0.8447740000000004,50.66874639999999,86.81647179748539,92.72001769865216,217.710523,-547.82302,-0.1595512383844838
2,2,0.5_0.1,0.5,normal_52,2022-07-12 00:06:39.431,2022-07-12 00:06:39.931,0,False,True,True,-0.0109749999999999,0.0251577378851915,0.02503557559554,0.070459,0.078701,0.0111847999999999,0.1420505870480654,0.1275452671626822,0.344186,-0.7685490000000003,-3.7151816,91.53381813188032,81.95458781399057,229.29921,-578.7637820000001,-0.4467444649327464
2,2,0.5_0.1,0.5,normal_52,2022-07-12 00:06:39.531,2022-07-12 00:06:40.031,0,False,True,True,0.012297,0.0583255734262424,0.0535977072401422,0.153508,0.316666,-0.009594,0.1046834691415029,0.09412198364463,0.240292,0.1188689999999999,-59.112603600000014,88.80886894542051,99.0147063171054,222.062379,-561.021994,0.3816621005554488
2,2,0.5_0.1,0.5,normal_52,2022-07-12 00:06:39.631,2022-07-12 00:06:40.131,0,False,True,True,0.0524672,0.0742141158756203,0.0846108448840927,0.169232,0.421513,-0.0033724,0.1117534533797502,0.1000122020335518,0.240292,0.61077,-106.6026574,74.3774761693807,125.65720724973644,179.973026,-461.843069,0.8962655016589651
2,2,0.5_0.1,0.5,normal_52,2022-07-12 00:06:39.731,2022-07-12 00:06:40.231,0,False,True,True,0.0613068,0.0663130073077673,0.0853021434478641,0.159582,0.170298,-0.0087312,0.1167448663655066,0.104784182544886,0.240292,0.1851040000000001,-138.64135059999998,47.62312047923185,145.03721377472633,117.284907,-258.086484,0.8821335438799729
2,2,0.5_0.1,0.5,normal_52,2022-07-12 00:06:39.831,2022-07-12 00:06:40.331,0,False,True,True,0.0683912,0.0630612841226691,0.0886495159693497,0.159582,0.0515329999999999,-0.0165036,0.1263966599412342,0.1142508701428571,0.279154,-0.4187639999999999,-150.978632,27.22274070319832,152.92942623872713,63.07579000000001,-10.562909999999778,0.75155894667175
2,2,0.5_0.1,0.5,normal_52,2022-07-12 00:06:39.931,2022-07-12 00:06:40.431,0,False,True,True,0.0712203999999999,0.0590927888646322,0.0886899742518848,0.145436,-0.291156,-0.0146712,0.12569287938344,0.1133763822478032,0.279154,-0.6124070000000001,-141.9491954,43.3362000650566,147.146169041434,108.222973,241.2686660000002,0.7669465335817165
2,2,0.5_0.1,0.5,normal_52,2022-07-12 00:06:40.031,2022-07-12 00:06:40.531,0,False,True,True,0.0425963999999999,0.0711950796038602,0.0766123017589212,0.190463,-0.4013280000000002,-0.013906,0.1267728942025857,0.1142386545771614,0.28298,0.1002609999999999,-112.2790242,66.85063314490948,127.20764519793772,163.738746,415.9209050000002,0.0637741177963165
2,2,0.5_0.1,0.5,normal_52,2022-07-12 00:06:40.131,2022-07-12 00:06:40.631,0,False,True,True,0.0175624,0.0352704875044278,0.0361060067689574,0.095493,-0.095765,0.0146611999999999,0.1697612014262976,0.1525452168807662,0.403109,0.992718,-66.9992062,82.80444283853844,99.87068756382295,206.61953,521.3793060000003,-0.472241124020487
2,2,0.5_0.1,0.5,normal_52,2022-07-12 00:06:40.231,2022-07-12 00:06:40.731,0,False,True,True,-0.0133501999999999,0.071818506972089,0.0656090404974802,0.1846269999999999,-0.348988,0.0497064,0.1565644954748681,0.1485956903668474,0.403109,0.7469540000000002,-14.165856200000002,90.93771450002303,82.56152746085334,228.34781,574.871737,-0.2798621433758331
2,2,0.5_0.1,0.5,normal_52,2022-07-12 00:06:40.331,2022-07-12 00:06:40.831,0,False,True,True,-0.0465358,0.0683949430857282,0.0768627040468912,0.1544269999999999,-0.3200579999999999,0.0547039999999999,0.148683998609467,0.1437987231167231,0.378121,-0.215712,41.7725858,90.85637357562882,91.37206038975889,227.067737,574.343038,0.4794828882815986
2,4,1.0_0.1,1.0,normal_178,2022-07-12 00:22:29.076,2022-07-12 00:22:30.076,0,False,True,True,0.0341822,0.180829441343555,0.174922214048988,0.588644,0.214216,0.0532333,0.159726805247133,0.1606087522892199,0.464962,0.1281370303030304,54.0548273,120.077169579892,126.0896440764235,332.15968,362.8851476969696,0.4709191365739559
2,4,1.0_0.1,1.0,normal_178,2022-07-12 00:22:29.176,2022-07-12 00:22:30.176,0,True,True,True,0.0713312,0.184859551360726,0.1893248225928127,0.588644,0.2358551515151515,0.0613746999999999,0.1453292888940682,0.1509151940312836,0.383548,-0.1661199393939392,75.7116411,96.98024271416443,119.15075881950408,289.24826,236.61728684848487,0.1393157646113171
2,4,1.0_0.1,1.0,normal_178,2022-07-12 00:22:29.276,2022-07-12 00:22:30.276,0,True,True,True,0.075692,0.1847992407494023,0.1909580118963328,0.588644,0.2330665454545454,0.0425998,0.1718360163119348,0.1684921298215438,0.482185,-0.4103632727272726,87.3945578,78.02081310935291,114.52655274423331,233.605176,81.70950993939401,0.0886294608960434
2,4,1.0_0.1,1.0,normal_178,2022-07-12 00:22:29.376,2022-07-12 00:22:30.376,0,True,True,True,0.0625335,0.1906995207086268,0.1914160784806229,0.588644,0.1412262424242424,0.0163089999999999,0.1580413013599785,0.150815553319278,0.452519,-0.3159528484848485,87.03673920000001,78.72100008671734,114.68517881468588,237.183362,-85.58995369696959,0.1290383911092927
2,4,1.0_0.1,1.0,normal_178,2022-07-12 00:22:29.476,2022-07-12 00:22:30.476,0,True,True,True,0.0509487,0.1955365742077425,0.1923716889235523,0.588644,0.0532624848484847,0.0194277,0.1624011958385433,0.1552873758426614,0.478438,-0.0716035757575758,75.4195895,97.72969889303543,119.51610402577364,291.36924,-243.0733426060605,0.0328352778347341
2,4,1.0_0.1,1.0,normal_178,2022-07-12 00:22:29.576,2022-07-12 00:22:30.576,0,True,True,True,0.0330412,0.1878022488605146,0.181202751377566,0.588644,0.1435710303030303,0.0367642,0.1872119494285673,0.1813700333836877,0.5833200000000001,0.2013098181818181,52.5422153,122.0081679757638,127.11442929956272,339.93177000000003,-370.2708473333333,-0.0569435727945493
2,4,1.0_0.1,1.0,normal_178,2022-07-12 00:22:29.676,2022-07-12 00:22:30.676,0,True,True,True,0.0453311,0.1748017266431694,0.1719156418156882,0.588644,-0.0656491515151513,0.0430073,0.1857060493324807,0.1813496372648702,0.5833200000000001,0.1522452727272727,21.7879433,140.01015937372958,134.60042618177496,370.21165,-453.9284343636363,-0.1155868973258598
2,4,1.0_0.1,1.0,normal_178,2022-07-12 00:22:29.776,2022-07-12 00:22:30.776,0,True,True,True,0.0771475,0.1439467896992573,0.1568449782253164,0.425452,-0.234258,0.0350520999999999,0.1946403727062068,0.1879495595443096,0.5833200000000001,-0.0807507272727272,-12.164690699999998,141.58180400158187,134.8660305700986,370.21165,-461.03827230303017,-0.3325717264541989
2,4,1.0_0.1,1.0,normal_178,2022-07-12 00:22:29.876,2022-07-12 00:22:30.876,0,True,True,True,0.0855898,0.1430270311210048,0.1604265325069391,0.425452,-0.2513115151515151,-0.0059502999999999,0.1970669742093056,0.187048814916588,0.5833200000000001,-0.0933954545454545,-44.400614700000006,127.83782749496592,129.1498111129368,346.3705,-398.3826447878788,-0.3113200188579902
2,4,1.0_0.1,1.0,normal_178,2022-07-12 00:22:29.976,2022-07-12 00:22:30.976,0,True,True,True,0.0778083,0.1409135616681769,0.1546774069626847,0.425452,-0.2092467272727271,-0.0246820999999999,0.1903791871972295,0.182288281264869,0.5833200000000001,-0.0179430909090909,-69.15640520000001,105.76038541318589,121.8578745533404,308.63897000000003,-284.75080545454546,-0.3740755345701253
2,4,1.0_0.1,1.0,normal_178,2022-07-12 00:22:30.076,2022-07-12 00:22:31.076,0,True,True,True,0.0742332,0.133448398070232,0.1467589705435412,0.389701,0.1032414545454544,0.0005982,0.2098688116455399,0.1990999350441883,0.5833200000000001,0.1503665454545454,-84.4199287,83.64660146992506,115.86113630305334,254.620108,-135.07113339393948,-0.1194512179709096
2,4,1.0_0.1,1.0,normal_178,2022-07-12 00:22:30.176,2022-07-12 00:22:31.176,0,True,True,True,0.0482036,0.1185300008288572,0.1223438271421979,0.389701,0.1820143030303029,0.0289803,0.2072027660594273,0.198694603410611,0.5833200000000001,0.1289971515151516,-88.0262485,76.79404150777934,114.26378584211376,218.55691,31.217118242424228,-0.032008405807673
2,4,1.0_0.1,1.0,normal_178,2022-07-12 00:22:30.276,2022-07-12 00:22:31.276,0,True,True,True,0.0241358,0.1320804987395523,0.1276059135549759,0.463611,0.1050522424242424,0.0300725,0.2056303653253413,0.1973824148339968,0.572398,-0.1951887878787877,-79.9847704,91.29325584211526,117.89222282224236,278.207338,196.52822969696965,0.231558274341442
2,4,1.0_0.1,1.0,normal_178,2022-07-12 00:22:30.376,2022-07-12 00:22:31.376,0,True,True,True,0.0316733,0.1280453769559404,0.1255358699205132,0.463611,0.0290946060606061,0.0111682,0.2193941600913246,0.2084349932837574,0.572398,-0.3639801212121212,-60.48309420000002,115.43215595173317,125.10127516897978,328.04505,336.1001221818181,0.2292110481834721
2,4,1.0_0.1,1.0,normal_178,2022-07-12 00:22:30.476,2022-07-12 00:22:31.476,0,False,True,True,0.0338304,0.1262409701238953,0.1244491874147838,0.463611,-0.0869288484848484,-0.0133411999999999,0.2048099301828676,0.194757244714542,0.572398,-0.2262958787878789,-31.51805820000001,136.87310071481787,133.6196434737737,368.49277,437.9720933333331,0.3603901184208006
2,4,1.0_0.1,1.0,normal_178,2022-07-12 00:22:30.576,2022-07-12 00:22:31.576,0,False,True,True,0.049826,0.1350971210327345,0.1375090512519085,0.463611,-0.0080054545454544,-0.0233866,0.1872699955063099,0.1791925756129422,0.485681,0.1471209696969695,2.1647097999999887,144.26051278261474,136.8746578515938,368.49277,471.6043408484848,0.5559983895352187
2,4,1.0_0.1,1.0,normal_178,2022-07-12 00:22:30.676,2022-07-12 00:22:31.676,0,False,True,True,0.065556,0.1283280145226806,0.1382709677271407,0.463611,-0.0698381818181817,0.0018471999999999,0.2108698464987348,0.2000572295469474,0.5154270000000001,0.3502260606060605,36.0660478,134.74721043791342,132.82277460071097,353.68614,428.8983059393938,0.5751891842683406
2,4,1.0_0.1,1.0,normal_178,2022-07-12 00:22:30.776,2022-07-12 00:22:31.776,0,True,True,True,0.0330504,0.1609434933165467,0.156220536988579,0.559785,-0.2281559999999999,0.0105268,0.2036218336681997,0.1934592451913322,0.5154270000000001,0.161429696969697,63.8579688,114.47117041102626,125.98064989912126,320.64036,329.7230776969697,0.6081732280060288
2,4,1.0_0.1,1.0,normal_178,2022-07-12 00:22:30.876,2022-07-12 00:22:31.876,0,True,True,True,0.0108832,0.1644693663295522,0.1564084372947956,0.559785,-0.2563884848484847,0.0055677,0.209851545271122,0.1991604961600065,0.533445,-0.1218863636363635,82.62069019999998,90.64834866151548,119.25430496497005,269.680175,187.6659837575758,0.7479865138088692
2,4,1.0_0.1,1.0,normal_178,2022-07-12 00:22:30.976,2022-07-12 00:22:31.976,0,True,True,True,-0.0026441999999999,0.1639441003816714,0.1555535053883389,0.559785,-0.2494327272727274,-0.003642,0.2143737859995428,0.2034054381657482,0.533445,-0.2355086060606061,90.24456619999998,76.99254512614999,116.09973528448803,212.489035,23.87877987878796,0.7729714275051147
2,4,1.0_0.1,1.0,normal_178,2022-07-12 00:22:31.076,2022-07-12 00:22:32.076,0,False,True,True,-0.0353394,0.12008244749819,0.1192756805463712,0.430755,-0.0415978181818181,-0.0217005,0.1972550200534267,0.1883865715567327,0.533445,-0.022667696969697,85.7918007,85.51133121654948,118.07286757393636,257.01669,-145.69948187878785,0.7323440608386631
2,4,1.0_0.1,1.0,normal_178,2022-07-12 00:22:31.176,2022-07-12 00:22:32.176,0,False,True,True,-0.0307323,0.1222844817728543,0.120010913243338,0.430755,0.0215892727272727,-0.0116756,0.2085571933111448,0.1981989208573043,0.533445,0.2268869090909091,69.8015657,108.3851311058381,124.27735736858163,309.83821,-296.99007363636355,0.7442761984728336
2,4,1.0_0.1,1.0,normal_422,2022-07-12 00:53:15.456,2022-07-12 00:53:16.456,0,False,True,True,-0.0469331999999999,0.0791442997312854,0.0885446973240069,0.256005,0.0293618181818181,-0.0257729,0.2015250428068983,0.1929128066378694,0.601928,-0.1933617575757576,95.5014459,153.97131155528066,174.519266766849,435.4667,-431.434719212121,0.7893189179960252
2,4,1.0_0.1,1.0,normal_422,2022-07-12 00:53:15.556,2022-07-12 00:53:16.556,0,False,True,True,-0.0557092999999999,0.0765820151356265,0.0915524475068799,0.256005,0.0541615151515151,-0.0393026,0.1891793247578133,0.1837243304274096,0.601928,0.0011003636363635,57.742423900000006,185.18980310449035,184.9322156205868,491.19919,-584.3869433333331,0.7397510228415949
2,4,1.0_0.1,1.0,normal_422,2022-07-12 00:53:15.656,2022-07-12 00:53:16.656,0,False,True,True,-0.0308411,0.1113645275006064,0.1100591915112045,0.33189,0.1975484242424242,-0.0205561,0.2093402786673994,0.1996586344050765,0.601928,0.2348759393939393,12.016714900000006,199.85340814990235,189.97801902116515,502.15453,-651.7386092727271,0.7939933477891097
2,4,1.0_0.1,1.0,normal_422,2022-07-12 00:53:15.756,2022-07-12 00:53:16.756,0,False,True,True,-0.0016961,0.1224084380755673,0.1161392263453653,0.33189,0.2458667272727272,0.0242937999999999,0.2080656096255324,0.1988777434415425,0.601928,0.2284052121212121,-35.476033099999995,192.5632255771412,186.09429111264524,497.1953,-618.8824285454544,0.79799169899009
2,4,1.0_0.1,1.0,normal_422,2022-07-12 00:53:15.856,2022-07-12 00:53:16.856,0,False,True,True,0.0133038,0.1134578987395765,0.1084546744137845,0.323545,0.1690978181818182,0.0315257999999999,0.2003370933500722,0.1926533984657421,0.601928,-0.0096539393939392,-77.1853531,167.96913610211672,177.05887819528834,461.42834,-502.9244975151516,0.7277583953782243
2,4,1.0_0.1,1.0,normal_422,2022-07-12 00:53:15.956,2022-07-12 00:53:16.956,0,False,True,True,0.0287601,0.1026610599989109,0.1015505158435938,0.277701,0.0867518181818182,0.0193130999999999,0.2086232856905533,0.1988574957870585,0.601928,-0.1610041818181818,-107.3672653,133.8638121963222,166.29882095841683,396.17686,-316.8869360606061,0.7152711489402108
2,4,1.0_0.1,1.0,normal_422,2022-07-12 00:53:16.056,2022-07-12 00:53:17.056,0,False,True,True,0.0131085,0.1220366860026115,0.1165139057353241,0.381856,-0.0649721818181818,-0.0057436,0.2035235168072721,0.1931647707145379,0.601928,-0.1152493333333334,-122.6127521,107.84593442257308,159.69207241396234,312.795081,-91.88653036363644,0.7306639892277533
2,4,1.0_0.1,1.0,normal_422,2022-07-12 00:53:16.156,2022-07-12 00:53:17.156,0,False,True,True,0.0003053999999999,0.1157241217130926,0.10978596622884,0.381856,-0.0010296969696969,-0.0180233,0.1875956106688888,0.1788791244692907,0.5807880000000001,0.1614693939393938,-120.7421674,111.53161474176277,160.54295987885646,331.500928,143.88482024242413,0.6531920068414937
2,4,1.0_0.1,1.0,normal_422,2022-07-12 00:53:16.256,2022-07-12 00:53:17.256,0,False,True,True,0.0312544,0.1521741441661858,0.1477095482925866,0.4950029999999999,0.1710698181818181,0.0211864,0.2232418682407043,0.2128429047607648,0.689825,0.3651966060606061,-102.53357819999997,140.4424438219064,168.1214045935196,408.75237,362.10687696969694,0.7696339925596104
2,4,1.0_0.1,1.0,normal_422,2022-07-12 00:53:16.356,2022-07-12 00:53:17.356,0,False,True,True,0.0490914999999999,0.1483052563182138,0.1490133534912223,0.4950029999999999,0.1355201818181818,0.0527928,0.1886093400796707,0.1865561968432032,0.526213,0.1190419393939395,-69.2065552,173.99182331653117,178.98431888174045,472.51862,534.7607820606058,0.754009535136205
2,4,1.0_0.1,1.0,normal_460,2022-07-12 00:58:19.887,2022-07-12 00:58:20.887,0,False,True,True,0.0335282,0.0871743874666049,0.0892388740538561,0.239032,-0.0637727272727272,-0.0018701999999999,0.2232495682911341,0.2118013938008907,0.5777,-0.1943064242424243,-31.694665500000006,194.63704468683483,187.3493343173104,507.93022,629.0267428484847,0.3060723643033364
2,4,1.0_0.1,1.0,normal_460,2022-07-12 00:58:19.987,2022-07-12 00:58:20.987,0,False,True,True,0.0350416,0.0882890474133431,0.0907930285561617,0.239032,0.0067183030303029,-0.0183199999999999,0.2045216227101672,0.1948892176093895,0.5777,0.0713373333333333,15.691903499999986,198.45195468406064,188.9208731760081,507.93022,646.288241030303,0.2914247096974613
2,4,1.0_0.1,1.0,normal_460,2022-07-12 00:58:20.087,2022-07-12 00:58:21.087,0,False,True,True,0.0415516,0.0989458269954939,0.1026537114497084,0.304132,0.1739006060606059,0.0089846,0.2322117208345292,0.2204785204975759,0.607037,0.3129187878787879,60.8844125,181.2631214546868,182.42148712533023,484.14403,567.5118010303031,0.473892782433048
2,4,1.0_0.1,1.0,normal_460,2022-07-12 00:58:20.187,2022-07-12 00:58:21.187,0,False,True,True,0.0361622999999999,0.1003067679305727,0.101798894221401,0.304132,0.1464552121212121,0.0468943,0.210465958069259,0.2050985200529248,0.584455,0.1744121818181819,96.4593055,150.348693498901,172.18784594356876,432.55442,410.328584060606,0.5029968707531177
2,4,1.0_0.1,1.0,normal_460,2022-07-12 00:58:20.287,2022-07-12 00:58:21.287,0,False,True,True,0.0549133,0.0911408476407685,0.1024278244165129,0.304132,0.0954093939393939,0.0497326,0.2070439453096317,0.2026173913147635,0.584455,-0.1001550303030302,118.761745,118.37008447140074,163.44626420764385,355.7971,200.16194436363648,0.3055968704047093
2,4,1.0_0.1,1.0,normal_460,2022-07-12 00:58:20.387,2022-07-12 00:58:21.387,0,False,True,True,0.0705547,0.079958292523943,0.1035951802986027,0.304132,0.0286869696969697,0.035021,0.2170371927036162,0.20885664738284,0.584455,-0.2572832727272727,124.67769760000002,107.13778705796372,160.857648723792,296.637574,-33.379617212121104,0.254326311343861
2,4,1.0_0.1,1.0,normal_460,2022-07-12 00:58:20.487,2022-07-12 00:58:21.487,0,False,True,True,0.0572077999999999,0.0918218081912522,0.1042154134204725,0.304132,-0.0545975757575757,-0.0035505999999999,0.206052689700798,0.1955109884379903,0.584455,-0.1915623030303031,113.7969757,127.0280854220121,165.7476175269201,383.05967,-266.868256181818,0.3464142249371275
2,4,1.0_0.1,1.0,normal_460,2022-07-12 00:58:20.587,2022-07-12 00:58:21.587,0,False,True,True,0.0700426999999999,0.0996927243584561,0.1176892313863082,0.304132,0.0094633333333333,-0.0148392,0.1899249893082354,0.1807886978325802,0.584455,0.1170133333333333,86.9508501,161.17418850268328,175.89729238581617,454.07849,-466.8155348484847,0.5028905666231704
2,4,1.0_0.1,1.0,normal_460,2022-07-12 00:58:20.687,2022-07-12 00:58:21.687,0,False,True,True,0.0928639,0.1298807792002171,0.1542913446966484,0.427576,0.1751078181818181,0.0239049,0.2175134062935738,0.2077313601016948,0.584455,0.2752626060606061,46.87864309999999,190.79592403244283,186.9769593921976,505.79232,-608.7316095151513,0.6624666380924166
2,4,1.0_0.1,1.0,normal_460,2022-07-12 00:58:20.787,2022-07-12 00:58:21.787,0,False,True,True,0.0907068,0.1298991734442953,0.1530167941815538,0.427576,0.1738995151515152,0.0380851,0.2014642960650569,0.1948834297011934,0.495173,0.0166092727272728,-0.1328219000000046,201.82245444654023,191.4656377750336,508.38954,-658.9617375151513,0.7340820031741563
2,4,1.0_0.1,1.0,normal_569,2022-07-12 01:12:43.312,2022-07-12 01:12:44.312,0,False,True,True,0.0608128,0.1122449507627551,0.1226263948683153,0.294049,-0.0687772121212121,0.0324706999999999,0.1685818198891037,0.1631937295238392,0.537044,-0.0094622424242424,-81.02662380000001,85.14189533592558,114.40953575502814,259.329354,161.01673624242417,-0.4442339915585181
2,4,1.0_0.1,1.0,normal_569,2022-07-12 01:12:43.412,2022-07-12 01:12:44.412,0,False,True,True,0.0575237,0.108277307782738,0.1177308536633451,0.294049,0.0763224848484847,0.0165965999999999,0.1714574132917883,0.1635032943001455,0.537044,-0.043061212121212,-64.0940154,108.4556810629988,121.22051843417624,311.79420000000005,306.4110484848484,-0.5610617158692935
2,4,1.0_0.1,1.0,normal_569,2022-07-12 01:12:43.512,2022-07-12 01:12:44.512,0,False,True,True,0.0772238999999999,0.1327140934100653,0.1476998925588641,0.388622,0.2393772727272726,0.0303067999999999,0.1691499147132835,0.1633065412315134,0.537044,-0.0743299393939393,-37.0087909,131.1753757100871,129.83039658452168,355.06945,416.051728060606,-0.3978660536960702
2,4,1.0_0.1,1.0,normal_569,2022-07-12 01:12:43.612,2022-07-12 01:12:44.612,0,True,True,True,0.0699317,0.1297152146811964,0.1415410749312721,0.388622,0.2982441818181818,0.0396347,0.1625228686616474,0.1591955526963615,0.537044,-0.2028599393939392,-4.425788900000003,140.9768289170602,133.8155718507619,358.77924,460.7066976363636,-0.3590329122703519
2,4,1.0_0.1,1.0,normal_569,2022-07-12 01:12:43.712,2022-07-12 01:12:44.712,0,True,True,True,0.0752427,0.1268492511229591,0.1419264709724722,0.388622,0.2227263636363637,0.0482541,0.1572993395489772,0.1568350476363622,0.537044,-0.308579212121212,29.068354099999983,134.3282104514217,130.70818842312937,349.64089,430.8985308484848,-0.4350347660173551
2,4,1.0_0.1,1.0,normal_569,2022-07-12 01:12:43.812,2022-07-12 01:12:44.812,0,True,True,True,0.0895501,0.1150854464758444,0.1412069913336446,0.388622,0.1142228484848484,0.0461867,0.1564346944092006,0.1554279367111974,0.537044,-0.237008787878788,57.46906509999999,116.2251558027369,124.33885796765811,321.01039000000003,343.7858343636363,-0.418594129354029
2,4,1.0_0.1,1.0,normal_569,2022-07-12 01:12:43.912,2022-07-12 01:12:44.912,0,True,True,True,0.0769593,0.1245657235652908,0.1410237263551775,0.388622,0.0157977575757576,0.0216523,0.120957026862206,0.1167748440714009,0.439372,-0.0182166666666667,77.7047729,92.92253526767158,117.5124229005388,273.489986,212.41528890909092,-0.5208524737787801
2,4,1.0_0.1,1.0,normal_569,2022-07-12 01:12:44.012,2022-07-12 01:12:45.012,0,True,True,True,0.0814427,0.1186248657829003,0.1389157524800553,0.361295,-0.1599731515151514,0.0147097,0.108410483512179,0.1038938155806205,0.369946,0.2078790909090908,87.656306,76.2742779413622,113.66449273847216,220.227984,58.02160412121218,-0.4509981259913972
2,4,1.0_0.1,1.0,normal_569,2022-07-12 01:12:44.112,2022-07-12 01:12:45.112,0,True,True,True,0.0871773,0.1127644316056461,0.1380004237931898,0.361295,-0.2889549696969697,0.0179034,0.1110810068565579,0.1068907049625925,0.369946,0.3079893333333332,85.8342752,79.8289188526247,114.46795820564977,238.448292,-108.09398206060594,-0.4511634453495753
2,4,1.0_0.1,1.0,normal_569,2022-07-12 01:12:44.212,2022-07-12 01:12:45.212,0,True,True,True,0.0705301,0.1053470172688023,0.1223220734319853,0.361295,-0.2359461212121211,0.0142532999999999,0.1142109785918148,0.1092835277098062,0.369946,0.2026137575757577,72.67321050000001,100.48739542362313,119.87218401071428,292.95603,-262.4774721818181,-0.3507880429820743
2,4,1.0_0.1,1.0,normal_569,2022-07-12 01:12:44.312,2022-07-12 01:12:45.312,0,True,True,True,0.0694504,0.1049074750701779,0.1213605312826208,0.361295,-0.1892585454545454,0.0162106,0.1102305450400306,0.1058228675958084,0.350373,-0.046349212121212,48.3559551,125.0493183306012,128.10892711706882,342.62244,-386.7352610303029,-0.3364261988076077
2,4,1.0_0.1,1.0,normal_569,2022-07-12 01:12:44.412,2022-07-12 01:12:45.412,0,False,True,True,0.0720708,0.1077760355044973,0.1250931918962818,0.361295,-0.0622629090909092,0.0086799999999999,0.1198778484634347,0.114056876587955,0.350373,-0.2071423030303029,16.890886100000003,140.30516520298312,134.17260330490691,361.63573,-456.91191024242414,-0.3988652593992425
2,4,1.0_0.1,1.0,normal_569,2022-07-12 01:12:44.512,2022-07-12 01:12:45.512,0,False,True,True,0.0611274,0.0852098219276001,0.1013469358609326,0.251861,0.1548024242424242,0.0042215999999999,0.1183196087592134,0.112327195023289,0.350373,-0.1617323636363636,-17.022849900000004,138.7317593662388,132.70881044559445,361.63573,-449.8505988484847,-0.64431384189663
2,4,1.0_0.1,1.0,normal_569,2022-07-12 01:12:44.612,2022-07-12 01:12:45.612,0,False,True,True,0.0558299999999999,0.0851603280250454,0.098204084550491,0.251861,0.1556706666666666,0.0199321999999999,0.1243686724405395,0.1196582743189955,0.350373,-0.1107637575757575,-47.8422699,123.76237590832176,126.78444664315067,337.79792,-380.3069262424242,-0.6355196505999707
2,4,1.0_0.1,1.0,normal_569,2022-07-12 01:12:44.712,2022-07-12 01:12:45.712,0,False,True,True,0.0460083,0.0929054095208311,0.0994235247579766,0.252338,0.0790795757575757,0.0272788999999999,0.1252158292482313,0.1218820819074731,0.350373,-0.0950656363636363,-71.01729750000001,101.14960202568864,119.37995784537362,296.00195,-260.6040102424243,-0.6350859101285294
2,4,1.0_0.1,1.0,normal_569,2022-07-12 01:12:44.812,2022-07-12 01:12:45.812,0,False,True,True,0.0309107,0.1014551174154802,0.101090544262557,0.2775189999999999,0.0190438181818182,0.0165602999999999,0.1232586848633123,0.1181002819255737,0.350373,-0.0703184848484848,-84.56415960000001,80.71284778299106,114.07981638471604,242.982418,-110.9546671515152,-0.5710183180034138
2,4,1.0_0.1,1.0,normal_569,2022-07-12 01:12:44.912,2022-07-12 01:12:45.912,0,False,True,True,0.0233743999999999,0.1113493754951304,0.1081904693408804,0.3272239999999999,-0.1333489696969696,-0.002528,0.1250874207602205,0.1186952708965273,0.350373,-0.0832962424242424,-86.4649162,77.06128927898982,113.2288823943748,223.974852,54.37322727272719,-0.3147918635233984
2,4,1.0_0.1,1.0,normal_569,2022-07-12 01:12:45.012,2022-07-12 01:12:46.012,0,False,True,True,0.0196720999999999,0.1143899966415575,0.1102885112643198,0.3272239999999999,-0.2344735151515151,-0.0209532,0.1094427970553059,0.1059197329811588,0.3130549999999999,0.0253238787878786,-76.99173429999999,93.60910279527435,117.53350528272529,282.392894,216.98856030303023,-0.2432440295152253
2,4,1.0_0.1,1.0,normal_569,2022-07-12 01:12:45.112,2022-07-12 01:12:46.112,0,False,True,True,0.0266611,0.1156291008531156,0.1128888582673241,0.3272239999999999,-0.2122293939393938,-0.0199655,0.1108403779909048,0.1070310779358033,0.3130549999999999,0.1953406666666666,-55.998785100000006,118.27890085017414,125.40642918275272,333.11693,352.8064799393938,-0.151044668782728
2,4,1.0_0.1,1.0,normal_569,2022-07-12 01:12:45.212,2022-07-12 01:12:46.212,0,False,True,True,0.0270526999999999,0.1156834674119666,0.1130320607018203,0.3272239999999999,-0.194712909090909,-0.0050269,0.11055281271707,0.1050000080157139,0.3130549999999999,0.1930160606060606,-26.1587531,138.03435993614383,133.53807110494586,367.08002,445.3652303636362,-0.1326761998840122
2,4,0.5_0.1,0.5,normal_178,2022-07-12 00:22:29.276,2022-07-12 00:22:29.776,0,False,True,True,-0.0249091999999999,0.1862359577691698,0.1684266422440345,0.442982,-0.829129,0.0928005999999999,0.1558395621987562,0.1674536553121489,0.352213,-0.9400970000000004,64.8861486,86.8313930853592,101.20259354510938,217.726496,547.981805,0.8756183328565131
2,4,0.5_0.1,0.5,normal_178,2022-07-12 00:22:29.376,2022-07-12 00:22:29.876,0,False,True,True,-0.031719,0.1829886726398658,0.1667152614867637,0.442982,-0.4769960000000001,0.0868674,0.1493198541932719,0.1593206837413146,0.322547,-0.2694470000000002,111.6071838,71.76173791440655,128.74766443925793,175.197743,445.674834,0.8691655730685592
2,4,0.5_0.1,0.5,normal_178,2022-07-12 00:22:29.476,2022-07-12 00:22:29.976,0,False,True,True,-0.0090759999999999,0.2005662174058732,0.1796213234212464,0.442982,0.1185039999999999,0.074213,0.1392688595900031,0.1449973157344645,0.322547,0.1889869999999999,141.8785024,44.67546517674773,147.39819264249425,111.158028,237.3026859999999,0.8756819752119415
2,4,0.5_0.1,0.5,normal_178,2022-07-12 00:22:29.576,2022-07-12 00:22:30.076,0,False,True,True,0.0200564,0.245228844380713,0.2202544166957838,0.588644,1.4853930000000002,0.040982,0.1313193535679337,0.1243999293456391,0.322547,0.318447,151.795572,28.117840689753724,153.86483045469058,62.66893,-5.769970000000043,0.4362037472624228
2,4,0.5_0.1,0.5,normal_178,2022-07-12 00:22:29.676,2022-07-12 00:22:30.176,0,True,True,True,0.1103012,0.2288401861446105,0.2325093962772257,0.588644,1.313209,0.0183934,0.154617454888832,0.1395118742207988,0.353882,-0.2713889999999999,141.2110496,46.274706951522994,147.15175612915098,115.591542,-260.99840400000005,0.048389149338945
2,4,0.5_0.1,0.5,normal_178,2022-07-12 00:22:29.776,2022-07-12 00:22:30.276,0,True,True,True,0.1762931999999999,0.1298224673879679,0.2110980596718027,0.326611,0.236898,-0.0076009999999999,0.1893432522734834,0.1695242429453675,0.452519,-1.1903800000000004,109.902967,69.92885197913317,126.45433020145532,172.419093,-436.5885780000002,-0.2625954423721127
2,4,0.5_0.1,0.5,normal_178,2022-07-12 00:22:29.876,2022-07-12 00:22:30.376,0,True,True,True,0.156786,0.1616493194897522,0.2132750613391073,0.424147,-0.7142000000000001,-0.0542494,0.1464777482155566,0.1418012058418404,0.3839789999999999,-0.5732039999999999,62.46629459999999,85.34768171935892,98.63781922239149,213.342212,-537.5308370000002,0.0687175184753202
2,4,0.5_0.1,0.5,normal_178,2022-07-12 00:22:29.976,2022-07-12 00:22:30.476,0,True,True,True,0.1109734,0.1918163772447493,0.204327955921357,0.425452,-1.1797060000000006,-0.0353575999999999,0.180117866771456,0.164936704896151,0.478438,0.589916,8.960676600000003,91.9352851439224,82.71620789618709,229.79656,-581.1849400000001,-0.4021138149589801
2,4,0.5_0.1,0.5,normal_178,2022-07-12 00:22:30.076,2022-07-12 00:22:30.576,0,True,True,True,0.046026,0.1371061334496017,0.1309842209565717,0.330107,-0.6255520000000001,0.0325464,0.2481319393111253,0.2243096868126742,0.5833200000000001,1.4478040000000003,-46.7111414,89.85988739814326,92.96112209658608,224.340228,-567.6306030000001,-0.5412907747574426
2,4,0.5_0.1,0.5,normal_178,2022-07-12 00:22:30.176,2022-07-12 00:22:30.676,0,False,True,True,-0.0196389999999999,0.0763517036777831,0.0710588238334972,0.166768,-0.230562,0.0676212,0.2284162651119661,0.2152018095267788,0.5833200000000001,0.9120650000000002,-97.635163,79.43775134264887,120.75143943132844,197.792557,-498.333522,-0.3530143681504939
2,4,0.5_0.1,0.5,normal_178,2022-07-12 00:22:30.276,2022-07-12 00:22:30.776,0,False,True,True,-0.0219982,0.0720623236212932,0.0681050922604176,0.154972,0.309116,0.0777051999999999,0.2117590222769741,0.2047232398131682,0.5329,-0.5421409999999999,-134.2323484,54.41359457653779,142.7830339248009,133.028288,-315.28572599999984,-0.2580852450634753
2,4,0.5_0.1,0.5,normal_178,2022-07-12 00:22:30.376,2022-07-12 00:22:30.876,0,False,True,True,0.0143936,0.0849993908378171,0.0773763069369429,0.1832639999999999,0.420785,0.0423487999999999,0.2451364810767667,0.2233090601502769,0.540825,-1.404786,-151.26752400000004,30.57908237207962,153.7202915690226,78.84241000000002,-77.45324999999977,-0.6130456473876498
2,4,0.5_0.1,0.5,normal_178,2022-07-12 00:22:30.476,2022-07-12 00:22:30.976,0,False,True,True,0.0446431999999999,0.0716525607721036,0.0781043332882369,0.1814819999999999,0.282548,-0.0140065999999999,0.2209573870326583,0.1981260163406108,0.540825,-1.0048340000000002,-147.273487,38.19738471824472,151.1843647094171,98.81259500000002,184.91784000000027,-0.4927626611582427
2,4,0.5_0.1,0.5,normal_178,2022-07-12 00:22:30.576,2022-07-12 00:22:31.076,0,False,True,True,0.1024404,0.1388591425610859,0.1609954183522003,0.387919,0.772114,-0.0313499999999999,0.1870291092691188,0.1701961593902753,0.454108,0.5914249999999999,-122.128716,64.1327950194397,134.92900203222814,156.003735,396.0134350000001,0.5059794679298856
2,4,0.5_0.1,0.5,normal_178,2022-07-12 00:22:30.676,2022-07-12 00:22:31.176,0,False,True,True,0.1160462,0.1194777547315817,0.1577550875090879,0.31989,0.0361149999999999,-0.0096606,0.2017236501784062,0.1806855611978998,0.454108,1.1181840000000005,-78.41733399999998,82.02314546470659,107.3848936545876,203.75028,515.6518850000002,0.4539778503161571
2,4,0.5_0.1,0.5,normal_178,2022-07-12 00:22:30.776,2022-07-12 00:22:31.276,0,False,True,True,0.0702698,0.1695228228165753,0.1671174280456709,0.463611,-0.5957849999999999,-0.0175601999999999,0.2112453248824693,0.1897578205286939,0.485681,0.1226510000000001,-25.737192400000005,91.84058576232114,86.08227243264218,230.354928,580.454171,0.6585273785393978
2,4,0.5_0.1,0.5,normal_178,2022-07-12 00:22:30.876,2022-07-12 00:22:31.376,0,False,True,True,0.048953,0.170055212317941,0.1597855325059187,0.463611,-0.612747,-0.0200123999999999,0.2139592845363341,0.1924145433827703,0.485681,-0.818535,30.301335599999994,91.87327630084036,87.5827041015763,229.232455,580.668513,0.7862776649666745
2,4,0.5_0.1,0.5,normal_178,2022-07-12 00:22:30.976,2022-07-12 00:22:31.476,0,False,True,True,0.0230176,0.1744459218075905,0.1577178291062871,0.463611,-0.7293910000000003,-0.0126758,0.2134425405143033,0.1913291676315976,0.485681,-0.8787420000000001,84.23737059999999,84.82166222378721,113.36536557311824,212.489035,534.46621,0.7730815496125644
2,4,0.5_0.1,0.5,normal_178,2022-07-12 00:22:31.076,2022-07-12 00:22:31.576,0,False,True,True,-0.0027883999999999,0.1219127682373753,0.1090777411848998,0.334581,0.4772009999999999,-0.0154231999999999,0.2092108701172097,0.1877584236150272,0.471944,0.4232379999999998,126.45813560000002,63.95162502959495,138.79304137660765,149.93586,387.38673200000005,0.7667602913197933
2,4,0.5_0.1,0.5,normal_178,2022-07-12 00:22:31.176,2022-07-12 00:22:31.676,0,False,True,True,0.0150658,0.1280823712877771,0.1155467584893665,0.334581,0.6499750000000001,0.013355,0.2429510293701181,0.2177120073918753,0.5154270000000001,1.4834860000000003,150.5494296,36.86347730427273,154.1176937280579,90.285432,160.6745939999999,0.8204993150766384
2,4,0.5_0.1,0.5,normal_178,2022-07-12 00:22:31.276,2022-07-12 00:22:31.776,0,False,True,True,-0.0041689999999999,0.1614934094491165,0.1445042476794367,0.430755,-0.356017,0.0386138,0.2160841939434719,0.1970911683668246,0.496115,0.5069690000000002,153.45313,31.30949464709946,155.98746959561302,75.76692999999999,-100.11780999999984,0.6841818175790598
2,4,0.5_0.1,0.5,normal_178,2022-07-12 00:22:31.376,2022-07-12 00:22:31.876,0,False,True,True,-0.0271865999999999,0.1682879633850858,0.1529567982006684,0.430755,-0.5507129999999999,0.0311478,0.2273110878052366,0.2056853177944405,0.533445,-0.82653,134.94004479999998,56.60866493949804,144.12650154503817,133.013146,-340.40801200000016,0.8342251138866407
2,4,0.5_0.1,0.5,normal_178,2022-07-12 00:22:31.476,2022-07-12 00:22:31.976,0,False,True,True,-0.0283059999999999,0.1685142531924228,0.1533586399887531,0.430755,-0.6868840000000002,0.0053918,0.2400823365456109,0.2148038504408149,0.533445,-1.2900490000000004,96.2517618,77.79933567458751,118.7711705538413,192.056205,-487.6461660000001,0.8136662195472604
2,4,0.5_0.1,0.5,normal_178,2022-07-12 00:22:31.576,2022-07-12 00:22:32.076,0,False,True,True,-0.0678903999999999,0.1222002245570768,0.128667876012624,0.329166,-0.006608,-0.0279777999999999,0.2089946702507028,0.1890126319783945,0.533445,-0.4533140000000003,45.12546580000001,90.70961991451712,92.83800827083644,227.5373,-572.7490850000002,0.7425130899666026
2,4,0.5_0.1,0.5,normal_178,2022-07-12 00:22:31.676,2022-07-12 00:22:32.176,0,False,True,True,-0.0765304,0.1095290091336537,0.1243148631403341,0.285966,0.6730890000000003,-0.0367061999999999,0.1930665726406308,0.1765420808062485,0.489803,1.014096,-10.9462982,93.65921033658095,84.48348707872358,234.07128,-592.1461039999999,0.6767308450143785
2,4,0.5_0.1,0.5,normal_422,2022-07-12 00:53:16.456,2022-07-12 00:53:16.956,0,False,True,True,0.0683568,0.1138688151325901,0.1226602533586165,0.274102,0.0283489999999999,0.0489711999999999,0.1933485329701262,0.1797362027828561,0.417176,-0.8305030000000001,-193.7353584,65.77955235481953,202.4720936345965,159.609218,377.40985600000033,0.6827148850058579
2,4,0.5_0.1,0.5,normal_422,2022-07-12 00:53:16.556,2022-07-12 00:53:17.056,0,False,True,True,0.046806,0.1516510006907307,0.1434894506380173,0.381856,-0.902653,0.0207719999999999,0.201407172793076,0.1813376833038296,0.417176,-1.0561260000000003,-147.182028,99.84784659178456,172.15755383196526,243.721992,619.8261520000001,0.7467970327740805
2,4,0.5_0.1,0.5,normal_422,2022-07-12 00:53:16.656,2022-07-12 00:53:17.156,0,False,True,True,0.0060228,0.1255399230910231,0.1124477298641462,0.351815,-0.5477150000000002,0.0004406,0.1750469609741911,0.1565673815499256,0.381288,-0.0799600000000001,-80.8818424,122.55499662889056,136.22648123248405,304.273878,772.1676480000002,0.5029709791887954
2,4,0.5_0.1,0.5,normal_422,2022-07-12 00:53:16.756,2022-07-12 00:53:17.256,0,False,True,True,0.0346603999999999,0.1776284355087889,0.1626125216863695,0.4950029999999999,0.5551419999999998,0.0294255999999999,0.2254072612934197,0.2037464421539674,0.526213,1.3115870000000005,-4.5767784,131.13108003558742,117.37646706883972,328.65027,829.1922500000001,0.7244783211650423
2,4,0.5_0.1,0.5,normal_422,2022-07-12 00:53:16.856,2022-07-12 00:53:17.356,0,False,True,True,0.0511725999999999,0.1794587842870891,0.1684725473096432,0.4950029999999999,0.634307,0.0542802,0.2093951395011355,0.1949958965450299,0.526213,0.7513600000000002,73.9065256,125.26258348058808,134.21902392153095,312.909402,790.8491820000003,0.7234712814923321
2,4,0.5_0.1,0.5,normal_460,2022-07-12 00:58:20.887,2022-07-12 00:58:21.387,0,False,True,True,0.0962244,0.0778276164115283,0.1187638221698847,0.219504,-0.1398160000000002,0.0472734,0.210944002711146,0.1945062265620306,0.495173,-1.0704210000000005,114.7330902,115.01992492690154,154.10174720292235,284.544504,-722.6139030000003,0.4296582984374263
2,4,0.5_0.1,0.5,normal_460,2022-07-12 00:58:20.987,2022-07-12 00:58:21.487,0,False,True,True,0.0619104,0.1077956423762111,0.1145810544566596,0.280335,-0.4640430000000001,-0.0026695999999999,0.2168822209755793,0.1940037241508523,0.495173,-1.172158,40.53977020000001,130.11347685207605,123.23589758953106,327.05454,-822.3515540000001,0.5122034858440386
2,4,0.5_0.1,0.5,normal_460,2022-07-12 00:58:21.087,2022-07-12 00:58:21.587,0,False,True,True,0.056286,0.0985548016816025,0.1045875372288687,0.252213,0.214021,-0.0311141999999999,0.165360970366952,0.1511406426418784,0.35295,0.2125439999999999,-39.0749018,130.50218922879947,123.0914500096865,325.68339000000003,-824.896425,0.3194392880460719
2,4,0.5_0.1,0.5,normal_460,2022-07-12 00:58:21.187,2022-07-12 00:58:21.687,0,False,True,True,0.1248756,0.1474580297688125,0.181628775005504,0.403779,0.5648269999999999,0.0140036,0.2295092347309798,0.2057563896320112,0.492822,1.335393,-114.5543458,119.1761273965758,156.4770194458658,296.262295,-749.9655060000002,0.839665410639828
2,4,0.5_0.1,0.5,normal_460,2022-07-12 00:58:21.287,2022-07-12 00:58:21.787,0,False,True,True,0.1214402,0.1484612544393317,0.17994531789352,0.403779,0.391995,0.0245076,0.2203439197953962,0.1985995388977527,0.489621,0.5503500000000002,-174.3262488,90.07950154965155,192.0445112473315,211.751966,-546.236582,0.875418456897865
2,4,0.5_0.1,0.5,normal_569,2022-07-12 01:12:43.612,2022-07-12 01:12:44.112,0,False,True,True,-0.0337836,0.061912765673163,0.0648682053983305,0.153235,-0.0785769999999999,0.1379358,0.1610577657525398,0.1994441476930321,0.423466,0.46142,-125.591628,57.7058020567478,135.78374238656275,138.55125600000002,353.25341600000024,0.3036974418680045
2,4,0.5_0.1,0.5,normal_569,2022-07-12 01:12:43.712,2022-07-12 01:12:44.212,0,False,True,True,0.0106348,0.1250718876154829,0.1123720633805395,0.294049,0.453175,0.1446888,0.1496020033395275,0.1970772852664659,0.3897009999999999,-0.5925840000000003,-86.1048566,76.02965673386998,109.71988558398448,188.295507,477.3734200000002,-0.4157036916836959
2,4,0.5_0.1,0.5,normal_569,2022-07-12 01:12:43.812,2022-07-12 01:12:44.312,0,False,True,True,0.0491472,0.1202580322710296,0.1182583727623545,0.294049,0.3918449999999999,0.0813783999999999,0.2164881087376394,0.2100383892682478,0.537044,-1.366117,-36.0666558,87.9164447078877,86.51152906206048,221.560504,555.2656109999999,-0.5475509941849701
2,4,0.5_0.1,0.5,normal_569,2022-07-12 01:12:43.912,2022-07-12 01:12:44.412,0,False,True,True,0.0686315999999999,0.1308923182287639,0.1357075373573627,0.294049,0.6659930000000002,-0.0025518,0.16861977977598,0.1508397022955163,0.439372,-0.9268360000000002,18.7384142,90.75715613055448,83.3103671691311,226.504946,573.7879900000001,-0.8095553086376319
2,4,0.5_0.1,0.5,normal_569,2022-07-12 01:12:44.012,2022-07-12 01:12:44.512,0,False,True,True,0.146356,0.1298416702122242,0.1868345958188686,0.351168,0.6589440000000001,-0.0371952,0.1160878179814746,0.1102931914943075,0.2828779999999999,-0.063396,72.6944534,86.74605170458864,106.32208399101717,216.518194,547.396731,-0.068273127729336
2,4,0.5_0.1,0.5,normal_569,2022-07-12 01:12:44.112,2022-07-12 01:12:44.612,0,False,True,True,0.173647,0.0844584742995041,0.1893670185481094,0.214713,-0.0537910000000001,-0.0586663999999999,0.0966096104085923,0.1044436687770015,0.266155,0.322513,116.7400502,68.44478177967518,131.81801789964982,161.345383,418.4308620000001,0.6654447013106692
2,4,0.5_0.1,0.5,normal_569,2022-07-12 01:12:44.212,2022-07-12 01:12:44.712,0,False,True,True,0.1398506,0.1006266327609147,0.1663092471782612,0.263555,-0.2308800000000001,-0.0481806,0.10021001540415,0.1017595595813975,0.266155,0.4576730000000001,144.2415648,40.69979627094791,148.76426906065157,99.449886,198.2091919999998,0.3791712728582015
2,4,0.5_0.1,0.5,normal_569,2022-07-12 01:12:44.312,2022-07-12 01:12:44.812,0,False,True,True,0.129953,0.1061013893971233,0.1609154625093561,0.263555,-0.4595789999999999,0.010995,0.0714026612704316,0.064804028070792,0.178485,0.290587,151.00478600000002,28.142786505634614,153.08840106535564,65.63378,-57.4255000000002,0.1126692479787478
2,4,0.5_0.1,0.5,normal_569,2022-07-12 01:12:44.412,2022-07-12 01:12:44.912,0,False,True,True,0.0852869999999999,0.1326884260476399,0.1461466629608764,0.361295,-0.7438540000000002,0.0458564,0.054969346073971,0.0672317828649516,0.120356,0.1714459999999999,136.67113160000002,49.98404221886965,143.79750273928514,118.653312,-295.520824,-0.040252669328863
2,4,0.5_0.1,0.5,normal_569,2022-07-12 01:12:44.512,2022-07-12 01:12:45.012,0,False,True,True,0.0165293999999999,0.0653336180216586,0.0607289583263207,0.146582,-0.35589,0.0666146,0.0789442588843546,0.0970734862967226,0.194424,0.480776,102.6181586,70.74922084677614,120.5605585371745,173.974655,-442.76481200000006,-0.697485988263561
2,4,0.5_0.1,0.5,normal_569,2022-07-12 01:12:44.612,2022-07-12 01:12:45.112,0,False,True,True,0.0007075999999999,0.0527715065475678,0.0472055740395136,0.125318,-0.168345,0.0944732,0.0614164081186778,0.1092829614679251,0.170174,0.304154,54.92850020000001,85.24007958647559,93.96721273161376,214.610482,-537.5618390000002,-0.4913948263350757
2,4,0.5_0.1,0.5,normal_569,2022-07-12 01:12:44.712,2022-07-12 01:12:45.212,0,False,True,True,0.0012096,0.0532112590087849,0.0476089655464178,0.125318,0.0173369999999999,0.0766872,0.0977870405994577,0.1163218418492417,0.259104,-0.3469570000000002,1.1048562000000004,90.8752753958996,81.28882610695737,227.32225,-574.4394800000001,-0.4804534776173914
2,4,0.5_0.1,0.5,normal_569,2022-07-12 01:12:44.812,2022-07-12 01:12:45.312,0,False,True,True,0.0089478,0.0659820800195022,0.0596906276713522,0.164009,0.4107610000000001,0.0214262,0.1489056518057659,0.1348977262899564,0.350373,-0.8033580000000001,-54.2928758,89.72192813626644,96.89032910164828,223.969128,-566.9196310000001,-0.897513029556735
2,4,0.5_0.1,0.5,normal_569,2022-07-12 01:12:44.912,2022-07-12 01:12:45.412,0,False,True,True,0.0588546,0.0899576447685242,0.0996883454722767,0.2320269999999999,0.5605899999999999,-0.0284964,0.160801837496653,0.146621381683573,0.350373,-0.95096,-102.88935940000002,76.97916019477897,123.80166865263618,187.661075,-479.496298,-0.8661874509486116
2,4,0.5_0.1,0.5,normal_569,2022-07-12 01:12:45.012,2022-07-12 01:12:45.512,0,False,True,True,0.1057254,0.0842358017134044,0.1298244831971227,0.184388,0.51806,-0.0581714,0.1246375944681218,0.1257439292443178,0.295242,-0.255243,-136.6638584,50.14227597794483,143.834656689457,123.187438,-277.477416,-0.3868945914461351
2,4,0.5_0.1,0.5,normal_569,2022-07-12 01:12:45.112,2022-07-12 01:12:45.612,0,False,True,True,0.1109523999999999,0.0770493604665217,0.1306128562753299,0.1582529999999999,0.0745679999999999,-0.0546088,0.1309165694314512,0.1292030942307497,0.3130549999999999,0.6455700000000001,-150.61304,28.16174121547441,152.70479610238664,68.6797,-30.701049999999835,-0.3251544067871509
2,4,0.5_0.1,0.5,normal_569,2022-07-12 01:12:45.212,2022-07-12 01:12:45.712,0,False,True,True,0.090807,0.107572938634677,0.1323006460687173,0.252338,-0.4848980000000002,-0.0221294,0.140044647097988,0.1271995003488614,0.3130549999999999,0.797873,-143.1394512,41.9281070798878,147.97052213356284,106.047644,227.51023800000013,-0.5701737764418802
2,4,0.5_0.1,0.5,normal_569,2022-07-12 01:12:45.312,2022-07-12 01:12:45.812,0,False,True,True,0.0528736,0.1326650277477074,0.1299062171214295,0.2775189999999999,-0.8027220000000002,0.0116943999999999,0.1093229026338946,0.0984782037996225,0.290541,0.3448780000000001,-114.8354434,65.70287359051297,128.9987330919003,160.53332899999998,408.32572200000016,-0.4813564707126584
2,4,0.5_0.1,0.5,normal_569,2022-07-12 01:12:45.412,2022-07-12 01:12:45.912,0,False,True,True,-0.0121058,0.1290641250297695,0.1160714826708093,0.3272239999999999,-0.7737140000000001,0.0234404,0.087534655618789,0.0817270157267473,0.231811,-0.385444,-70.04047299999999,82.22711381683558,101.561343312213,205.186272,517.4643430000002,0.4397297400003087
2,4,0.5_0.1,0.5,normal_569,2022-07-12 01:12:45.512,2022-07-12 01:12:46.012,0,False,True,True,-0.0663812,0.0619097254371233,0.0864448668019102,0.1689709999999999,-0.301134,0.0162649999999999,0.0891760457101569,0.0814029724752112,0.231811,-0.4662900000000001,-17.3196102,91.10346018150824,83.3057096669542,228.951364,575.8299360000001,0.9449848240828108
2,4,0.5_0.1,0.5,normal_569,2022-07-12 01:12:45.612,2022-07-12 01:12:46.112,0,False,True,True,-0.0576301999999999,0.0798970467645707,0.0918045228591707,0.212726,0.2818220000000001,0.0146778,0.0866200461538782,0.0788534319443358,0.223875,0.0999079999999999,38.6154698,91.12927424949235,90.19307184072436,227.069286,575.998137,0.8994073732940295
2,4,0.5_0.1,0.5,normal_569,2022-07-12 01:12:45.712,2022-07-12 01:12:46.212,0,False,True,True,-0.0367015999999999,0.091528855424396,0.0897164006344436,0.212726,0.472374,0.0120756,0.0845907084306544,0.0766178208878326,0.223875,0.366947,90.821945,83.07324896436963,117.34375760295022,206.546691,522.23546,0.9683886847878354
3,0,1.0_0.1,1.0,normal_178,2022-07-12 00:22:29.076,2022-07-12 00:22:30.076,0,False,True,True,0.0341822,0.180829441343555,0.174922214048988,0.588644,0.214216,0.0532333,0.159726805247133,0.1606087522892199,0.464962,0.1281370303030304,54.0548273,120.077169579892,126.0896440764235,332.15968,362.8851476969696,0.4709191365739559
3,0,1.0_0.1,1.0,normal_178,2022-07-12 00:22:29.176,2022-07-12 00:22:30.176,0,False,True,True,0.0713312,0.184859551360726,0.1893248225928127,0.588644,0.2358551515151515,0.0613746999999999,0.1453292888940682,0.1509151940312836,0.383548,-0.1661199393939392,75.7116411,96.98024271416443,119.15075881950408,289.24826,236.61728684848487,0.1393157646113171
3,0,1.0_0.1,1.0,normal_178,2022-07-12 00:22:29.276,2022-07-12 00:22:30.276,0,False,True,True,0.075692,0.1847992407494023,0.1909580118963328,0.588644,0.2330665454545454,0.0425998,0.1718360163119348,0.1684921298215438,0.482185,-0.4103632727272726,87.3945578,78.02081310935291,114.52655274423331,233.605176,81.70950993939401,0.0886294608960434
3,0,1.0_0.1,1.0,normal_178,2022-07-12 00:22:29.376,2022-07-12 00:22:30.376,0,False,True,True,0.0625335,0.1906995207086268,0.1914160784806229,0.588644,0.1412262424242424,0.0163089999999999,0.1580413013599785,0.150815553319278,0.452519,-0.3159528484848485,87.03673920000001,78.72100008671734,114.68517881468588,237.183362,-85.58995369696959,0.1290383911092927
3,0,1.0_0.1,1.0,normal_178,2022-07-12 00:22:29.476,2022-07-12 00:22:30.476,0,False,True,True,0.0509487,0.1955365742077425,0.1923716889235523,0.588644,0.0532624848484847,0.0194277,0.1624011958385433,0.1552873758426614,0.478438,-0.0716035757575758,75.4195895,97.72969889303543,119.51610402577364,291.36924,-243.0733426060605,0.0328352778347341
3,0,1.0_0.1,1.0,normal_178,2022-07-12 00:22:29.576,2022-07-12 00:22:30.576,0,False,True,True,0.0330412,0.1878022488605146,0.181202751377566,0.588644,0.1435710303030303,0.0367642,0.1872119494285673,0.1813700333836877,0.5833200000000001,0.2013098181818181,52.5422153,122.0081679757638,127.11442929956272,339.93177000000003,-370.2708473333333,-0.0569435727945493
3,0,1.0_0.1,1.0,normal_178,2022-07-12 00:22:29.676,2022-07-12 00:22:30.676,0,False,True,True,0.0453311,0.1748017266431694,0.1719156418156882,0.588644,-0.0656491515151513,0.0430073,0.1857060493324807,0.1813496372648702,0.5833200000000001,0.1522452727272727,21.7879433,140.01015937372958,134.60042618177496,370.21165,-453.9284343636363,-0.1155868973258598
3,0,1.0_0.1,1.0,normal_178,2022-07-12 00:22:29.776,2022-07-12 00:22:30.776,0,False,True,True,0.0771475,0.1439467896992573,0.1568449782253164,0.425452,-0.234258,0.0350520999999999,0.1946403727062068,0.1879495595443096,0.5833200000000001,-0.0807507272727272,-12.164690699999998,141.58180400158187,134.8660305700986,370.21165,-461.03827230303017,-0.3325717264541989
3,0,1.0_0.1,1.0,normal_178,2022-07-12 00:22:29.876,2022-07-12 00:22:30.876,0,False,True,True,0.0855898,0.1430270311210048,0.1604265325069391,0.425452,-0.2513115151515151,-0.0059502999999999,0.1970669742093056,0.187048814916588,0.5833200000000001,-0.0933954545454545,-44.400614700000006,127.83782749496592,129.1498111129368,346.3705,-398.3826447878788,-0.3113200188579902
3,0,1.0_0.1,1.0,normal_178,2022-07-12 00:22:29.976,2022-07-12 00:22:30.976,0,False,True,True,0.0778083,0.1409135616681769,0.1546774069626847,0.425452,-0.2092467272727271,-0.0246820999999999,0.1903791871972295,0.182288281264869,0.5833200000000001,-0.0179430909090909,-69.15640520000001,105.76038541318589,121.8578745533404,308.63897000000003,-284.75080545454546,-0.3740755345701253
3,0,1.0_0.1,1.0,normal_178,2022-07-12 00:22:30.076,2022-07-12 00:22:31.076,0,False,True,True,0.0742332,0.133448398070232,0.1467589705435412,0.389701,0.1032414545454544,0.0005982,0.2098688116455399,0.1990999350441883,0.5833200000000001,0.1503665454545454,-84.4199287,83.64660146992506,115.86113630305334,254.620108,-135.07113339393948,-0.1194512179709096
3,0,1.0_0.1,1.0,normal_178,2022-07-12 00:22:30.176,2022-07-12 00:22:31.176,0,False,True,True,0.0482036,0.1185300008288572,0.1223438271421979,0.389701,0.1820143030303029,0.0289803,0.2072027660594273,0.198694603410611,0.5833200000000001,0.1289971515151516,-88.0262485,76.79404150777934,114.26378584211376,218.55691,31.217118242424228,-0.032008405807673
3,0,0.5_0.1,0.5,normal_178,2022-07-12 00:22:29.276,2022-07-12 00:22:29.776,0,False,True,True,-0.0249091999999999,0.1862359577691698,0.1684266422440345,0.442982,-0.829129,0.0928005999999999,0.1558395621987562,0.1674536553121489,0.352213,-0.9400970000000004,64.8861486,86.8313930853592,101.20259354510938,217.726496,547.981805,0.8756183328565131
3,0,0.5_0.1,0.5,normal_178,2022-07-12 00:22:29.376,2022-07-12 00:22:29.876,0,False,True,True,-0.031719,0.1829886726398658,0.1667152614867637,0.442982,-0.4769960000000001,0.0868674,0.1493198541932719,0.1593206837413146,0.322547,-0.2694470000000002,111.6071838,71.76173791440655,128.74766443925793,175.197743,445.674834,0.8691655730685592
3,0,0.5_0.1,0.5,normal_178,2022-07-12 00:22:29.476,2022-07-12 00:22:29.976,0,False,True,True,-0.0090759999999999,0.2005662174058732,0.1796213234212464,0.442982,0.1185039999999999,0.074213,0.1392688595900031,0.1449973157344645,0.322547,0.1889869999999999,141.8785024,44.67546517674773,147.39819264249425,111.158028,237.3026859999999,0.8756819752119415
3,0,0.5_0.1,0.5,normal_178,2022-07-12 00:22:29.576,2022-07-12 00:22:30.076,0,False,True,True,0.0200564,0.245228844380713,0.2202544166957838,0.588644,1.4853930000000002,0.040982,0.1313193535679337,0.1243999293456391,0.322547,0.318447,151.795572,28.117840689753724,153.86483045469058,62.66893,-5.769970000000043,0.4362037472624228
3,0,0.5_0.1,0.5,normal_178,2022-07-12 00:22:29.676,2022-07-12 00:22:30.176,0,False,True,True,0.1103012,0.2288401861446105,0.2325093962772257,0.588644,1.313209,0.0183934,0.154617454888832,0.1395118742207988,0.353882,-0.2713889999999999,141.2110496,46.274706951522994,147.15175612915098,115.591542,-260.99840400000005,0.048389149338945
3,0,0.5_0.1,0.5,normal_178,2022-07-12 00:22:29.776,2022-07-12 00:22:30.276,0,False,True,True,0.1762931999999999,0.1298224673879679,0.2110980596718027,0.326611,0.236898,-0.0076009999999999,0.1893432522734834,0.1695242429453675,0.452519,-1.1903800000000004,109.902967,69.92885197913317,126.45433020145532,172.419093,-436.5885780000002,-0.2625954423721127
3,0,0.5_0.1,0.5,normal_178,2022-07-12 00:22:30.276,2022-07-12 00:22:30.776,0,False,True,True,-0.0219982,0.0720623236212932,0.0681050922604176,0.154972,0.309116,0.0777051999999999,0.2117590222769741,0.2047232398131682,0.5329,-0.5421409999999999,-134.2323484,54.41359457653779,142.7830339248009,133.028288,-315.28572599999984,-0.2580852450634753
3,0,0.5_0.1,0.5,normal_178,2022-07-12 00:22:30.376,2022-07-12 00:22:30.876,0,False,True,True,0.0143936,0.0849993908378171,0.0773763069369429,0.1832639999999999,0.420785,0.0423487999999999,0.2451364810767667,0.2233090601502769,0.540825,-1.404786,-151.26752400000004,30.57908237207962,153.7202915690226,78.84241000000002,-77.45324999999977,-0.6130456473876498
3,0,0.5_0.1,0.5,normal_178,2022-07-12 00:22:30.476,2022-07-12 00:22:30.976,0,False,True,True,0.0446431999999999,0.0716525607721036,0.0781043332882369,0.1814819999999999,0.282548,-0.0140065999999999,0.2209573870326583,0.1981260163406108,0.540825,-1.0048340000000002,-147.273487,38.19738471824472,151.1843647094171,98.81259500000002,184.91784000000027,-0.4927626611582427
3,0,0.5_0.1,0.5,normal_178,2022-07-12 00:22:30.576,2022-07-12 00:22:31.076,0,False,True,True,0.1024404,0.1388591425610859,0.1609954183522003,0.387919,0.772114,-0.0313499999999999,0.1870291092691188,0.1701961593902753,0.454108,0.5914249999999999,-122.128716,64.1327950194397,134.92900203222814,156.003735,396.0134350000001,0.5059794679298856
3,0,0.5_0.1,0.5,normal_178,2022-07-12 00:22:30.676,2022-07-12 00:22:31.176,0,False,True,True,0.1160462,0.1194777547315817,0.1577550875090879,0.31989,0.0361149999999999,-0.0096606,0.2017236501784062,0.1806855611978998,0.454108,1.1181840000000005,-78.41733399999998,82.02314546470659,107.3848936545876,203.75028,515.6518850000002,0.4539778503161571
3,1,1.0_0.1,1.0,normal_67,2022-07-12 00:08:26.424,2022-07-12 00:08:27.424,0,False,True,True,0.0226344999999999,0.0712752792819658,0.0713054660127819,0.212771,-0.069918606060606,0.0590358999999999,0.1431545044802603,0.1480848689991654,0.49221,0.0055369090909091,54.965800500000014,123.03915801184624,129.0194178736033,337.73605,372.0968472121212,-0.9128604561683672
3,1,1.0_0.1,1.0,normal_67,2022-07-12 00:08:26.524,2022-07-12 00:08:27.524,0,False,True,True,0.0277888,0.0772798701514322,0.078403940608875,0.225214,0.0244787878787878,0.0336863,0.1629130893902567,0.158181459194496,0.510557,-0.1245880606060605,77.13680000000001,99.64522408420632,122.0095878558424,295.53595,243.93277115151517,-0.9628824194590018
3,1,1.0_0.1,1.0,normal_67,2022-07-12 00:08:26.624,2022-07-12 00:08:27.624,0,False,True,True,0.0447131999999999,0.10122161325176,0.1059268792356312,0.3308569999999999,0.1622133333333332,0.0376123,0.1621252899238734,0.1583377206508291,0.510557,-0.1601641818181817,89.33793130000001,79.93076071795936,117.1806290605236,238.343503,85.66529339393946,-0.742133344184669
3,1,1.0_0.1,1.0,normal_67,2022-07-12 00:08:26.724,2022-07-12 00:08:27.724,0,True,True,True,0.0608008,0.1188859375926728,0.1281296875130818,0.338304,0.2940387878787877,0.0540507,0.158933961634699,0.1601732871464527,0.510557,-0.1941623636363635,89.31788030000001,79.96993312506919,117.18939766425274,238.544013,-84.72825060606057,-0.5659585895975169
3,1,1.0_0.1,1.0,normal_67,2022-07-12 00:08:26.824,2022-07-12 00:08:27.824,0,True,True,True,0.0583065,0.1191236003898191,0.1271653918922125,0.338304,0.281668909090909,0.0507628,0.1598743610539225,0.1599396512876028,0.510557,-0.2438996363636362,77.55345990000001,99.46751379778938,122.14314067299476,296.40797,-246.939824060606,-0.5535782271872047
3,1,1.0_0.1,1.0,normal_67,2022-07-12 00:08:26.924,2022-07-12 00:08:27.924,0,True,True,True,0.0583802999999999,0.119084695877486,0.1271664568237237,0.338304,0.2131738787878787,0.0445628,0.1612261259162284,0.1593120223147016,0.510557,-0.2820860606060605,54.29225550000001,124.47281701941996,129.96839218191585,345.90916,-378.2477097575756,-0.5289752939725718
3,1,1.0_0.1,1.0,normal_67,2022-07-12 00:08:27.024,2022-07-12 00:08:28.024,0,False,True,True,0.0527592999999999,0.1255907221653379,0.1303045290122335,0.341926,0.058701393939394,0.0216928,0.1483509996302313,0.1424001220294421,0.510557,-0.1870227878787879,22.88301249999999,142.5427980135157,137.1504159674512,374.78284,-462.0383388484847,-0.3975807621631545
3,1,1.0_0.1,1.0,normal_67,2022-07-12 00:08:27.124,2022-07-12 00:08:28.124,0,False,True,True,0.0504125,0.1288632663288667,0.1322368610649088,0.361772,-0.134841515151515,-3.2799999999999496e-05,0.1104084568085454,0.1047426640734328,0.341597,0.0594729696969696,-11.75094949999999,144.1269415418841,137.2348445714406,374.78284,-469.1904255151514,-0.2870033093062644
3,1,1.0_0.1,1.0,normal_67,2022-07-12 00:08:27.224,2022-07-12 00:08:28.224,0,False,True,True,0.0664047,0.1223892791665185,0.1337565186131128,0.361772,-0.1903210303030302,0.0065147,0.1218926637962451,0.1158208990411488,0.407072,0.2817196969696968,-44.6720295,130.59833783808782,131.70392356005593,351.81157,-407.6109352121212,-0.0776438261070877
3,1,1.0_0.1,1.0,normal_67,2022-07-12 00:08:27.324,2022-07-12 00:08:28.324,0,True,True,True,0.0689523,0.1218210486036793,0.1345761894612119,0.361772,-0.2200319393939392,0.0091452999999999,0.1218808654575351,0.1159874447528696,0.407072,0.2811233333333334,-70.2175703,108.27276865287712,124.42347193121944,314.17063,-293.7408553333334,-0.0829326431774613
3,1,1.0_0.1,1.0,normal_67,2022-07-12 00:08:27.424,2022-07-12 00:08:28.424,0,False,True,True,0.0680361,0.121458313598123,0.1338126326289861,0.361772,-0.167495212121212,0.011777,0.1178137180467538,0.1123866659039229,0.407072,0.0790680000000001,-86.205433,85.36393371092295,118.27796810674444,258.756785,-142.3990757575758,-0.0653358141291946
3,1,1.0_0.1,1.0,normal_67,2022-07-12 00:08:27.524,2022-07-12 00:08:28.524,0,False,True,True,0.0749242,0.127112631725481,0.1419700488673579,0.361772,-0.0561966060606061,0.0166271,0.1093842430796136,0.1050946327130934,0.362408,-0.1363156969696969,-90.3813826,77.46580962162253,116.4888441653865,216.997289,25.5822512727272,-0.1294614261977557
3,1,1.0_0.1,1.0,normal_67,2022-07-12 00:08:27.624,2022-07-12 00:08:28.624,0,False,True,True,0.0574481,0.1140804812650067,0.1225283835635645,0.361772,0.0419092727272726,0.0056382999999999,0.113777421418653,0.108085900510196,0.362408,-0.1849795757575757,-82.55942830000001,91.7684909926222,119.98070489199304,279.477746,194.3731966666665,-0.154755326612353
3,1,1.0_0.1,1.0,normal_67,2022-07-12 00:08:27.724,2022-07-12 00:08:28.724,0,False,True,True,0.0401957,0.0944310016950059,0.0981895461416336,0.317563,0.1714451515151515,0.0055463,0.1136930061633324,0.1080011626284643,0.362408,-0.0711338787878787,-63.105328,116.42778896103478,127.2091563532567,330.77983,338.3196895757575,-0.3558121174432334
3,1,1.0_0.1,1.0,normal_67,2022-07-12 00:08:27.824,2022-07-12 00:08:28.824,0,False,True,True,0.0387936,0.0945897101006939,0.0977621364956801,0.317563,0.1597746666666666,0.0199071,0.1210361775094537,0.1165378619586784,0.362408,-0.0056656363636363,-33.79808999999999,138.35403940695517,135.5358516623822,371.44725,442.2917126060604,-0.3544330506084047
3,1,1.0_0.1,1.0,normal_67,2022-07-12 00:08:27.924,2022-07-12 00:08:28.924,0,False,True,True,0.0384848,0.094727374227071,0.0977600517399617,0.317563,0.1137392727272728,0.0258244,0.1205942726152448,0.1172841863347314,0.362408,-0.0155083636363635,0.310398000000012,145.97144311128645,138.48101794293248,371.44725,476.9270047272728,-0.3768296842945908
3,1,1.0_0.1,1.0,normal_67,2022-07-12 00:08:28.024,2022-07-12 00:08:29.024,0,False,True,True,0.0538026,0.0812804733133637,0.0940243775549724,0.317563,0.0294608484848485,0.0270913999999999,0.120326439184966,0.1173224220863173,0.362408,-0.0432876363636363,34.54701200000001,136.8711681253937,134.36458251986255,357.36565,435.91914412121207,-0.4900399231535677
3,1,1.0_0.1,1.0,normal_67,2022-07-12 00:08:28.124,2022-07-12 00:08:29.124,0,False,True,True,0.0545416999999999,0.0795412528999889,0.0931070720219468,0.310172,-0.1769605454545454,0.0095596,0.1203949805378576,0.1146160641315169,0.362408,-0.0438009696969697,62.960585,116.92051303764504,127.54372189813868,325.87521000000004,338.71892169696974,-0.1540950591321743
3,1,1.0_0.1,1.0,normal_67,2022-07-12 00:08:28.224,2022-07-12 00:08:29.224,0,False,True,True,0.0369929999999999,0.0890070495697453,0.0921873713411983,0.310172,-0.2265506666666666,-0.0064655999999999,0.0979423310550085,0.0931409371576215,0.281618,0.1230584242424241,82.57092130000001,92.64759817358892,120.59509420756764,275.091088,197.23058030303037,-0.3936142798048542
3,1,1.0_0.1,1.0,normal_67,2022-07-12 00:08:28.324,2022-07-12 00:08:29.324,0,False,True,True,0.0324404,0.0890964978999985,0.0905358873397726,0.310172,-0.2284593939393939,0.0147479,0.1239499500232519,0.1185104706517529,0.375702,0.2714430909090909,91.30136960000002,77.29087758639635,117.1000933949396,217.155247,34.18380218181824,-0.3701463128918668
3,1,1.0_0.1,1.0,normal_67,2022-07-12 00:08:28.424,2022-07-12 00:08:29.424,0,True,True,True,0.0139891,0.0909672189362129,0.0874255474543911,0.310172,-0.2384172727272727,0.0349079,0.1111635524385878,0.1110862877861169,0.371865,0.1901050303030303,87.84037780000001,83.97581666678693,118.58615424414084,251.765165,-135.7188398787878,-0.2863864134938375
3,1,1.0_0.1,1.0,normal_67,2022-07-12 00:08:28.524,2022-07-12 00:08:29.524,0,False,True,True,-0.0051991,0.0641996868328291,0.0611266754477944,0.181857,-0.1203493939393939,0.0416416,0.1010191419255666,0.1044911631785195,0.316585,0.0157471515151516,72.75694389999998,106.23324381746748,124.3001398569249,305.28430000000003,-288.81507181818176,0.1387094122442787
3,1,1.0_0.1,1.0,normal_67,2022-07-12 00:08:28.624,2022-07-12 00:08:29.624,0,False,True,True,-0.0102705999999999,0.0603895971582302,0.0582039373650958,0.181857,-0.0692944242424242,0.0380573,0.1064601420011264,0.1079293460310957,0.352428,-0.1560467272727272,46.6117443,130.42034928950153,132.2163963531173,353.42150000000004,-408.231370121212,0.2380567775183666
3,1,1.0_0.1,1.0,normal_67,2022-07-12 00:08:28.724,2022-07-12 00:08:29.724,0,False,True,True,-0.0252807,0.0569346909187282,0.0596365401368992,0.165633,-0.0545645454545454,0.0159445999999999,0.1150047413584906,0.1102620140873546,0.354698,-0.2027248484848484,13.839127300000008,143.93059802856595,137.24407742558577,368.39359,-469.9217226060605,0.2862306350398937
3,1,1.0_0.1,1.0,normal_67,2022-07-12 00:08:28.824,2022-07-12 00:08:29.824,0,False,True,True,-0.0274343999999999,0.0552952169786059,0.0591984055697448,0.165633,-0.0079644848484848,0.0149148,0.1138250327318204,0.1090090616774587,0.354698,-0.0597390303030303,-20.9283497,140.24154379464332,134.6807980614901,366.9049,-453.4749029696968,0.2459323835768816
3,1,1.0_0.1,1.0,normal_67,2022-07-12 00:08:28.924,2022-07-12 00:08:29.924,0,False,True,True,-0.0296413999999999,0.0545532267508837,0.0596411073673183,0.165633,0.0121796363636363,0.0274875,0.1239304760171336,0.1207412491798059,0.354698,0.0444965454545454,-51.993089700000006,123.62620660735875,128.29020399338785,339.31248000000005,-376.4934124242424,0.2320990125230066
3,1,1.0_0.1,1.0,normal_67,2022-07-12 00:08:29.024,2022-07-12 00:08:30.024,0,False,True,True,-0.0462307999999999,0.0517112178519645,0.0674086931723201,0.12307,0.0221094545454545,0.0193041,0.1278621618179775,0.1228271446346449,0.354698,-0.0214886666666665,-74.84134119999999,100.02587480689908,120.8548071878472,295.16367,-250.4858391515152,0.3778217209425412
3,1,1.0_0.1,1.0,normal_67,2022-07-12 00:08:29.124,2022-07-12 00:08:30.124,0,False,True,True,-0.0430019,0.0479927773465271,0.0626269863022323,0.12307,-0.0405198181818181,0.0128838999999999,0.1342816693169415,0.1280406377768402,0.366585,-0.1644607878787878,-87.65047630000001,79.7902158971991,115.81207490260394,238.621743,-95.53830793939404,0.379162966335032
3,1,1.0_0.1,1.0,normal_67,2022-07-12 00:08:29.224,2022-07-12 00:08:30.224,0,False,True,True,-0.0381019,0.0459248447610029,0.0578786403891798,0.12307,-0.0621393333333333,-0.0085634999999999,0.142932603673705,0.1358679130843629,0.38802,-0.2254513333333334,-88.44382619999999,78.2488655087205,115.46820710029864,230.688244,71.94042509090905,0.3952720100068934
3,1,1.0_0.1,1.0,normal_67,2022-07-12 00:08:29.324,2022-07-12 00:08:30.324,0,False,True,True,-0.0499116,0.047238327035952,0.0670781738093696,0.121719,-0.0677911515151514,-0.0401187,0.1160783560847776,0.1172018616144811,0.325453,-0.1052196969696969,-77.69680969999999,96.41765493074848,120.01467410974548,288.07715,233.00732866666664,0.2656288812971831
3,1,0.5_0.1,0.5,normal_67,2022-07-12 00:08:26.424,2022-07-12 00:08:26.924,0,False,True,True,0.0573878,0.0322767716818147,0.0642401088184009,0.079609,-0.1551440000000001,0.0125976,0.0520915612148455,0.0482651440026858,0.1301649999999999,0.0039499999999999,-45.538287,89.69244305040779,92.24707613347366,224.438934,565.6500520000002,-0.4213921335360142
3,1,0.5_0.1,0.5,normal_67,2022-07-12 00:08:26.524,2022-07-12 00:08:27.024,0,False,True,True,0.0331712,0.0526061247831466,0.0575695405679079,0.1248399999999999,-0.297659,0.0446274,0.1099986522226522,0.1080341039829553,0.2903139999999999,0.59004,9.870840999999997,94.07756635251948,84.72251350554612,234.84554,594.7374669999998,-0.9328383601796544
3,1,0.5_0.1,0.5,normal_67,2022-07-12 00:08:26.624,2022-07-12 00:08:27.124,0,False,True,True,0.0008485999999999,0.0734722607607796,0.0657210666605465,0.1774279999999999,-0.4604410000000001,0.111857,0.1579794257174015,0.1802165020440692,0.387226,0.972544,66.10570700000001,89.68616650965923,103.94638651020296,223.981883,566.0371220000001,-0.9670617851596964
3,1,0.5_0.1,0.5,normal_67,2022-07-12 00:08:26.724,2022-07-12 00:08:27.224,0,True,True,True,-0.0288309999999999,0.0620471411791067,0.0625388258908016,0.158173,-0.356105,0.1555102,0.1234871285729812,0.190742441639505,0.295004,0.527746,113.7744076,73.70197502779143,131.4922078418668,178.763766,456.463028,-0.88563832417112
3,1,0.5_0.1,0.5,normal_67,2022-07-12 00:08:26.824,2022-07-12 00:08:27.324,0,True,True,True,-0.0351091999999999,0.05122610598318,0.0577230202951993,0.126782,0.0343679999999999,0.1487846,0.1327491624109169,0.1903542205831013,0.328632,-0.177996,144.9329068,45.613139802693496,150.5655813644856,113.297116,241.3421019999998,-0.9315320594156002
3,1,0.5_0.1,0.5,normal_67,2022-07-12 00:08:26.924,2022-07-12 00:08:27.424,0,True,True,True,-0.0121187999999999,0.0858434772723006,0.0777312510229958,0.212771,0.447148,0.1054742,0.1949484735185171,0.2037859973781319,0.49221,-1.119228,155.46988800000003,27.64984735444972,157.42457661277683,60.69041,-8.453249999999935,-0.9688565309496276
3,1,0.5_0.1,0.5,normal_67,2022-07-12 00:08:27.024,2022-07-12 00:08:27.524,0,False,True,True,0.0224064,0.102944505947622,0.0947634096305108,0.225214,0.634169,0.0227452,0.2175259648851143,0.1958861415271637,0.510557,-1.3443640000000003,144.402759,46.67196637162833,150.31558389870165,116.026055,-263.94108000000006,-0.983566173957224
3,1,0.5_0.1,0.5,normal_67,2022-07-12 00:08:27.124,2022-07-12 00:08:27.624,0,False,True,True,0.0885778,0.1133342525086745,0.1346170453033344,0.3018269999999999,0.7020860000000001,-0.0366323999999999,0.1428362139963111,0.1329047777651353,0.341597,-0.4377810000000002,112.5701556,70.58424446807636,129.06489989734447,173.524637,-440.1040590000002,-0.4963987049755696
3,1,0.5_0.1,0.5,normal_67,2022-07-12 00:08:27.224,2022-07-12 00:08:27.724,0,False,True,True,0.1504326,0.0886944316025532,0.1700686005722396,0.211522,0.5411299999999999,-0.0474087999999999,0.1259002108346129,0.1221813602314199,0.287715,0.406902,64.861353,86.38224653901274,100.87868519509972,215.572743,-544.0579130000002,0.4889324964207334
3,1,0.5_0.1,0.5,normal_67,2022-07-12 00:08:27.324,2022-07-12 00:08:27.824,0,True,True,True,0.1517222,0.0865339582574378,0.170323594132463,0.205074,-0.045992,-0.047259,0.1259625030177631,0.1221746897446439,0.287715,0.6163690000000003,10.174012999999997,93.97066560086893,84.66344745697775,235.79576,-594.1094780000001,0.5050701089134282
3,1,0.5_0.1,0.5,normal_67,2022-07-12 00:08:27.424,2022-07-12 00:08:27.924,0,False,True,True,0.1288794,0.1100600310753181,0.1621741905994909,0.239747,-0.4509410000000002,-0.0163485999999999,0.1058574008905376,0.0960828193830718,0.287715,0.3148030000000001,-46.885377,92.21462759888207,94.87396171232932,229.883105,-582.649543,0.3517523733227178
3,1,0.5_0.1,0.5,normal_67,2022-07-12 00:08:27.524,2022-07-12 00:08:28.024,0,False,True,True,0.0831122,0.1502947061965257,0.1580456793379686,0.341926,-0.908705,0.0206403999999999,0.0468799391189877,0.0467355225240929,0.114816,-0.172264,-98.636734,81.36717046124492,122.57935567330328,201.258203,-509.88155300000005,0.7718087812592476
3,1,0.5_0.1,0.5,normal_67,2022-07-12 00:08:27.624,2022-07-12 00:08:28.124,0,False,True,True,0.0122472,0.1444880274216518,0.1298130423432098,0.361772,-0.860396,0.0365667999999999,0.06063456666127,0.0654092608244428,0.120402,0.0134429999999999,-136.0720546,55.828450414170376,144.94501282756633,136.238827,-322.68932399999994,0.2671315191422371
3,1,0.5_0.1,0.5,normal_67,2022-07-12 00:08:27.724,2022-07-12 00:08:28.224,0,False,True,True,-0.0176232,0.090468961971496,0.0828147549800154,0.21242,-0.010581,0.0604382,0.1015375577197915,0.1090902219330403,0.234173,0.569198,-154.205412,30.332094088694568,156.57374567766487,78.37486999999999,-80.39773999999997,0.3550777547841969
3,1,0.5_0.1,0.5,normal_67,2022-07-12 00:08:27.824,2022-07-12 00:08:28.324,0,False,True,True,-0.0138176,0.0936779640032809,0.0849198140695091,0.21242,0.299976,0.0655496,0.0979972563789415,0.1094509929895567,0.234173,0.292791,-150.60915359999998,37.27238004590456,154.25466410950906,96.356162,180.53700400000025,0.3698853087647741
3,1,0.5_0.1,0.5,normal_67,2022-07-12 00:08:27.924,2022-07-12 00:08:28.424,0,False,True,True,0.0071928,0.1087395790050706,0.0975252439402229,0.227077,0.5901879999999999,0.0399025999999999,0.1343381911382612,0.1266081244051897,0.362408,-0.365632,-125.52548900000002,63.45902693114717,137.76170319768687,154.292003,390.8585680000003,-0.1316813025776726
3,1,0.5_0.1,0.5,normal_67,2022-07-12 00:08:28.024,2022-07-12 00:08:28.524,0,False,True,True,0.0667362,0.1166127801902518,0.1238246857189631,0.317563,0.6497829999999999,0.0126137999999999,0.1571084284585012,0.1410870461261416,0.362408,-0.8520080000000001,-82.12603120000001,81.9215950774721,110.06181532526718,202.915689,514.551341,-0.5223705945049743
3,1,0.5_0.1,0.5,normal_67,2022-07-12 00:08:28.124,2022-07-12 00:08:28.624,0,False,True,True,0.1026489999999999,0.0574256736355787,0.1147823313711653,0.141837,0.0761249999999999,-0.0252902,0.1518517293306204,0.138154813077938,0.362408,-0.766312,-29.046801999999992,93.12602779800925,88.21384443031421,233.905706,588.452539,-0.3858740958691736
3,1,0.5_0.1,0.5,normal_67,2022-07-12 00:08:28.224,2022-07-12 00:08:28.724,0,False,True,True,0.0980146,0.0593425278303848,0.1114634034138559,0.141837,-0.0204690000000001,-0.0493456,0.1060238033264228,0.1069010090541712,0.242131,0.216245,27.99475600000001,93.9766907348639,88.59458834872781,234.423668,594.033079,-0.6234198286161794
3,1,0.5_0.1,0.5,normal_67,2022-07-12 00:08:28.324,2022-07-12 00:08:28.824,0,False,True,True,0.0914048,0.0666019742552726,0.1091031431389581,0.1748859999999999,-0.2971150000000002,-0.0257354,0.1347234011792309,0.1232178017714973,0.281618,0.8015300000000002,83.01297360000001,86.99338327024341,113.77799775069462,217.155247,548.093035,-0.726910442205646
3,1,0.5_0.1,0.5,normal_67,2022-07-12 00:08:28.424,2022-07-12 00:08:28.924,0,False,True,True,0.0697768,0.0769259417277422,0.0979942969095651,0.198626,-0.4341390000000003,0.0117462,0.1190775500911066,0.1071519648116636,0.277781,0.589643,126.146285,65.791456263264,139.1966155949706,154.449961,397.892046,-0.7271441071812998
3,1,0.5_0.1,0.5,normal_67,2022-07-12 00:08:28.524,2022-07-12 00:08:29.024,0,False,True,True,0.040869,0.029119134490915,0.048462504638122,0.070311,-0.083391,0.041569,0.0858455379067543,0.0873129249527239,0.222501,0.132945,151.2200552,37.52622056791817,154.90022233289625,91.969504,164.9555179999999,-0.2980883022700072
3,1,0.5_0.1,0.5,normal_67,2022-07-12 00:08:28.624,2022-07-12 00:08:29.124,0,False,True,True,0.0064344,0.0717762898058962,0.064520307857294,0.181857,-0.3333669999999999,0.0444094,0.0807367413963432,0.0847757744724281,0.208299,-0.466291,154.967972,30.373658330266544,157.33124178650533,73.22992,-94.20611000000014,0.7309700338563914
3,1,0.5_0.1,0.5,normal_67,2022-07-12 00:08:28.724,2022-07-12 00:08:29.224,0,False,True,True,-0.0240286,0.0706714135191875,0.067623461675664,0.165633,-0.323034,0.0364144,0.0758010066311787,0.0769587071902848,0.208299,-0.2730130000000001,137.14708660000002,55.09116360991777,145.7304100357358,129.771847,-331.28492400000005,0.5121089685687601
3,1,0.5_0.1,0.5,normal_67,2022-07-12 00:08:28.824,2022-07-12 00:08:29.324,0,False,True,True,-0.026524,0.0687974869998897,0.0670074469741983,0.165633,-0.113565,0.0552312,0.1109974728392498,0.1136082595360038,0.302383,0.4257929999999999,99.5897656,75.50918455548259,120.33050724587714,186.297915,-473.28656700000016,0.4311987547586167
3,1,0.5_0.1,0.5,normal_67,2022-07-12 00:08:28.924,2022-07-12 00:08:29.424,0,False,True,True,-0.0417986,0.0701466990192696,0.0753894586039719,0.165633,-0.138111,0.0580696,0.1108304147168095,0.1148859569538418,0.302383,0.399681,49.5344706,88.71295273319765,93.53958607849574,222.684055,-559.9247950000001,0.4341278387291137
3,1,0.5_0.1,0.5,normal_67,2022-07-12 00:08:29.024,2022-07-12 00:08:29.524,0,False,True,True,-0.0512672,0.055856968577788,0.0715844015606752,0.122809,0.2422110000000001,0.0417142,0.1248658531152532,0.1192193755267993,0.304528,-0.0048459999999998,-5.706167400000001,92.6985053258996,83.10818646873177,232.05438,-586.102078,0.3982398220092465
3,1,0.5_0.1,0.5,normal_67,2022-07-12 00:08:29.124,2022-07-12 00:08:29.624,0,False,True,True,-0.0269756,0.0485392048791489,0.05111288021233,0.093267,0.179313,0.0317052,0.1374105883154569,0.1269273632121931,0.352428,-0.662292,-61.7444834,89.420705493698,101.04074072929896,223.649653,-564.797001,-0.1585718545216741
3,1,0.5_0.1,0.5,normal_67,2022-07-12 00:08:29.224,2022-07-12 00:08:29.724,0,False,True,True,-0.0265328,0.0479076167503665,0.0503994173577433,0.091053,-0.0958209999999999,-0.0045251999999999,0.1515433248849978,0.135619987055006,0.354698,-0.8877220000000002,-109.468832,74.59135328719782,128.19719641090705,180.606985,-462.8703050000001,0.1941378115130226
3,1,0.5_0.1,0.5,normal_67,2022-07-12 00:08:29.324,2022-07-12 00:08:29.824,0,False,True,True,-0.0283448,0.046307083785313,0.0501886889049714,0.0897019999999999,0.070618,-0.0254015999999999,0.1129926609245043,0.1042070747156832,0.250316,0.0892699999999999,-141.446465,47.3194106302242,147.64282494896136,116.628425,-254.9285,0.0187710285275861
3,1,0.5_0.1,0.5,normal_67,2022-07-12 00:08:29.424,2022-07-12 00:08:29.924,0,False,True,True,-0.0174842,0.0374975942188295,0.0378226507188483,0.0897019999999999,-0.0653369999999999,-0.0030946,0.1411937447828337,0.126325434500737,0.292131,0.7319680000000002,-153.52065,27.35207353134585,155.45770716691348,63.109290000000016,-7.956849999999974,0.2049421921232222
3,1,0.5_0.1,0.5,normal_67,2022-07-12 00:08:29.524,2022-07-12 00:08:30.024,0,False,True,True,-0.0411944,0.0532277969232242,0.0629566301798309,0.121719,-0.185718,-0.003106,0.1412006913102765,0.1263319255659471,0.292131,0.3878170000000001,-143.976515,44.3785042441259,149.34790987055007,110.82996500000002,247.9732500000001,0.4158394114364386
3,1,0.5_0.1,0.5,normal_67,2022-07-12 00:08:29.624,2022-07-12 00:08:30.124,0,False,True,True,-0.0590281999999999,0.0467362801761115,0.0723308530504099,0.11401,-0.1129439999999999,-0.0059374,0.1442350581249233,0.129144315835425,0.304018,-0.2239769999999999,-113.5564692,68.19613627432206,128.90167609215666,167.07231900000002,424.25578300000006,0.8606286554440459
3,1,0.5_0.1,0.5,normal_67,2022-07-12 00:08:29.724,2022-07-12 00:08:30.224,0,False,True,True,-0.049671,0.0459968003724172,0.0644963003326547,0.11401,-0.127601,-0.0126018,0.1515280228198731,0.1361153875320494,0.325453,-0.871294,-67.4188204,84.30595463971376,101.14985187482104,209.969424,530.7536670000002,0.6186196460955979
3,1,0.5_0.1,0.5,normal_67,2022-07-12 00:08:29.824,2022-07-12 00:08:30.324,0,False,True,True,-0.0714784,0.0413959032187969,0.080498809365108,0.089737,-0.0907249999999999,-0.0548358,0.1304150746144785,0.1288931274777674,0.325453,-0.5894050000000001,-13.9471544,92.2910960532606,83.71762206624825,231.81965,583.4975790000001,0.4418671542653366
3,3,1.0_0.1,1.0,normal_452,2022-07-12 00:57:12.712,2022-07-12 00:57:13.712,0,False,True,True,0.0562198,0.1083265174223026,0.1171402443705834,0.343845,0.083949090909091,0.0397745,0.1752514439688491,0.1709496200700662,0.505482,-0.1116075757575757,-36.7954184,127.61580314662083,126.53504141822702,346.44238,404.0693452121211,-0.2007781072108293
3,3,1.0_0.1,1.0,normal_452,2022-07-12 00:57:12.812,2022-07-12 00:57:13.812,0,False,True,True,0.0705793999999999,0.0861008992264308,0.1079512856208762,0.232889,-0.0801958787878787,0.0238243,0.1775090379520935,0.1700767766912931,0.505482,-0.138842,-4.995049400000002,137.77599780120596,130.80119850985523,351.4568,450.3197923636362,-0.1158206780230228
3,3,1.0_0.1,1.0,normal_452,2022-07-12 00:57:12.912,2022-07-12 00:57:13.912,0,False,True,True,0.0651240999999999,0.09468355943463,0.1109487592778756,0.287442,-0.2353355757575757,-0.0047132999999999,0.1621345638604962,0.153886550144254,0.505482,-0.0390341212121213,27.7429486,131.5973402995611,127.88958195861336,343.54726,422.5894534545454,0.1165422812382536
3,3,1.0_0.1,1.0,normal_452,2022-07-12 00:57:13.012,2022-07-12 00:57:14.012,0,False,True,True,0.0604136,0.0920240192367671,0.1061667611345471,0.287442,-0.177836606060606,-0.0145078,0.1495812115056938,0.1426448779760423,0.505482,0.1788847272727273,55.7021676,114.09514211668971,121.73193001223363,315.41875,338.69794666666667,0.0241109802560272
3,3,1.0_0.1,1.0,normal_52,2022-07-12 00:06:36.431,2022-07-12 00:06:37.431,0,False,True,True,-0.0586257,0.0755824963159093,0.0926197337228951,0.283457,0.0929059999999999,-0.0416667999999999,0.1105843991556775,0.1128810906449791,0.387362,-0.0315042424242423,-68.36049080000001,99.27635139599408,116.37599088414969,287.55418,262.9460052121211,-0.4331668498532712
3,3,1.0_0.1,1.0,normal_52,2022-07-12 00:06:36.531,2022-07-12 00:06:37.531,0,False,True,True,-0.0534780999999999,0.0757376861314395,0.0895683234748758,0.283457,0.0953943636363636,-0.0277193,0.1065319487040285,0.1047974717142546,0.387362,-0.0659132727272727,-44.11508239999999,123.27348398615568,124.99142836144917,335.68923,383.0937683636363,-0.4649032345914636
3,3,1.0_0.1,1.0,normal_52,2022-07-12 00:06:36.631,2022-07-12 00:06:37.631,0,False,True,True,-0.0398258,0.0569526483781824,0.0671218152853452,0.197036,-0.0041929696969697,-0.025854,0.1067608052840034,0.1045299569807622,0.387362,-0.0516391515151515,-13.183213400000009,137.2153006577377,130.83971865104252,350.42242,447.1351658181817,-0.6155457214148623
3,3,1.0_0.1,1.0,normal_52,2022-07-12 00:06:36.731,2022-07-12 00:06:37.731,0,False,True,True,-0.0417161,0.0582887802610607,0.0692680064178261,0.197036,-0.0486239393939393,-0.0315318,0.097561022462639,0.0977782808439583,0.330584,0.1289413333333332,19.912185599999997,134.8869190393576,129.5049341550585,350.42242,436.6933220606059,-0.6725092122747952
3,3,1.0_0.1,1.0,normal_52,2022-07-12 00:06:36.831,2022-07-12 00:06:37.831,0,False,True,True,-0.0283578,0.0638562588001799,0.0668881486513119,0.197036,-0.0208561212121211,-0.0175627999999999,0.1180988093408792,0.1134065599284274,0.426667,0.3018895757575756,49.57929259999999,119.88116416869356,124.06631462614476,326.69643,366.404504969697,-0.1791499734608506
3,3,1.0_0.1,1.0,normal_52,2022-07-12 00:06:36.931,2022-07-12 00:06:37.931,0,False,True,True,-0.020557,0.0602949365867483,0.0607825771845847,0.197036,-0.051772,-0.0173914,0.1180739859750844,0.1133568716117377,0.426667,0.2832327272727272,71.70073649999999,97.77317642859222,117.23749502904516,286.38354,247.75617157575763,-0.2091929687329357
3,3,1.0_0.1,1.0,normal_52,2022-07-12 00:06:37.031,2022-07-12 00:06:38.031,0,False,True,True,-0.0233828,0.0551705436236886,0.0573250846593356,0.1687779999999999,0.0624399999999999,-0.0265228999999999,0.1317544358970294,0.1277762593954761,0.426667,0.0790783636363637,84.3010407,78.2842997035273,112.34880455602352,233.977342,99.22458660606064,-0.2636540446382719
3,3,1.0_0.1,1.0,normal_52,2022-07-12 00:06:37.131,2022-07-12 00:06:38.131,0,False,True,True,-0.0104185,0.0758309680235514,0.0726900769190678,0.252519,0.1763141212121211,-0.0263061,0.131367748904829,0.1273724766356531,0.424499,-0.1769076969696969,85.5951292,75.79050403011959,111.786880239992,221.036457,-62.72769757575748,-0.4954940382989717
3,3,1.0_0.1,1.0,normal_52,2022-07-12 00:06:37.231,2022-07-12 00:06:38.231,0,True,True,True,-0.0024791999999999,0.0768988475290032,0.0729947663110171,0.252519,0.1875193939393938,-0.0295191,0.132792568573404,0.1293903277154053,0.424499,-0.2408039393939393,75.6622286,92.76611280104376,116.05933548195524,277.510791,-219.855718060606,-0.5321405491892119
3,3,1.0_0.1,1.0,normal_52,2022-07-12 00:06:37.331,2022-07-12 00:06:38.331,0,False,True,True,0.0135538999999999,0.0877181058954066,0.0843132711789787,0.252519,0.2481110909090909,-0.0149449,0.1480521055975827,0.141247419129342,0.424499,-0.0804124242424242,54.54052130000001,117.20111811352972,123.8432894509474,328.65838,-352.34889193939387,-0.1745798759164782
3,3,1.0_0.1,1.0,normal_52,2022-07-12 00:06:37.431,2022-07-12 00:06:38.431,0,False,True,True,0.030267,0.0766466469629733,0.0787612146338538,0.2287449999999999,0.1887208484848485,0.0097291,0.1678367665186425,0.1595209000811492,0.471263,0.0577474545454545,25.11351430000001,135.565890292465,131.03811716522063,357.13831,-438.3924589696969,-0.1161264152534494
3,3,1.0_0.1,1.0,normal_52,2022-07-12 00:06:37.531,2022-07-12 00:06:38.531,0,False,True,True,0.0248423999999999,0.0829126460374612,0.082487581025267,0.2287449999999999,0.0881890909090909,0.0156283,0.1687510373861446,0.1608523084009054,0.471263,0.0862011515151515,-8.082664700000004,138.36262660543125,131.51092831278785,357.13831,-450.98053145454526,-0.1557354772823483
3,3,1.0_0.1,1.0,normal_52,2022-07-12 00:06:37.631,2022-07-12 00:06:38.631,0,False,True,True,0.0239988,0.0839148721526762,0.0831473246292386,0.2287449999999999,-0.0199183030303029,0.0226889,0.169236634980235,0.1621472199598254,0.471263,0.0988804242424242,-39.849332700000005,126.6481948242917,126.58498348406836,338.52092,-397.6750663636364,-0.2033935197553183
3,3,1.0_0.1,1.0,normal_52,2022-07-12 00:06:37.731,2022-07-12 00:06:38.731,0,False,True,True,0.0175887,0.095036848882771,0.0918594837167072,0.292846,-0.189278606060606,0.0195622999999999,0.1681009726808067,0.1606699315239164,0.471263,0.1657148484848483,-64.98301699999999,105.7449696843137,119.52652948448336,303.38696,-292.2511713939394,-0.175002715186766
3,3,1.0_0.1,1.0,normal_52,2022-07-12 00:06:37.831,2022-07-12 00:06:38.831,0,False,True,True,0.006618,0.096600820455453,0.0918822321529032,0.292846,-0.2041802424242423,0.0107396999999999,0.1604193246581872,0.1525656085344924,0.471263,0.3217342424242423,-81.1802118,83.4502132236866,113.39211201077325,251.656319,-150.20433454545454,-0.2738849447003937
3,3,1.0_0.1,1.0,normal_52,2022-07-12 00:06:37.931,2022-07-12 00:06:38.931,0,True,True,True,0.0266053999999999,0.1120088043694185,0.1095409619265779,0.339894,-0.1164635151515151,0.0353434,0.1716110014345752,0.1665966931112379,0.471263,0.4041159999999999,-86.27489560000001,73.98539977468901,111.21966126827304,200.709481,9.330809333333272,-0.0393615527413103
3,3,1.0_0.1,1.0,normal_52,2022-07-12 00:06:38.031,2022-07-12 00:06:39.031,0,False,True,True,0.0437897,0.1292387773860203,0.1301919093043035,0.380948,0.0154758181818181,0.0568215,0.1452943209452608,0.1490908400650422,0.471263,0.1923172727272728,-79.86945779999999,85.87793151088167,114.09052326023794,260.81219,171.2256186666666,-0.0796298160909336
3,3,1.0_0.1,1.0,normal_52,2022-07-12 00:06:38.131,2022-07-12 00:06:39.131,0,False,True,True,0.0450613,0.1303686154742688,0.1316316795771443,0.380948,0.1412933939393939,0.0514083,0.1578992010619785,0.158372204743446,0.5253950000000001,-0.1927735151515149,-62.06359309999999,109.71028610319162,121.18003869302116,314.1605,314.01803315151494,-0.1247725620637865
3,3,1.0_0.1,1.0,normal_52,2022-07-12 00:06:38.231,2022-07-12 00:06:39.231,0,True,True,True,0.0574523,0.1358697818051861,0.141121595166367,0.380948,0.2057663636363635,0.0431466,0.1683262823785334,0.1654146084751888,0.5253950000000001,-0.4173528484848483,-34.49114899999999,131.89393590955012,129.79232895699755,355.35196,420.0460944242423,-0.2451892444135457
3,3,1.0_0.1,1.0,normal_52,2022-07-12 00:06:38.331,2022-07-12 00:06:39.331,0,True,True,True,0.0557674999999999,0.1348927626872134,0.1395939315984043,0.380948,0.2914113333333332,0.0261031,0.1610686675368614,0.155016695634696,0.5253950000000001,-0.3408441818181817,-1.7085069999999944,140.5052248960457,133.30590908488858,356.30635,459.0751950303031,-0.3251161978688012
3,3,1.0_0.1,1.0,normal_52,2022-07-12 00:06:38.431,2022-07-12 00:06:39.431,0,True,True,True,0.0520936,0.1353706910426987,0.1385873181607898,0.380948,0.2722343030303031,0.0180707,0.1512088504663151,0.1445830384654438,0.504676,-0.1317592121212121,31.445734000000005,133.1301215421377,130.15414139565698,345.86302,425.8735362424241,-0.3725951443680428
3,3,1.0_0.1,1.0,normal_52,2022-07-12 00:06:38.531,2022-07-12 00:06:39.531,0,True,True,True,0.0593516999999999,0.1291550855230081,0.1361453517300535,0.380948,0.148671696969697,0.0345284,0.1652656669084995,0.1605418232094054,0.520877,0.0156807272727272,59.29359900000001,114.65330407527742,123.88128593219004,316.83472,336.19963139393934,-0.398684398608907
3,3,1.0_0.1,1.0,normal_52,2022-07-12 00:06:38.631,2022-07-12 00:06:39.631,0,False,True,True,0.0615429,0.1269020514031283,0.1352081585027323,0.380948,0.0050628484848485,0.0356705,0.1655382842112697,0.1610435213099242,0.520877,0.0587510909090908,78.7461609,91.46181266033744,117.17377997697218,269.122273,202.16399448484847,-0.4081332590778164
3,3,1.0_0.1,1.0,normal_52,2022-07-12 00:06:38.731,2022-07-12 00:06:39.731,0,False,True,True,0.0750953,0.107426263610648,0.1265925194634343,0.285013,-0.1786172727272726,0.0218286,0.168970784641869,0.1617791742907596,0.520877,0.0135049696969696,87.6797538,76.10058476133422,113.57776334892289,214.891338,45.00656921212129,-0.3749029792014546
3,3,1.0_0.1,1.0,normal_52,2022-07-12 00:06:38.831,2022-07-12 00:06:39.831,0,True,True,True,0.0829382,0.0994351971764078,0.1256079918357108,0.277043,-0.2935824242424243,0.0004571999999999,0.1715157728761086,0.1627147914069277,0.520877,-0.0086112727272728,84.9214413,81.43018372856895,114.80173575486997,242.474463,-121.0190163030302,-0.2762864144873406
3,3,1.0_0.1,1.0,normal_52,2022-07-12 00:06:38.931,2022-07-12 00:06:39.931,0,True,True,True,0.0634662,0.0953583367593579,0.1105072381927989,0.277043,-0.2713366060606061,-0.0268349999999999,0.1546400900873451,0.1491385897110469,0.520877,0.1013922424242422,70.81277019999999,102.86468827415108,120.57146473259108,296.68358,-273.740156,-0.4904317368125609
3,3,1.0_0.1,1.0,normal_52,2022-07-12 00:06:39.031,2022-07-12 00:06:40.031,0,True,True,True,0.0511127,0.0777716538707316,0.0897557532000038,0.213476,-0.1368977575757575,-0.0120757,0.1620948652994768,0.1542501000041815,0.520877,0.1886538787878788,45.9250382,126.99509101807622,128.93442892451952,344.37148,-395.3029853333331,-0.5077821935794815
3,3,1.0_0.1,1.0,normal_52,2022-07-12 00:06:39.131,2022-07-12 00:06:40.131,0,False,True,True,0.0510321,0.0776528327170933,0.0896171937548816,0.213476,-0.0119188484848485,0.0277345,0.132206329572167,0.1284517991750212,0.409535,0.068133393939394,14.163686199999995,140.95192939468086,134.46676826207602,359.75937,-459.5267213333332,-0.1784086341715655
3,3,1.0_0.1,1.0,normal_52,2022-07-12 00:06:39.231,2022-07-12 00:06:40.231,0,False,True,True,0.0372662,0.0663000351814889,0.0731087878507091,0.200851,0.0528367272727272,0.0352072,0.1208253353847794,0.1199101014743962,0.344186,-0.1420682424242423,-19.738855799999996,138.16286812751628,132.55075535277984,359.75937,-447.0020246060605,0.1578479321984891
3,3,1.0_0.1,1.0,normal_52,2022-07-12 00:06:39.331,2022-07-12 00:06:40.331,0,False,True,True,0.0312625999999999,0.0605622284398452,0.0654091379013666,0.200851,0.1189707878787878,0.0186723,0.1347818873580159,0.1292215006533355,0.383048,-0.2597497575757575,-50.1549428,122.36869270365348,126.46029236828582,334.99543,-373.20947393939394,0.1114484724747266
3,3,1.0_0.1,1.0,normal_52,2022-07-12 00:06:39.431,2022-07-12 00:06:40.431,0,False,True,True,0.0301226999999999,0.0609094841530355,0.065163991506813,0.200851,0.0987863636363636,-0.0017432,0.1271829865777826,0.1206689670694168,0.383048,-0.2065643636363636,-72.8321885,99.32968159935407,119.0977529748806,292.375,-250.3539743636364,0.1590211427938573
3,3,1.0_0.1,1.0,normal_52,2022-07-12 00:06:39.531,2022-07-12 00:06:40.531,0,False,True,True,0.0274466999999999,0.0634013508461942,0.0661141399482743,0.200851,0.0356461212121212,-0.01175,0.1096289018178043,0.1046647457475534,0.28298,0.0200278787878787,-85.6958139,79.22594981689386,113.9861769335805,237.450269,-98.14319351515154,0.1805924402893453
3,3,1.0_0.1,1.0,normal_52,2022-07-12 00:06:39.631,2022-07-12 00:06:40.631,0,False,True,True,0.0350148,0.0577858419738106,0.0650485925935373,0.190463,-0.0134014545454545,0.0056443999999999,0.1358282519419285,0.1289815563342294,0.403109,0.2216858181818181,-86.8009318,77.08251151121348,113.4986519044917,226.39909,67.22174266666659,0.2385235361919463
3,3,1.0_0.1,1.0,normal_52,2022-07-12 00:06:39.731,2022-07-12 00:06:40.731,0,False,True,True,0.0239782999999999,0.0761252043603168,0.0760953410919486,0.279597,-0.1347760606060605,0.0204875999999999,0.1337927929459082,0.1285698333731517,0.403109,0.2015185454545454,-76.4036034,94.8014825575468,118.00889626677495,283.94631000000004,226.9974464242423,0.041701715427666
3,3,1.0_0.1,1.0,normal_52,2022-07-12 00:06:39.831,2022-07-12 00:06:40.831,0,False,True,True,0.0109276999999999,0.0866916076305351,0.0829656915688647,0.279597,-0.2066803030303029,0.0191001999999999,0.1354041252004121,0.1298678830550494,0.403109,0.0309841212121212,-54.6030231,119.659894344712,125.96877158561168,335.29071,360.3842849090908,0.2177716132952908
3,3,1.0_0.1,1.0,normal_52,2022-07-12 00:06:39.931,2022-07-12 00:06:40.931,0,False,True,True,0.0110888999999999,0.0866585290839216,0.0829559780841622,0.279597,-0.2260830909090909,0.0116456999999999,0.1420635061286559,0.1352754897411205,0.403109,-0.1042188484848485,-24.25864110000001,138.58594242033627,133.69345070308452,366.51961,448.2407116969696,0.2167893644018931
3,3,0.5_0.1,0.5,normal_452,2022-07-12 00:57:12.812,2022-07-12 00:57:13.312,0,False,True,True,0.0966284,0.0876032221228192,0.1244046112794859,0.232889,0.374191,-0.0047393999999999,0.2183915312215654,0.1953928111262028,0.471717,-1.239697,-123.3413834,55.85923502259461,133.0762945414147,133.95346899999998,341.357272,-0.622661759124243
3,3,0.5_0.1,0.5,normal_452,2022-07-12 00:57:12.912,2022-07-12 00:57:13.412,0,False,True,True,0.1226478,0.0513440758384061,0.1309635603662332,0.138907,-0.013067,-0.0398074,0.1812791049219407,0.1669560427172374,0.456277,-0.3937550000000002,-85.006103,74.1539107018792,107.81966205267211,183.766862,465.4491430000001,-0.3239097129344233
3,3,0.5_0.1,0.5,normal_452,2022-07-12 00:57:13.012,2022-07-12 00:57:13.512,0,False,True,True,0.1297958,0.0555897734992687,0.1389932661383277,0.138907,0.1139639999999999,-0.0299663999999999,0.1992917878571518,0.1807533083924053,0.505482,0.999417,-36.411908800000006,85.4997492077625,84.69942617356828,214.842461,540.00145,-0.0191990477965604
3,3,0.5_0.1,0.5,normal_452,2022-07-12 00:57:13.112,2022-07-12 00:57:13.612,0,True,True,True,0.112834,0.0862606467341858,0.1366902735969169,0.223716,-0.399033,0.006053,0.2035025754493048,0.1821188550935899,0.505482,1.093593,16.8341172,88.3695708676405,80.81294664945763,220.908306,558.7436540000001,-0.2980192170230679
3,3,0.5_0.1,0.5,normal_452,2022-07-12 00:57:13.212,2022-07-12 00:57:13.712,0,False,True,True,0.0687946,0.0868241004923172,0.1037469832342126,0.193187,-0.4034620000000001,0.035047,0.1673000109668257,0.1536871079323181,0.4254749999999999,0.167608,69.8506184,84.8226233058198,103.12618886804272,212.488911,535.5696,0.3394916306828031
3,3,0.5_0.1,0.5,normal_452,2022-07-12 00:57:13.312,2022-07-12 00:57:13.812,0,False,True,True,0.0445304,0.0854948558587006,0.0884898458965773,0.193187,-0.3845820000000002,0.052388,0.1454706446143001,0.1402635708215073,0.3605119999999999,-0.6198419999999999,113.3512846,67.63960723834043,128.48582370968307,159.780398,415.1226650000001,0.7871602037666596
3,3,0.5_0.1,0.5,normal_452,2022-07-12 00:57:13.412,2022-07-12 00:57:13.912,0,False,True,True,0.0076004,0.0962421045244751,0.0864164349345655,0.256913,-0.4903590000000001,0.0303808,0.1523352693163996,0.1395987837726389,0.3605119999999999,-0.805629,140.4920002,41.05497384222367,145.2116070496616,100.576289,202.1875579999999,0.8244384561091312
3,3,0.5_0.1,0.5,normal_452,2022-07-12 00:57:13.512,2022-07-12 00:57:14.012,0,False,True,True,-0.0089686,0.0626817210381144,0.056777057935402,0.174068,0.1534389999999999,0.0009508,0.1001402760516466,0.0895732322225786,0.213362,0.0899169999999999,147.816244,27.69681354884132,149.87772607987804,63.95506999999999,-48.595300000000144,0.5800300391475959
3,3,0.5_0.1,0.5,normal_52,2022-07-12 00:06:37.431,2022-07-12 00:06:37.931,0,False,True,True,-0.0263969999999999,0.0539372522242281,0.0549925754170506,0.141541,0.149817,0.0497676,0.0901372018220002,0.094744847520063,0.219992,0.116326,140.32756579999997,42.31317414407696,145.34149265874117,105.481991,-235.24895200000023,0.4816756482337052
3,3,0.5_0.1,0.5,normal_52,2022-07-12 00:06:37.531,2022-07-12 00:06:38.031,0,False,True,True,-0.0091196,0.0657362704091128,0.0594993521141197,0.145004,0.3132709999999999,0.0012278,0.158545658493697,0.1418128631492926,0.424022,-0.5846250000000001,111.1981042,65.58219374783943,125.7212698277319,160.380498,-407.6255970000001,-0.2561235367733123
3,3,0.5_0.1,0.5,normal_52,2022-07-12 00:06:37.631,2022-07-12 00:06:38.131,0,False,True,True,0.0313638,0.0855019998988327,0.0826568904556661,0.2287449999999999,0.460953,-0.0449391999999999,0.1912888599702031,0.1768973545749059,0.424499,-1.0808540000000002,66.99081279999999,81.21763325109981,98.8170641151252,202.419067,-511.4672820000001,-0.5744913201028071
3,3,0.5_0.1,0.5,normal_52,2022-07-12 00:06:37.731,2022-07-12 00:06:38.231,0,False,True,True,0.0572378,0.0548583679460116,0.0753904382252815,0.152826,0.128484,-0.082657,0.1755040998723391,0.1774078095986758,0.424499,-0.7738510000000001,15.2121326,89.06374652352774,81.10049157733721,223.759441,-563.0733480000001,-0.4440536431140524
3,3,0.5_0.1,0.5,normal_52,2022-07-12 00:06:37.831,2022-07-12 00:06:38.331,0,False,True,True,0.0734434,0.0649479210082971,0.0936403703442057,0.152826,0.2776659999999999,-0.0836606,0.1735733185250544,0.176355474866532,0.419481,0.5692980000000002,-39.7692734,89.12695730312166,89.08696156707738,223.176389,-563.483071,0.1001411663088425
3,3,0.5_0.1,0.5,normal_52,2022-07-12 00:06:37.931,2022-07-12 00:06:38.431,0,False,True,True,0.086931,0.0477686579935002,0.096863174169547,0.0993749999999999,-0.0094699999999999,-0.0303093999999999,0.2263807336806734,0.2047370239937076,0.471263,1.361053,-90.1005372,79.84140536410825,114.96880799652254,196.757812,-501.1375469999999,-0.0028786864531519
3,3,0.5_0.1,0.5,normal_52,2022-07-12 00:06:38.031,2022-07-12 00:06:38.531,0,False,True,True,0.0588044,0.0909001628535394,0.1003405657986838,0.224374,-0.434761,0.0300288,0.1960048253607548,0.1778652357297513,0.471263,0.9357720000000002,-127.3634336,56.601309899854094,137.05623241678967,136.101853,-330.9445649999999,-0.1939749205731127
3,3,0.5_0.1,0.5,normal_52,2022-07-12 00:06:38.131,2022-07-12 00:06:38.631,0,False,True,True,0.0166338,0.0916386268431604,0.0836348829508357,0.218198,-0.4411540000000001,0.090317,0.128128877194019,0.1459135628576041,0.331436,0.205915,-146.6894782,30.9212894379156,149.2739224613293,79.62751899999999,-98.34837799999998,0.352785083450441
3,3,0.5_0.1,0.5,normal_52,2022-07-12 00:06:38.231,2022-07-12 00:06:38.731,0,False,True,True,-0.0220604,0.115682486106584,0.1057951384591938,0.28667,-0.6988050000000001,0.1217816,0.0815886388126435,0.1419722609709375,0.174113,-0.4144840000000003,-145.1781666,33.89676809422696,148.3101236164423,87.184077,156.87992400000013,0.8599979566429932
3,3,0.5_0.1,0.5,normal_52,2022-07-12 00:06:38.331,2022-07-12 00:06:38.831,0,False,True,True,-0.0602074,0.074926957747529,0.0900897897244743,0.207458,-0.291518,0.1051399999999999,0.0741354899794963,0.1243031628704595,0.174113,-0.2749980000000002,-122.5911502,58.635156944390005,133.3381243728648,141.415012,359.5707710000001,0.916741100151193
3,3,0.5_0.1,0.5,normal_52,2022-07-12 00:06:38.431,2022-07-12 00:06:38.931,0,False,True,True,-0.0337201999999999,0.1298023414723324,0.120896526705278,0.339894,0.5567860000000001,0.1009962,0.0651098581529709,0.1165833063410023,0.153394,0.3315839999999999,-82.44925399999998,76.84334558015588,107.339644554645,190.266151,482.4756840000003,0.9738170074647092
3,3,0.5_0.1,0.5,normal_52,2022-07-12 00:06:38.531,2022-07-12 00:06:39.031,0,False,True,True,0.028775,0.1695716542011075,0.1543749893985421,0.380948,0.937804,0.0836142,0.0853579277202768,0.1132259471207902,0.235286,-0.0189719999999999,-32.37548199999999,88.03914127088873,85.14037908833109,221.34056,556.206524,0.0758170943017113
3,3,0.5_0.1,0.5,normal_52,2022-07-12 00:06:38.631,2022-07-12 00:06:39.131,0,False,True,True,0.0734887999999999,0.1668022810281682,0.1663099650965028,0.380948,0.8961370000000001,0.0124996,0.1894614164039739,0.1699198123963183,0.504676,-0.823579,22.562292,90.6741598251674,84.18134964642267,226.976423,573.3500240000001,-0.226439555244566
3,3,0.5_0.1,0.5,normal_52,2022-07-12 00:06:38.731,2022-07-12 00:06:39.231,0,True,True,True,0.136965,0.1111226051372986,0.1692276511773415,0.285013,0.40856,-0.0354883999999999,0.2040478987095922,0.1859243461970486,0.504676,-1.0628020000000002,76.1958686,85.80788245646536,108.14899234407378,213.936948,541.3249149999999,-0.2250499767856814
3,3,0.5_0.1,0.5,normal_52,2022-07-12 00:06:38.831,2022-07-12 00:06:39.331,0,True,True,True,0.1717424,0.0412508985938488,0.175660926974669,0.111126,-0.2037110000000001,-0.0529337999999999,0.1930255435459255,0.1805798315189157,0.504676,-0.5610440000000001,119.1741362,66.70270462664405,133.27368600974316,155.59686900000003,405.733508,0.2423780195066646
3,3,0.5_0.1,0.5,normal_52,2022-07-12 00:06:38.931,2022-07-12 00:06:39.431,0,True,True,True,0.1379073999999999,0.0772857390292672,0.1542625014078275,0.210229,-0.4561980000000002,-0.0648547999999999,0.1732436781796092,0.1679786971803269,0.445071,0.6545400000000002,145.340722,39.2822523584528,149.52726089835198,95.49416,183.60628999999997,-0.5676127065506384
3,3,0.5_0.1,0.5,normal_52,2022-07-12 00:06:39.031,2022-07-12 00:06:39.531,0,True,True,True,0.0899283999999999,0.0802524074174725,0.1150629229752138,0.1763279999999999,-0.4756800000000002,-0.0145573999999999,0.219417755100402,0.1967923750997482,0.520877,1.375483000000001,150.96267999999998,28.603564120991116,153.1151914642088,67.38437,-74.28658999999999,-0.9366009607088877
3,3,0.5_0.1,0.5,normal_52,2022-07-12 00:06:39.131,2022-07-12 00:06:39.631,0,False,True,True,0.0495969999999999,0.0897470427925065,0.0943582946062507,0.213476,-0.5557210000000001,0.0588414,0.1562649133404552,0.1516485702768081,0.409535,0.7290030000000001,134.9300298,52.042973325675966,142.73363233621748,122.309101,-310.0937920000001,-0.8159250754818229
3,3,0.5_0.1,0.5,normal_52,2022-07-12 00:06:39.231,2022-07-12 00:06:39.731,0,False,True,True,0.0132256,0.0636240672803932,0.0584237455594897,0.165917,-0.33541,0.0791456,0.1199641298484676,0.1333309414937133,0.308014,-0.258707,99.163639,73.05977698028347,118.75862962180612,179.786344,-457.1178490000001,-0.1760055276739406
3,3,0.5_0.1,0.5,normal_52,2022-07-12 00:06:39.331,2022-07-12 00:06:39.831,0,False,True,True,-0.005866,0.0288002605109745,0.0264191968159518,0.070459,0.0017609999999999,0.0538482,0.1476630560201162,0.1426293487813781,0.344186,-0.8447740000000004,50.66874639999999,86.81647179748539,92.72001769865216,217.710523,-547.82302,-0.1595512383844838
3,3,0.5_0.1,0.5,normal_52,2022-07-12 00:06:39.431,2022-07-12 00:06:39.931,0,False,True,True,-0.0109749999999999,0.0251577378851915,0.02503557559554,0.070459,0.078701,0.0111847999999999,0.1420505870480654,0.1275452671626822,0.344186,-0.7685490000000003,-3.7151816,91.53381813188032,81.95458781399057,229.29921,-578.7637820000001,-0.4467444649327464
3,3,0.5_0.1,0.5,normal_52,2022-07-12 00:06:39.531,2022-07-12 00:06:40.031,0,False,True,True,0.012297,0.0583255734262424,0.0535977072401422,0.153508,0.316666,-0.009594,0.1046834691415029,0.09412198364463,0.240292,0.1188689999999999,-59.112603600000014,88.80886894542051,99.0147063171054,222.062379,-561.021994,0.3816621005554488
3,3,0.5_0.1,0.5,normal_52,2022-07-12 00:06:39.631,2022-07-12 00:06:40.131,0,False,True,True,0.0524672,0.0742141158756203,0.0846108448840927,0.169232,0.421513,-0.0033724,0.1117534533797502,0.1000122020335518,0.240292,0.61077,-106.6026574,74.3774761693807,125.65720724973644,179.973026,-461.843069,0.8962655016589651
3,3,0.5_0.1,0.5,normal_52,2022-07-12 00:06:39.731,2022-07-12 00:06:40.231,0,False,True,True,0.0613068,0.0663130073077673,0.0853021434478641,0.159582,0.170298,-0.0087312,0.1167448663655066,0.104784182544886,0.240292,0.1851040000000001,-138.64135059999998,47.62312047923185,145.03721377472633,117.284907,-258.086484,0.8821335438799729
3,3,0.5_0.1,0.5,normal_52,2022-07-12 00:06:39.831,2022-07-12 00:06:40.331,0,False,True,True,0.0683912,0.0630612841226691,0.0886495159693497,0.159582,0.0515329999999999,-0.0165036,0.1263966599412342,0.1142508701428571,0.279154,-0.4187639999999999,-150.978632,27.22274070319832,152.92942623872713,63.07579000000001,-10.562909999999778,0.75155894667175
3,3,0.5_0.1,0.5,normal_52,2022-07-12 00:06:39.931,2022-07-12 00:06:40.431,0,False,True,True,0.0712203999999999,0.0590927888646322,0.0886899742518848,0.145436,-0.291156,-0.0146712,0.12569287938344,0.1133763822478032,0.279154,-0.6124070000000001,-141.9491954,43.3362000650566,147.146169041434,108.222973,241.2686660000002,0.7669465335817165
3,3,0.5_0.1,0.5,normal_52,2022-07-12 00:06:40.031,2022-07-12 00:06:40.531,0,False,True,True,0.0425963999999999,0.0711950796038602,0.0766123017589212,0.190463,-0.4013280000000002,-0.013906,0.1267728942025857,0.1142386545771614,0.28298,0.1002609999999999,-112.2790242,66.85063314490948,127.20764519793772,163.738746,415.9209050000002,0.0637741177963165
3,3,0.5_0.1,0.5,normal_52,2022-07-12 00:06:40.131,2022-07-12 00:06:40.631,0,False,True,True,0.0175624,0.0352704875044278,0.0361060067689574,0.095493,-0.095765,0.0146611999999999,0.1697612014262976,0.1525452168807662,0.403109,0.992718,-66.9992062,82.80444283853844,99.87068756382295,206.61953,521.3793060000003,-0.472241124020487
3,3,0.5_0.1,0.5,normal_52,2022-07-12 00:06:40.231,2022-07-12 00:06:40.731,0,False,True,True,-0.0133501999999999,0.071818506972089,0.0656090404974802,0.1846269999999999,-0.348988,0.0497064,0.1565644954748681,0.1485956903668474,0.403109,0.7469540000000002,-14.165856200000002,90.93771450002303,82.56152746085334,228.34781,574.871737,-0.2798621433758331
3,3,0.5_0.1,0.5,normal_52,2022-07-12 00:06:40.331,2022-07-12 00:06:40.831,0,False,True,True,-0.0465358,0.0683949430857282,0.0768627040468912,0.1544269999999999,-0.3200579999999999,0.0547039999999999,0.148683998609467,0.1437987231167231,0.378121,-0.215712,41.7725858,90.85637357562882,91.37206038975889,227.067737,574.343038,0.4794828882815986
3,3,0.5_0.1,0.5,normal_52,2022-07-12 00:06:40.431,2022-07-12 00:06:40.931,0,False,True,True,-0.0490426,0.0660709888324671,0.076795032827651,0.1544269999999999,-0.070742,0.0379625999999999,0.1669713792804024,0.1540931932234516,0.383729,-0.905321,93.4319132,81.90207608795379,118.72608162584122,202.780864,514.4533479999999,0.3865745660711024
4,1,1.0_0.1,1.0,normal_178,2022-07-12 00:22:29.076,2022-07-12 00:22:30.076,0,False,True,True,0.0341822,0.180829441343555,0.174922214048988,0.588644,0.214216,0.0532333,0.159726805247133,0.1606087522892199,0.464962,0.1281370303030304,54.0548273,120.077169579892,126.0896440764235,332.15968,362.8851476969696,0.4709191365739559
4,1,1.0_0.1,1.0,normal_178,2022-07-12 00:22:29.176,2022-07-12 00:22:30.176,0,False,True,True,0.0713312,0.184859551360726,0.1893248225928127,0.588644,0.2358551515151515,0.0613746999999999,0.1453292888940682,0.1509151940312836,0.383548,-0.1661199393939392,75.7116411,96.98024271416443,119.15075881950408,289.24826,236.61728684848487,0.1393157646113171
4,1,1.0_0.1,1.0,normal_178,2022-07-12 00:22:29.276,2022-07-12 00:22:30.276,0,False,True,True,0.075692,0.1847992407494023,0.1909580118963328,0.588644,0.2330665454545454,0.0425998,0.1718360163119348,0.1684921298215438,0.482185,-0.4103632727272726,87.3945578,78.02081310935291,114.52655274423331,233.605176,81.70950993939401,0.0886294608960434
4,1,0.5_0.1,0.5,normal_178,2022-07-12 00:22:29.276,2022-07-12 00:22:29.776,0,False,True,True,-0.0249091999999999,0.1862359577691698,0.1684266422440345,0.442982,-0.829129,0.0928005999999999,0.1558395621987562,0.1674536553121489,0.352213,-0.9400970000000004,64.8861486,86.8313930853592,101.20259354510938,217.726496,547.981805,0.8756183328565131
4,1,0.5_0.1,0.5,normal_178,2022-07-12 00:22:29.376,2022-07-12 00:22:29.876,0,False,True,True,-0.031719,0.1829886726398658,0.1667152614867637,0.442982,-0.4769960000000001,0.0868674,0.1493198541932719,0.1593206837413146,0.322547,-0.2694470000000002,111.6071838,71.76173791440655,128.74766443925793,175.197743,445.674834,0.8691655730685592
4,1,0.5_0.1,0.5,normal_178,2022-07-12 00:22:29.476,2022-07-12 00:22:29.976,0,False,True,True,-0.0090759999999999,0.2005662174058732,0.1796213234212464,0.442982,0.1185039999999999,0.074213,0.1392688595900031,0.1449973157344645,0.322547,0.1889869999999999,141.8785024,44.67546517674773,147.39819264249425,111.158028,237.3026859999999,0.8756819752119415
4,1,0.5_0.1,0.5,normal_178,2022-07-12 00:22:29.576,2022-07-12 00:22:30.076,0,False,True,True,0.0200564,0.245228844380713,0.2202544166957838,0.588644,1.4853930000000002,0.040982,0.1313193535679337,0.1243999293456391,0.322547,0.318447,151.795572,28.117840689753724,153.86483045469058,62.66893,-5.769970000000043,0.4362037472624228
4,1,0.5_0.1,0.5,normal_178,2022-07-12 00:22:29.676,2022-07-12 00:22:30.176,0,False,True,True,0.1103012,0.2288401861446105,0.2325093962772257,0.588644,1.313209,0.0183934,0.154617454888832,0.1395118742207988,0.353882,-0.2713889999999999,141.2110496,46.274706951522994,147.15175612915098,115.591542,-260.99840400000005,0.048389149338945
4,1,0.5_0.1,0.5,normal_178,2022-07-12 00:22:29.776,2022-07-12 00:22:30.276,0,False,True,True,0.1762931999999999,0.1298224673879679,0.2110980596718027,0.326611,0.236898,-0.0076009999999999,0.1893432522734834,0.1695242429453675,0.452519,-1.1903800000000004,109.902967,69.92885197913317,126.45433020145532,172.419093,-436.5885780000002,-0.2625954423721127
4,2,1.0_0.1,1.0,normal_452,2022-07-12 00:57:12.712,2022-07-12 00:57:13.712,0,False,True,True,0.0562198,0.1083265174223026,0.1171402443705834,0.343845,0.083949090909091,0.0397745,0.1752514439688491,0.1709496200700662,0.505482,-0.1116075757575757,-36.7954184,127.61580314662083,126.53504141822702,346.44238,404.0693452121211,-0.2007781072108293
4,2,1.0_0.1,1.0,normal_452,2022-07-12 00:57:12.812,2022-07-12 00:57:13.812,0,False,True,True,0.0705793999999999,0.0861008992264308,0.1079512856208762,0.232889,-0.0801958787878787,0.0238243,0.1775090379520935,0.1700767766912931,0.505482,-0.138842,-4.995049400000002,137.77599780120596,130.80119850985523,351.4568,450.3197923636362,-0.1158206780230228
4,2,1.0_0.1,1.0,normal_452,2022-07-12 00:57:12.912,2022-07-12 00:57:13.912,0,False,True,True,0.0651240999999999,0.09468355943463,0.1109487592778756,0.287442,-0.2353355757575757,-0.0047132999999999,0.1621345638604962,0.153886550144254,0.505482,-0.0390341212121213,27.7429486,131.5973402995611,127.88958195861336,343.54726,422.5894534545454,0.1165422812382536
4,2,1.0_0.1,1.0,normal_452,2022-07-12 00:57:13.012,2022-07-12 00:57:14.012,0,False,True,True,0.0604136,0.0920240192367671,0.1061667611345471,0.287442,-0.177836606060606,-0.0145078,0.1495812115056938,0.1426448779760423,0.505482,0.1788847272727273,55.7021676,114.09514211668971,121.73193001223363,315.41875,338.69794666666667,0.0241109802560272
4,2,1.0_0.1,1.0,normal_460,2022-07-12 00:58:19.887,2022-07-12 00:58:20.887,0,False,True,True,0.0335282,0.0871743874666049,0.0892388740538561,0.239032,-0.0637727272727272,-0.0018701999999999,0.2232495682911341,0.2118013938008907,0.5777,-0.1943064242424243,-31.694665500000006,194.63704468683483,187.3493343173104,507.93022,629.0267428484847,0.3060723643033364
4,2,1.0_0.1,1.0,normal_460,2022-07-12 00:58:19.987,2022-07-12 00:58:20.987,0,False,True,True,0.0350416,0.0882890474133431,0.0907930285561617,0.239032,0.0067183030303029,-0.0183199999999999,0.2045216227101672,0.1948892176093895,0.5777,0.0713373333333333,15.691903499999986,198.45195468406064,188.9208731760081,507.93022,646.288241030303,0.2914247096974613
4,2,1.0_0.1,1.0,normal_460,2022-07-12 00:58:20.087,2022-07-12 00:58:21.087,0,False,True,True,0.0415516,0.0989458269954939,0.1026537114497084,0.304132,0.1739006060606059,0.0089846,0.2322117208345292,0.2204785204975759,0.607037,0.3129187878787879,60.8844125,181.2631214546868,182.42148712533023,484.14403,567.5118010303031,0.473892782433048
4,2,1.0_0.1,1.0,normal_460,2022-07-12 00:58:20.187,2022-07-12 00:58:21.187,0,False,True,True,0.0361622999999999,0.1003067679305727,0.101798894221401,0.304132,0.1464552121212121,0.0468943,0.210465958069259,0.2050985200529248,0.584455,0.1744121818181819,96.4593055,150.348693498901,172.18784594356876,432.55442,410.328584060606,0.5029968707531177
4,2,1.0_0.1,1.0,normal_460,2022-07-12 00:58:20.287,2022-07-12 00:58:21.287,0,False,True,True,0.0549133,0.0911408476407685,0.1024278244165129,0.304132,0.0954093939393939,0.0497326,0.2070439453096317,0.2026173913147635,0.584455,-0.1001550303030302,118.761745,118.37008447140074,163.44626420764385,355.7971,200.16194436363648,0.3055968704047093
4,2,1.0_0.1,1.0,normal_460,2022-07-12 00:58:20.387,2022-07-12 00:58:21.387,0,False,True,True,0.0705547,0.079958292523943,0.1035951802986027,0.304132,0.0286869696969697,0.035021,0.2170371927036162,0.20885664738284,0.584455,-0.2572832727272727,124.67769760000002,107.13778705796372,160.857648723792,296.637574,-33.379617212121104,0.254326311343861
4,2,1.0_0.1,1.0,normal_460,2022-07-12 00:58:20.487,2022-07-12 00:58:21.487,0,False,True,True,0.0572077999999999,0.0918218081912522,0.1042154134204725,0.304132,-0.0545975757575757,-0.0035505999999999,0.206052689700798,0.1955109884379903,0.584455,-0.1915623030303031,113.7969757,127.0280854220121,165.7476175269201,383.05967,-266.868256181818,0.3464142249371275
4,2,1.0_0.1,1.0,normal_460,2022-07-12 00:58:20.587,2022-07-12 00:58:21.587,0,False,True,True,0.0700426999999999,0.0996927243584561,0.1176892313863082,0.304132,0.0094633333333333,-0.0148392,0.1899249893082354,0.1807886978325802,0.584455,0.1170133333333333,86.9508501,161.17418850268328,175.89729238581617,454.07849,-466.8155348484847,0.5028905666231704
4,2,1.0_0.1,1.0,normal_460,2022-07-12 00:58:20.687,2022-07-12 00:58:21.687,0,False,True,True,0.0928639,0.1298807792002171,0.1542913446966484,0.427576,0.1751078181818181,0.0239049,0.2175134062935738,0.2077313601016948,0.584455,0.2752626060606061,46.87864309999999,190.79592403244283,186.9769593921976,505.79232,-608.7316095151513,0.6624666380924166
4,2,1.0_0.1,1.0,normal_460,2022-07-12 00:58:20.787,2022-07-12 00:58:21.787,0,False,True,True,0.0907068,0.1298991734442953,0.1530167941815538,0.427576,0.1738995151515152,0.0380851,0.2014642960650569,0.1948834297011934,0.495173,0.0166092727272728,-0.1328219000000046,201.82245444654023,191.4656377750336,508.38954,-658.9617375151513,0.7340820031741563
4,2,1.0_0.1,1.0,normal_52,2022-07-12 00:06:36.431,2022-07-12 00:06:37.431,0,False,True,True,-0.0586257,0.0755824963159093,0.0926197337228951,0.283457,0.0929059999999999,-0.0416667999999999,0.1105843991556775,0.1128810906449791,0.387362,-0.0315042424242423,-68.36049080000001,99.27635139599408,116.37599088414969,287.55418,262.9460052121211,-0.4331668498532712
4,2,1.0_0.1,1.0,normal_52,2022-07-12 00:06:36.531,2022-07-12 00:06:37.531,0,False,True,True,-0.0534780999999999,0.0757376861314395,0.0895683234748758,0.283457,0.0953943636363636,-0.0277193,0.1065319487040285,0.1047974717142546,0.387362,-0.0659132727272727,-44.11508239999999,123.27348398615568,124.99142836144917,335.68923,383.0937683636363,-0.4649032345914636
4,2,1.0_0.1,1.0,normal_52,2022-07-12 00:06:36.631,2022-07-12 00:06:37.631,0,False,True,True,-0.0398258,0.0569526483781824,0.0671218152853452,0.197036,-0.0041929696969697,-0.025854,0.1067608052840034,0.1045299569807622,0.387362,-0.0516391515151515,-13.183213400000009,137.2153006577377,130.83971865104252,350.42242,447.1351658181817,-0.6155457214148623
4,2,1.0_0.1,1.0,normal_52,2022-07-12 00:06:36.731,2022-07-12 00:06:37.731,0,False,True,True,-0.0417161,0.0582887802610607,0.0692680064178261,0.197036,-0.0486239393939393,-0.0315318,0.097561022462639,0.0977782808439583,0.330584,0.1289413333333332,19.912185599999997,134.8869190393576,129.5049341550585,350.42242,436.6933220606059,-0.6725092122747952
4,2,1.0_0.1,1.0,normal_52,2022-07-12 00:06:36.831,2022-07-12 00:06:37.831,0,False,True,True,-0.0283578,0.0638562588001799,0.0668881486513119,0.197036,-0.0208561212121211,-0.0175627999999999,0.1180988093408792,0.1134065599284274,0.426667,0.3018895757575756,49.57929259999999,119.88116416869356,124.06631462614476,326.69643,366.404504969697,-0.1791499734608506
4,2,1.0_0.1,1.0,normal_52,2022-07-12 00:06:36.931,2022-07-12 00:06:37.931,0,False,True,True,-0.020557,0.0602949365867483,0.0607825771845847,0.197036,-0.051772,-0.0173914,0.1180739859750844,0.1133568716117377,0.426667,0.2832327272727272,71.70073649999999,97.77317642859222,117.23749502904516,286.38354,247.75617157575763,-0.2091929687329357
4,2,1.0_0.1,1.0,normal_52,2022-07-12 00:06:37.031,2022-07-12 00:06:38.031,0,False,True,True,-0.0233828,0.0551705436236886,0.0573250846593356,0.1687779999999999,0.0624399999999999,-0.0265228999999999,0.1317544358970294,0.1277762593954761,0.426667,0.0790783636363637,84.3010407,78.2842997035273,112.34880455602352,233.977342,99.22458660606064,-0.2636540446382719
4,2,1.0_0.1,1.0,normal_52,2022-07-12 00:06:37.131,2022-07-12 00:06:38.131,0,False,True,True,-0.0104185,0.0758309680235514,0.0726900769190678,0.252519,0.1763141212121211,-0.0263061,0.131367748904829,0.1273724766356531,0.424499,-0.1769076969696969,85.5951292,75.79050403011959,111.786880239992,221.036457,-62.72769757575748,-0.4954940382989717
4,2,1.0_0.1,1.0,normal_52,2022-07-12 00:06:37.231,2022-07-12 00:06:38.231,0,True,True,True,-0.0024791999999999,0.0768988475290032,0.0729947663110171,0.252519,0.1875193939393938,-0.0295191,0.132792568573404,0.1293903277154053,0.424499,-0.2408039393939393,75.6622286,92.76611280104376,116.05933548195524,277.510791,-219.855718060606,-0.5321405491892119
4,2,1.0_0.1,1.0,normal_52,2022-07-12 00:06:37.331,2022-07-12 00:06:38.331,0,False,True,True,0.0135538999999999,0.0877181058954066,0.0843132711789787,0.252519,0.2481110909090909,-0.0149449,0.1480521055975827,0.141247419129342,0.424499,-0.0804124242424242,54.54052130000001,117.20111811352972,123.8432894509474,328.65838,-352.34889193939387,-0.1745798759164782
4,2,1.0_0.1,1.0,normal_52,2022-07-12 00:06:37.431,2022-07-12 00:06:38.431,0,False,True,True,0.030267,0.0766466469629733,0.0787612146338538,0.2287449999999999,0.1887208484848485,0.0097291,0.1678367665186425,0.1595209000811492,0.471263,0.0577474545454545,25.11351430000001,135.565890292465,131.03811716522063,357.13831,-438.3924589696969,-0.1161264152534494
4,2,1.0_0.1,1.0,normal_52,2022-07-12 00:06:37.531,2022-07-12 00:06:38.531,0,False,True,True,0.0248423999999999,0.0829126460374612,0.082487581025267,0.2287449999999999,0.0881890909090909,0.0156283,0.1687510373861446,0.1608523084009054,0.471263,0.0862011515151515,-8.082664700000004,138.36262660543125,131.51092831278785,357.13831,-450.98053145454526,-0.1557354772823483
4,2,1.0_0.1,1.0,normal_52,2022-07-12 00:06:37.631,2022-07-12 00:06:38.631,0,False,True,True,0.0239988,0.0839148721526762,0.0831473246292386,0.2287449999999999,-0.0199183030303029,0.0226889,0.169236634980235,0.1621472199598254,0.471263,0.0988804242424242,-39.849332700000005,126.6481948242917,126.58498348406836,338.52092,-397.6750663636364,-0.2033935197553183
4,2,1.0_0.1,1.0,normal_52,2022-07-12 00:06:37.731,2022-07-12 00:06:38.731,0,False,True,True,0.0175887,0.095036848882771,0.0918594837167072,0.292846,-0.189278606060606,0.0195622999999999,0.1681009726808067,0.1606699315239164,0.471263,0.1657148484848483,-64.98301699999999,105.7449696843137,119.52652948448336,303.38696,-292.2511713939394,-0.175002715186766
4,2,1.0_0.1,1.0,normal_52,2022-07-12 00:06:37.831,2022-07-12 00:06:38.831,0,False,True,True,0.006618,0.096600820455453,0.0918822321529032,0.292846,-0.2041802424242423,0.0107396999999999,0.1604193246581872,0.1525656085344924,0.471263,0.3217342424242423,-81.1802118,83.4502132236866,113.39211201077325,251.656319,-150.20433454545454,-0.2738849447003937
4,2,1.0_0.1,1.0,normal_52,2022-07-12 00:06:37.931,2022-07-12 00:06:38.931,0,True,True,True,0.0266053999999999,0.1120088043694185,0.1095409619265779,0.339894,-0.1164635151515151,0.0353434,0.1716110014345752,0.1665966931112379,0.471263,0.4041159999999999,-86.27489560000001,73.98539977468901,111.21966126827304,200.709481,9.330809333333272,-0.0393615527413103
4,2,1.0_0.1,1.0,normal_52,2022-07-12 00:06:38.031,2022-07-12 00:06:39.031,0,False,True,True,0.0437897,0.1292387773860203,0.1301919093043035,0.380948,0.0154758181818181,0.0568215,0.1452943209452608,0.1490908400650422,0.471263,0.1923172727272728,-79.86945779999999,85.87793151088167,114.09052326023794,260.81219,171.2256186666666,-0.0796298160909336
4,2,1.0_0.1,1.0,normal_52,2022-07-12 00:06:38.131,2022-07-12 00:06:39.131,0,False,True,True,0.0450613,0.1303686154742688,0.1316316795771443,0.380948,0.1412933939393939,0.0514083,0.1578992010619785,0.158372204743446,0.5253950000000001,-0.1927735151515149,-62.06359309999999,109.71028610319162,121.18003869302116,314.1605,314.01803315151494,-0.1247725620637865
4,2,1.0_0.1,1.0,normal_52,2022-07-12 00:06:38.231,2022-07-12 00:06:39.231,0,True,True,True,0.0574523,0.1358697818051861,0.141121595166367,0.380948,0.2057663636363635,0.0431466,0.1683262823785334,0.1654146084751888,0.5253950000000001,-0.4173528484848483,-34.49114899999999,131.89393590955012,129.79232895699755,355.35196,420.0460944242423,-0.2451892444135457
4,2,1.0_0.1,1.0,normal_52,2022-07-12 00:06:38.331,2022-07-12 00:06:39.331,0,True,True,True,0.0557674999999999,0.1348927626872134,0.1395939315984043,0.380948,0.2914113333333332,0.0261031,0.1610686675368614,0.155016695634696,0.5253950000000001,-0.3408441818181817,-1.7085069999999944,140.5052248960457,133.30590908488858,356.30635,459.0751950303031,-0.3251161978688012
4,2,1.0_0.1,1.0,normal_52,2022-07-12 00:06:38.431,2022-07-12 00:06:39.431,0,True,True,True,0.0520936,0.1353706910426987,0.1385873181607898,0.380948,0.2722343030303031,0.0180707,0.1512088504663151,0.1445830384654438,0.504676,-0.1317592121212121,31.445734000000005,133.1301215421377,130.15414139565698,345.86302,425.8735362424241,-0.3725951443680428
4,2,1.0_0.1,1.0,normal_52,2022-07-12 00:06:38.531,2022-07-12 00:06:39.531,0,True,True,True,0.0593516999999999,0.1291550855230081,0.1361453517300535,0.380948,0.148671696969697,0.0345284,0.1652656669084995,0.1605418232094054,0.520877,0.0156807272727272,59.29359900000001,114.65330407527742,123.88128593219004,316.83472,336.19963139393934,-0.398684398608907
4,2,1.0_0.1,1.0,normal_52,2022-07-12 00:06:38.631,2022-07-12 00:06:39.631,0,False,True,True,0.0615429,0.1269020514031283,0.1352081585027323,0.380948,0.0050628484848485,0.0356705,0.1655382842112697,0.1610435213099242,0.520877,0.0587510909090908,78.7461609,91.46181266033744,117.17377997697218,269.122273,202.16399448484847,-0.4081332590778164
4,2,1.0_0.1,1.0,normal_52,2022-07-12 00:06:38.731,2022-07-12 00:06:39.731,0,False,True,True,0.0750953,0.107426263610648,0.1265925194634343,0.285013,-0.1786172727272726,0.0218286,0.168970784641869,0.1617791742907596,0.520877,0.0135049696969696,87.6797538,76.10058476133422,113.57776334892289,214.891338,45.00656921212129,-0.3749029792014546
4,2,1.0_0.1,1.0,normal_52,2022-07-12 00:06:38.831,2022-07-12 00:06:39.831,0,True,True,True,0.0829382,0.0994351971764078,0.1256079918357108,0.277043,-0.2935824242424243,0.0004571999999999,0.1715157728761086,0.1627147914069277,0.520877,-0.0086112727272728,84.9214413,81.43018372856895,114.80173575486997,242.474463,-121.0190163030302,-0.2762864144873406
4,2,1.0_0.1,1.0,normal_52,2022-07-12 00:06:38.931,2022-07-12 00:06:39.931,0,True,True,True,0.0634662,0.0953583367593579,0.1105072381927989,0.277043,-0.2713366060606061,-0.0268349999999999,0.1546400900873451,0.1491385897110469,0.520877,0.1013922424242422,70.81277019999999,102.86468827415108,120.57146473259108,296.68358,-273.740156,-0.4904317368125609
4,2,1.0_0.1,1.0,normal_52,2022-07-12 00:06:39.031,2022-07-12 00:06:40.031,0,True,True,True,0.0511127,0.0777716538707316,0.0897557532000038,0.213476,-0.1368977575757575,-0.0120757,0.1620948652994768,0.1542501000041815,0.520877,0.1886538787878788,45.9250382,126.99509101807622,128.93442892451952,344.37148,-395.3029853333331,-0.5077821935794815
4,2,1.0_0.1,1.0,normal_52,2022-07-12 00:06:39.131,2022-07-12 00:06:40.131,0,False,True,True,0.0510321,0.0776528327170933,0.0896171937548816,0.213476,-0.0119188484848485,0.0277345,0.132206329572167,0.1284517991750212,0.409535,0.068133393939394,14.163686199999995,140.95192939468086,134.46676826207602,359.75937,-459.5267213333332,-0.1784086341715655
4,2,1.0_0.1,1.0,normal_52,2022-07-12 00:06:39.231,2022-07-12 00:06:40.231,0,False,True,True,0.0372662,0.0663000351814889,0.0731087878507091,0.200851,0.0528367272727272,0.0352072,0.1208253353847794,0.1199101014743962,0.344186,-0.1420682424242423,-19.738855799999996,138.16286812751628,132.55075535277984,359.75937,-447.0020246060605,0.1578479321984891
4,2,1.0_0.1,1.0,normal_52,2022-07-12 00:06:39.331,2022-07-12 00:06:40.331,0,False,True,True,0.0312625999999999,0.0605622284398452,0.0654091379013666,0.200851,0.1189707878787878,0.0186723,0.1347818873580159,0.1292215006533355,0.383048,-0.2597497575757575,-50.1549428,122.36869270365348,126.46029236828582,334.99543,-373.20947393939394,0.1114484724747266
4,2,1.0_0.1,1.0,normal_52,2022-07-12 00:06:39.431,2022-07-12 00:06:40.431,0,False,True,True,0.0301226999999999,0.0609094841530355,0.065163991506813,0.200851,0.0987863636363636,-0.0017432,0.1271829865777826,0.1206689670694168,0.383048,-0.2065643636363636,-72.8321885,99.32968159935407,119.0977529748806,292.375,-250.3539743636364,0.1590211427938573
4,2,1.0_0.1,1.0,normal_52,2022-07-12 00:06:39.531,2022-07-12 00:06:40.531,0,False,True,True,0.0274466999999999,0.0634013508461942,0.0661141399482743,0.200851,0.0356461212121212,-0.01175,0.1096289018178043,0.1046647457475534,0.28298,0.0200278787878787,-85.6958139,79.22594981689386,113.9861769335805,237.450269,-98.14319351515154,0.1805924402893453
4,2,1.0_0.1,1.0,normal_52,2022-07-12 00:06:39.631,2022-07-12 00:06:40.631,0,False,True,True,0.0350148,0.0577858419738106,0.0650485925935373,0.190463,-0.0134014545454545,0.0056443999999999,0.1358282519419285,0.1289815563342294,0.403109,0.2216858181818181,-86.8009318,77.08251151121348,113.4986519044917,226.39909,67.22174266666659,0.2385235361919463
4,2,1.0_0.1,1.0,normal_52,2022-07-12 00:06:39.731,2022-07-12 00:06:40.731,0,False,True,True,0.0239782999999999,0.0761252043603168,0.0760953410919486,0.279597,-0.1347760606060605,0.0204875999999999,0.1337927929459082,0.1285698333731517,0.403109,0.2015185454545454,-76.4036034,94.8014825575468,118.00889626677495,283.94631000000004,226.9974464242423,0.041701715427666
4,2,1.0_0.1,1.0,normal_52,2022-07-12 00:06:39.831,2022-07-12 00:06:40.831,0,False,True,True,0.0109276999999999,0.0866916076305351,0.0829656915688647,0.279597,-0.2066803030303029,0.0191001999999999,0.1354041252004121,0.1298678830550494,0.403109,0.0309841212121212,-54.6030231,119.659894344712,125.96877158561168,335.29071,360.3842849090908,0.2177716132952908
4,2,1.0_0.1,1.0,normal_52,2022-07-12 00:06:39.931,2022-07-12 00:06:40.931,0,False,True,True,0.0110888999999999,0.0866585290839216,0.0829559780841622,0.279597,-0.2260830909090909,0.0116456999999999,0.1420635061286559,0.1352754897411205,0.403109,-0.1042188484848485,-24.25864110000001,138.58594242033627,133.69345070308452,366.51961,448.2407116969696,0.2167893644018931
4,2,1.0_0.1,1.0,normal_569,2022-07-12 01:12:43.312,2022-07-12 01:12:44.312,0,False,True,True,0.0608128,0.1122449507627551,0.1226263948683153,0.294049,-0.0687772121212121,0.0324706999999999,0.1685818198891037,0.1631937295238392,0.537044,-0.0094622424242424,-81.02662380000001,85.14189533592558,114.40953575502814,259.329354,161.01673624242417,-0.4442339915585181
4,2,1.0_0.1,1.0,normal_569,2022-07-12 01:12:43.412,2022-07-12 01:12:44.412,0,False,True,True,0.0575237,0.108277307782738,0.1177308536633451,0.294049,0.0763224848484847,0.0165965999999999,0.1714574132917883,0.1635032943001455,0.537044,-0.043061212121212,-64.0940154,108.4556810629988,121.22051843417624,311.79420000000005,306.4110484848484,-0.5610617158692935
4,2,1.0_0.1,1.0,normal_569,2022-07-12 01:12:43.512,2022-07-12 01:12:44.512,0,False,True,True,0.0772238999999999,0.1327140934100653,0.1476998925588641,0.388622,0.2393772727272726,0.0303067999999999,0.1691499147132835,0.1633065412315134,0.537044,-0.0743299393939393,-37.0087909,131.1753757100871,129.83039658452168,355.06945,416.051728060606,-0.3978660536960702
4,2,1.0_0.1,1.0,normal_569,2022-07-12 01:12:43.612,2022-07-12 01:12:44.612,0,True,True,True,0.0699317,0.1297152146811964,0.1415410749312721,0.388622,0.2982441818181818,0.0396347,0.1625228686616474,0.1591955526963615,0.537044,-0.2028599393939392,-4.425788900000003,140.9768289170602,133.8155718507619,358.77924,460.7066976363636,-0.3590329122703519
4,2,1.0_0.1,1.0,normal_569,2022-07-12 01:12:43.712,2022-07-12 01:12:44.712,0,True,True,True,0.0752427,0.1268492511229591,0.1419264709724722,0.388622,0.2227263636363637,0.0482541,0.1572993395489772,0.1568350476363622,0.537044,-0.308579212121212,29.068354099999983,134.3282104514217,130.70818842312937,349.64089,430.8985308484848,-0.4350347660173551
4,2,1.0_0.1,1.0,normal_569,2022-07-12 01:12:43.812,2022-07-12 01:12:44.812,0,True,True,True,0.0895501,0.1150854464758444,0.1412069913336446,0.388622,0.1142228484848484,0.0461867,0.1564346944092006,0.1554279367111974,0.537044,-0.237008787878788,57.46906509999999,116.2251558027369,124.33885796765811,321.01039000000003,343.7858343636363,-0.418594129354029
4,2,1.0_0.1,1.0,normal_569,2022-07-12 01:12:43.912,2022-07-12 01:12:44.912,0,False,True,True,0.0769593,0.1245657235652908,0.1410237263551775,0.388622,0.0157977575757576,0.0216523,0.120957026862206,0.1167748440714009,0.439372,-0.0182166666666667,77.7047729,92.92253526767158,117.5124229005388,273.489986,212.41528890909092,-0.5208524737787801
4,2,1.0_0.1,1.0,normal_569,2022-07-12 01:12:44.012,2022-07-12 01:12:45.012,0,False,True,True,0.0814427,0.1186248657829003,0.1389157524800553,0.361295,-0.1599731515151514,0.0147097,0.108410483512179,0.1038938155806205,0.369946,0.2078790909090908,87.656306,76.2742779413622,113.66449273847216,220.227984,58.02160412121218,-0.4509981259913972
4,2,1.0_0.1,1.0,normal_569,2022-07-12 01:12:44.112,2022-07-12 01:12:45.112,0,True,True,True,0.0871773,0.1127644316056461,0.1380004237931898,0.361295,-0.2889549696969697,0.0179034,0.1110810068565579,0.1068907049625925,0.369946,0.3079893333333332,85.8342752,79.8289188526247,114.46795820564977,238.448292,-108.09398206060594,-0.4511634453495753
4,2,1.0_0.1,1.0,normal_569,2022-07-12 01:12:44.212,2022-07-12 01:12:45.212,0,True,True,True,0.0705301,0.1053470172688023,0.1223220734319853,0.361295,-0.2359461212121211,0.0142532999999999,0.1142109785918148,0.1092835277098062,0.369946,0.2026137575757577,72.67321050000001,100.48739542362313,119.87218401071428,292.95603,-262.4774721818181,-0.3507880429820743
4,2,1.0_0.1,1.0,normal_569,2022-07-12 01:12:44.312,2022-07-12 01:12:45.312,0,False,True,True,0.0694504,0.1049074750701779,0.1213605312826208,0.361295,-0.1892585454545454,0.0162106,0.1102305450400306,0.1058228675958084,0.350373,-0.046349212121212,48.3559551,125.0493183306012,128.10892711706882,342.62244,-386.7352610303029,-0.3364261988076077
4,2,1.0_0.1,1.0,normal_569,2022-07-12 01:12:44.412,2022-07-12 01:12:45.412,0,False,True,True,0.0720708,0.1077760355044973,0.1250931918962818,0.361295,-0.0622629090909092,0.0086799999999999,0.1198778484634347,0.114056876587955,0.350373,-0.2071423030303029,16.890886100000003,140.30516520298312,134.17260330490691,361.63573,-456.91191024242414,-0.3988652593992425
4,2,1.0_0.1,1.0,normal_569,2022-07-12 01:12:44.512,2022-07-12 01:12:45.512,0,False,True,True,0.0611274,0.0852098219276001,0.1013469358609326,0.251861,0.1548024242424242,0.0042215999999999,0.1183196087592134,0.112327195023289,0.350373,-0.1617323636363636,-17.022849900000004,138.7317593662388,132.70881044559445,361.63573,-449.8505988484847,-0.64431384189663
4,2,1.0_0.1,1.0,normal_569,2022-07-12 01:12:44.612,2022-07-12 01:12:45.612,0,False,True,True,0.0558299999999999,0.0851603280250454,0.098204084550491,0.251861,0.1556706666666666,0.0199321999999999,0.1243686724405395,0.1196582743189955,0.350373,-0.1107637575757575,-47.8422699,123.76237590832176,126.78444664315067,337.79792,-380.3069262424242,-0.6355196505999707
4,2,1.0_0.1,1.0,normal_569,2022-07-12 01:12:44.712,2022-07-12 01:12:45.712,0,False,True,True,0.0460083,0.0929054095208311,0.0994235247579766,0.252338,0.0790795757575757,0.0272788999999999,0.1252158292482313,0.1218820819074731,0.350373,-0.0950656363636363,-71.01729750000001,101.14960202568864,119.37995784537362,296.00195,-260.6040102424243,-0.6350859101285294
4,2,1.0_0.1,1.0,normal_569,2022-07-12 01:12:44.812,2022-07-12 01:12:45.812,0,False,True,True,0.0309107,0.1014551174154802,0.101090544262557,0.2775189999999999,0.0190438181818182,0.0165602999999999,0.1232586848633123,0.1181002819255737,0.350373,-0.0703184848484848,-84.56415960000001,80.71284778299106,114.07981638471604,242.982418,-110.9546671515152,-0.5710183180034138
4,2,1.0_0.1,1.0,normal_569,2022-07-12 01:12:44.912,2022-07-12 01:12:45.912,0,False,True,True,0.0233743999999999,0.1113493754951304,0.1081904693408804,0.3272239999999999,-0.1333489696969696,-0.002528,0.1250874207602205,0.1186952708965273,0.350373,-0.0832962424242424,-86.4649162,77.06128927898982,113.2288823943748,223.974852,54.37322727272719,-0.3147918635233984
4,2,1.0_0.1,1.0,normal_569,2022-07-12 01:12:45.012,2022-07-12 01:12:46.012,0,False,True,True,0.0196720999999999,0.1143899966415575,0.1102885112643198,0.3272239999999999,-0.2344735151515151,-0.0209532,0.1094427970553059,0.1059197329811588,0.3130549999999999,0.0253238787878786,-76.99173429999999,93.60910279527435,117.53350528272529,282.392894,216.98856030303023,-0.2432440295152253
4,2,1.0_0.1,1.0,normal_569,2022-07-12 01:12:45.112,2022-07-12 01:12:46.112,0,False,True,True,0.0266611,0.1156291008531156,0.1128888582673241,0.3272239999999999,-0.2122293939393938,-0.0199655,0.1108403779909048,0.1070310779358033,0.3130549999999999,0.1953406666666666,-55.998785100000006,118.27890085017414,125.40642918275272,333.11693,352.8064799393938,-0.151044668782728
4,2,0.5_0.1,0.5,normal_452,2022-07-12 00:57:12.712,2022-07-12 00:57:13.212,0,False,True,True,0.043645,0.1359013941576759,0.1291519925212151,0.343845,0.7816720000000001,0.044502,0.2026307912670233,0.1866221263934156,0.471717,-0.9701830000000004,-143.4414552,31.8545819522882,146.2437095501124,81.35987399999999,131.85157800000005,-0.4851124518285904
4,2,0.5_0.1,0.5,normal_452,2022-07-12 00:57:12.812,2022-07-12 00:57:13.312,0,False,True,True,0.0966284,0.0876032221228192,0.1244046112794859,0.232889,0.374191,-0.0047393999999999,0.2183915312215654,0.1953928111262028,0.471717,-1.239697,-123.3413834,55.85923502259461,133.0762945414147,133.95346899999998,341.357272,-0.622661759124243
4,2,0.5_0.1,0.5,normal_452,2022-07-12 00:57:12.912,2022-07-12 00:57:13.412,0,False,True,True,0.1226478,0.0513440758384061,0.1309635603662332,0.138907,-0.013067,-0.0398074,0.1812791049219407,0.1669560427172374,0.456277,-0.3937550000000002,-85.006103,74.1539107018792,107.81966205267211,183.766862,465.4491430000001,-0.3239097129344233
4,2,0.5_0.1,0.5,normal_452,2022-07-12 00:57:13.012,2022-07-12 00:57:13.512,0,False,True,True,0.1297958,0.0555897734992687,0.1389932661383277,0.138907,0.1139639999999999,-0.0299663999999999,0.1992917878571518,0.1807533083924053,0.505482,0.999417,-36.411908800000006,85.4997492077625,84.69942617356828,214.842461,540.00145,-0.0191990477965604
4,2,0.5_0.1,0.5,normal_452,2022-07-12 00:57:13.112,2022-07-12 00:57:13.612,0,True,True,True,0.112834,0.0862606467341858,0.1366902735969169,0.223716,-0.399033,0.006053,0.2035025754493048,0.1821188550935899,0.505482,1.093593,16.8341172,88.3695708676405,80.81294664945763,220.908306,558.7436540000001,-0.2980192170230679
4,2,0.5_0.1,0.5,normal_452,2022-07-12 00:57:13.212,2022-07-12 00:57:13.712,0,False,True,True,0.0687946,0.0868241004923172,0.1037469832342126,0.193187,-0.4034620000000001,0.035047,0.1673000109668257,0.1536871079323181,0.4254749999999999,0.167608,69.8506184,84.8226233058198,103.12618886804272,212.488911,535.5696,0.3394916306828031
4,2,0.5_0.1,0.5,normal_452,2022-07-12 00:57:13.312,2022-07-12 00:57:13.812,0,False,True,True,0.0445304,0.0854948558587006,0.0884898458965773,0.193187,-0.3845820000000002,0.052388,0.1454706446143001,0.1402635708215073,0.3605119999999999,-0.6198419999999999,113.3512846,67.63960723834043,128.48582370968307,159.780398,415.1226650000001,0.7871602037666596
4,2,0.5_0.1,0.5,normal_452,2022-07-12 00:57:13.412,2022-07-12 00:57:13.912,0,False,True,True,0.0076004,0.0962421045244751,0.0864164349345655,0.256913,-0.4903590000000001,0.0303808,0.1523352693163996,0.1395987837726389,0.3605119999999999,-0.805629,140.4920002,41.05497384222367,145.2116070496616,100.576289,202.1875579999999,0.8244384561091312
4,2,0.5_0.1,0.5,normal_452,2022-07-12 00:57:13.512,2022-07-12 00:57:14.012,0,False,True,True,-0.0089686,0.0626817210381144,0.056777057935402,0.174068,0.1534389999999999,0.0009508,0.1001402760516466,0.0895732322225786,0.213362,0.0899169999999999,147.816244,27.69681354884132,149.87772607987804,63.95506999999999,-48.595300000000144,0.5800300391475959
4,2,0.5_0.1,0.5,normal_460,2022-07-12 00:58:20.887,2022-07-12 00:58:21.387,0,False,True,True,0.0962244,0.0778276164115283,0.1187638221698847,0.219504,-0.1398160000000002,0.0472734,0.210944002711146,0.1945062265620306,0.495173,-1.0704210000000005,114.7330902,115.01992492690154,154.10174720292235,284.544504,-722.6139030000003,0.4296582984374263
4,2,0.5_0.1,0.5,normal_460,2022-07-12 00:58:20.987,2022-07-12 00:58:21.487,0,False,True,True,0.0619104,0.1077956423762111,0.1145810544566596,0.280335,-0.4640430000000001,-0.0026695999999999,0.2168822209755793,0.1940037241508523,0.495173,-1.172158,40.53977020000001,130.11347685207605,123.23589758953106,327.05454,-822.3515540000001,0.5122034858440386
4,2,0.5_0.1,0.5,normal_460,2022-07-12 00:58:21.087,2022-07-12 00:58:21.587,0,False,True,True,0.056286,0.0985548016816025,0.1045875372288687,0.252213,0.214021,-0.0311141999999999,0.165360970366952,0.1511406426418784,0.35295,0.2125439999999999,-39.0749018,130.50218922879947,123.0914500096865,325.68339000000003,-824.896425,0.3194392880460719
4,2,0.5_0.1,0.5,normal_460,2022-07-12 00:58:21.187,2022-07-12 00:58:21.687,0,False,True,True,0.1248756,0.1474580297688125,0.181628775005504,0.403779,0.5648269999999999,0.0140036,0.2295092347309798,0.2057563896320112,0.492822,1.335393,-114.5543458,119.1761273965758,156.4770194458658,296.262295,-749.9655060000002,0.839665410639828
4,2,0.5_0.1,0.5,normal_460,2022-07-12 00:58:21.287,2022-07-12 00:58:21.787,0,False,True,True,0.1214402,0.1484612544393317,0.17994531789352,0.403779,0.391995,0.0245076,0.2203439197953962,0.1985995388977527,0.489621,0.5503500000000002,-174.3262488,90.07950154965155,192.0445112473315,211.751966,-546.236582,0.875418456897865
4,2,0.5_0.1,0.5,normal_52,2022-07-12 00:06:37.431,2022-07-12 00:06:37.931,0,False,True,True,-0.0263969999999999,0.0539372522242281,0.0549925754170506,0.141541,0.149817,0.0497676,0.0901372018220002,0.094744847520063,0.219992,0.116326,140.32756579999997,42.31317414407696,145.34149265874117,105.481991,-235.24895200000023,0.4816756482337052
4,2,0.5_0.1,0.5,normal_52,2022-07-12 00:06:37.531,2022-07-12 00:06:38.031,0,False,True,True,-0.0091196,0.0657362704091128,0.0594993521141197,0.145004,0.3132709999999999,0.0012278,0.158545658493697,0.1418128631492926,0.424022,-0.5846250000000001,111.1981042,65.58219374783943,125.7212698277319,160.380498,-407.6255970000001,-0.2561235367733123
4,2,0.5_0.1,0.5,normal_52,2022-07-12 00:06:37.631,2022-07-12 00:06:38.131,0,False,True,True,0.0313638,0.0855019998988327,0.0826568904556661,0.2287449999999999,0.460953,-0.0449391999999999,0.1912888599702031,0.1768973545749059,0.424499,-1.0808540000000002,66.99081279999999,81.21763325109981,98.8170641151252,202.419067,-511.4672820000001,-0.5744913201028071
4,2,0.5_0.1,0.5,normal_52,2022-07-12 00:06:37.731,2022-07-12 00:06:38.231,0,False,True,True,0.0572378,0.0548583679460116,0.0753904382252815,0.152826,0.128484,-0.082657,0.1755040998723391,0.1774078095986758,0.424499,-0.7738510000000001,15.2121326,89.06374652352774,81.10049157733721,223.759441,-563.0733480000001,-0.4440536431140524
4,2,0.5_0.1,0.5,normal_52,2022-07-12 00:06:37.831,2022-07-12 00:06:38.331,0,False,True,True,0.0734434,0.0649479210082971,0.0936403703442057,0.152826,0.2776659999999999,-0.0836606,0.1735733185250544,0.176355474866532,0.419481,0.5692980000000002,-39.7692734,89.12695730312166,89.08696156707738,223.176389,-563.483071,0.1001411663088425
4,2,0.5_0.1,0.5,normal_52,2022-07-12 00:06:37.931,2022-07-12 00:06:38.431,0,False,True,True,0.086931,0.0477686579935002,0.096863174169547,0.0993749999999999,-0.0094699999999999,-0.0303093999999999,0.2263807336806734,0.2047370239937076,0.471263,1.361053,-90.1005372,79.84140536410825,114.96880799652254,196.757812,-501.1375469999999,-0.0028786864531519
4,2,0.5_0.1,0.5,normal_52,2022-07-12 00:06:38.031,2022-07-12 00:06:38.531,0,False,True,True,0.0588044,0.0909001628535394,0.1003405657986838,0.224374,-0.434761,0.0300288,0.1960048253607548,0.1778652357297513,0.471263,0.9357720000000002,-127.3634336,56.601309899854094,137.05623241678967,136.101853,-330.9445649999999,-0.1939749205731127
4,2,0.5_0.1,0.5,normal_52,2022-07-12 00:06:38.131,2022-07-12 00:06:38.631,0,False,True,True,0.0166338,0.0916386268431604,0.0836348829508357,0.218198,-0.4411540000000001,0.090317,0.128128877194019,0.1459135628576041,0.331436,0.205915,-146.6894782,30.9212894379156,149.2739224613293,79.62751899999999,-98.34837799999998,0.352785083450441
4,2,0.5_0.1,0.5,normal_52,2022-07-12 00:06:38.231,2022-07-12 00:06:38.731,0,False,True,True,-0.0220604,0.115682486106584,0.1057951384591938,0.28667,-0.6988050000000001,0.1217816,0.0815886388126435,0.1419722609709375,0.174113,-0.4144840000000003,-145.1781666,33.89676809422696,148.3101236164423,87.184077,156.87992400000013,0.8599979566429932
4,2,0.5_0.1,0.5,normal_52,2022-07-12 00:06:38.331,2022-07-12 00:06:38.831,0,False,True,True,-0.0602074,0.074926957747529,0.0900897897244743,0.207458,-0.291518,0.1051399999999999,0.0741354899794963,0.1243031628704595,0.174113,-0.2749980000000002,-122.5911502,58.635156944390005,133.3381243728648,141.415012,359.5707710000001,0.916741100151193
4,2,0.5_0.1,0.5,normal_52,2022-07-12 00:06:38.431,2022-07-12 00:06:38.931,0,False,True,True,-0.0337201999999999,0.1298023414723324,0.120896526705278,0.339894,0.5567860000000001,0.1009962,0.0651098581529709,0.1165833063410023,0.153394,0.3315839999999999,-82.44925399999998,76.84334558015588,107.339644554645,190.266151,482.4756840000003,0.9738170074647092
4,2,0.5_0.1,0.5,normal_52,2022-07-12 00:06:38.531,2022-07-12 00:06:39.031,0,False,True,True,0.028775,0.1695716542011075,0.1543749893985421,0.380948,0.937804,0.0836142,0.0853579277202768,0.1132259471207902,0.235286,-0.0189719999999999,-32.37548199999999,88.03914127088873,85.14037908833109,221.34056,556.206524,0.0758170943017113
4,2,0.5_0.1,0.5,normal_52,2022-07-12 00:06:38.631,2022-07-12 00:06:39.131,0,False,True,True,0.0734887999999999,0.1668022810281682,0.1663099650965028,0.380948,0.8961370000000001,0.0124996,0.1894614164039739,0.1699198123963183,0.504676,-0.823579,22.562292,90.6741598251674,84.18134964642267,226.976423,573.3500240000001,-0.226439555244566
4,2,0.5_0.1,0.5,normal_52,2022-07-12 00:06:38.731,2022-07-12 00:06:39.231,0,True,True,True,0.136965,0.1111226051372986,0.1692276511773415,0.285013,0.40856,-0.0354883999999999,0.2040478987095922,0.1859243461970486,0.504676,-1.0628020000000002,76.1958686,85.80788245646536,108.14899234407378,213.936948,541.3249149999999,-0.2250499767856814
4,2,0.5_0.1,0.5,normal_52,2022-07-12 00:06:38.831,2022-07-12 00:06:39.331,0,True,True,True,0.1717424,0.0412508985938488,0.175660926974669,0.111126,-0.2037110000000001,-0.0529337999999999,0.1930255435459255,0.1805798315189157,0.504676,-0.5610440000000001,119.1741362,66.70270462664405,133.27368600974316,155.59686900000003,405.733508,0.2423780195066646
4,2,0.5_0.1,0.5,normal_52,2022-07-12 00:06:38.931,2022-07-12 00:06:39.431,0,True,True,True,0.1379073999999999,0.0772857390292672,0.1542625014078275,0.210229,-0.4561980000000002,-0.0648547999999999,0.1732436781796092,0.1679786971803269,0.445071,0.6545400000000002,145.340722,39.2822523584528,149.52726089835198,95.49416,183.60628999999997,-0.5676127065506384
4,2,0.5_0.1,0.5,normal_52,2022-07-12 00:06:39.031,2022-07-12 00:06:39.531,0,True,True,True,0.0899283999999999,0.0802524074174725,0.1150629229752138,0.1763279999999999,-0.4756800000000002,-0.0145573999999999,0.219417755100402,0.1967923750997482,0.520877,1.375483000000001,150.96267999999998,28.603564120991116,153.1151914642088,67.38437,-74.28658999999999,-0.9366009607088877
4,2,0.5_0.1,0.5,normal_52,2022-07-12 00:06:39.131,2022-07-12 00:06:39.631,0,False,True,True,0.0495969999999999,0.0897470427925065,0.0943582946062507,0.213476,-0.5557210000000001,0.0588414,0.1562649133404552,0.1516485702768081,0.409535,0.7290030000000001,134.9300298,52.042973325675966,142.73363233621748,122.309101,-310.0937920000001,-0.8159250754818229
4,2,0.5_0.1,0.5,normal_52,2022-07-12 00:06:39.231,2022-07-12 00:06:39.731,0,False,True,True,0.0132256,0.0636240672803932,0.0584237455594897,0.165917,-0.33541,0.0791456,0.1199641298484676,0.1333309414937133,0.308014,-0.258707,99.163639,73.05977698028347,118.75862962180612,179.786344,-457.1178490000001,-0.1760055276739406
4,2,0.5_0.1,0.5,normal_52,2022-07-12 00:06:39.331,2022-07-12 00:06:39.831,0,False,True,True,-0.005866,0.0288002605109745,0.0264191968159518,0.070459,0.0017609999999999,0.0538482,0.1476630560201162,0.1426293487813781,0.344186,-0.8447740000000004,50.66874639999999,86.81647179748539,92.72001769865216,217.710523,-547.82302,-0.1595512383844838
4,2,0.5_0.1,0.5,normal_52,2022-07-12 00:06:39.431,2022-07-12 00:06:39.931,0,False,True,True,-0.0109749999999999,0.0251577378851915,0.02503557559554,0.070459,0.078701,0.0111847999999999,0.1420505870480654,0.1275452671626822,0.344186,-0.7685490000000003,-3.7151816,91.53381813188032,81.95458781399057,229.29921,-578.7637820000001,-0.4467444649327464
4,2,0.5_0.1,0.5,normal_52,2022-07-12 00:06:39.531,2022-07-12 00:06:40.031,0,False,True,True,0.012297,0.0583255734262424,0.0535977072401422,0.153508,0.316666,-0.009594,0.1046834691415029,0.09412198364463,0.240292,0.1188689999999999,-59.112603600000014,88.80886894542051,99.0147063171054,222.062379,-561.021994,0.3816621005554488
4,2,0.5_0.1,0.5,normal_52,2022-07-12 00:06:39.631,2022-07-12 00:06:40.131,0,False,True,True,0.0524672,0.0742141158756203,0.0846108448840927,0.169232,0.421513,-0.0033724,0.1117534533797502,0.1000122020335518,0.240292,0.61077,-106.6026574,74.3774761693807,125.65720724973644,179.973026,-461.843069,0.8962655016589651
4,2,0.5_0.1,0.5,normal_52,2022-07-12 00:06:39.731,2022-07-12 00:06:40.231,0,False,True,True,0.0613068,0.0663130073077673,0.0853021434478641,0.159582,0.170298,-0.0087312,0.1167448663655066,0.104784182544886,0.240292,0.1851040000000001,-138.64135059999998,47.62312047923185,145.03721377472633,117.284907,-258.086484,0.8821335438799729
4,2,0.5_0.1,0.5,normal_52,2022-07-12 00:06:39.831,2022-07-12 00:06:40.331,0,False,True,True,0.0683912,0.0630612841226691,0.0886495159693497,0.159582,0.0515329999999999,-0.0165036,0.1263966599412342,0.1142508701428571,0.279154,-0.4187639999999999,-150.978632,27.22274070319832,152.92942623872713,63.07579000000001,-10.562909999999778,0.75155894667175
4,2,0.5_0.1,0.5,normal_52,2022-07-12 00:06:39.931,2022-07-12 00:06:40.431,0,False,True,True,0.0712203999999999,0.0590927888646322,0.0886899742518848,0.145436,-0.291156,-0.0146712,0.12569287938344,0.1133763822478032,0.279154,-0.6124070000000001,-141.9491954,43.3362000650566,147.146169041434,108.222973,241.2686660000002,0.7669465335817165
4,2,0.5_0.1,0.5,normal_52,2022-07-12 00:06:40.031,2022-07-12 00:06:40.531,0,False,True,True,0.0425963999999999,0.0711950796038602,0.0766123017589212,0.190463,-0.4013280000000002,-0.013906,0.1267728942025857,0.1142386545771614,0.28298,0.1002609999999999,-112.2790242,66.85063314490948,127.20764519793772,163.738746,415.9209050000002,0.0637741177963165
4,2,0.5_0.1,0.5,normal_52,2022-07-12 00:06:40.131,2022-07-12 00:06:40.631,0,False,True,True,0.0175624,0.0352704875044278,0.0361060067689574,0.095493,-0.095765,0.0146611999999999,0.1697612014262976,0.1525452168807662,0.403109,0.992718,-66.9992062,82.80444283853844,99.87068756382295,206.61953,521.3793060000003,-0.472241124020487
4,2,0.5_0.1,0.5,normal_52,2022-07-12 00:06:40.231,2022-07-12 00:06:40.731,0,False,True,True,-0.0133501999999999,0.071818506972089,0.0656090404974802,0.1846269999999999,-0.348988,0.0497064,0.1565644954748681,0.1485956903668474,0.403109,0.7469540000000002,-14.165856200000002,90.93771450002303,82.56152746085334,228.34781,574.871737,-0.2798621433758331
4,2,0.5_0.1,0.5,normal_52,2022-07-12 00:06:40.331,2022-07-12 00:06:40.831,0,False,True,True,-0.0465358,0.0683949430857282,0.0768627040468912,0.1544269999999999,-0.3200579999999999,0.0547039999999999,0.148683998609467,0.1437987231167231,0.378121,-0.215712,41.7725858,90.85637357562882,91.37206038975889,227.067737,574.343038,0.4794828882815986
4,2,0.5_0.1,0.5,normal_52,2022-07-12 00:06:40.431,2022-07-12 00:06:40.931,0,False,True,True,-0.0490426,0.0660709888324671,0.076795032827651,0.1544269999999999,-0.070742,0.0379625999999999,0.1669713792804024,0.1540931932234516,0.383729,-0.905321,93.4319132,81.90207608795379,118.72608162584122,202.780864,514.4533479999999,0.3865745660711024
4,2,0.5_0.1,0.5,normal_569,2022-07-12 01:12:43.512,2022-07-12 01:12:44.012,0,False,True,True,0.0080917999999999,0.1040304829230356,0.0933988775574953,0.246831,-0.4123840000000001,0.0978088,0.1987677770998106,0.202912455822702,0.454801,1.1377239999999995,-146.7120352,33.223804302589514,149.69127633364428,85.28925400000001,142.44891800000016,-0.3578923403359759
4,2,0.5_0.1,0.5,normal_569,2022-07-12 01:12:43.612,2022-07-12 01:12:44.112,0,False,True,True,-0.0337836,0.061912765673163,0.0648682053983305,0.153235,-0.0785769999999999,0.1379358,0.1610577657525398,0.1994441476930321,0.423466,0.46142,-125.591628,57.7058020567478,135.78374238656275,138.55125600000002,353.25341600000024,0.3036974418680045
4,2,0.5_0.1,0.5,normal_569,2022-07-12 01:12:43.712,2022-07-12 01:12:44.212,0,False,True,True,0.0106348,0.1250718876154829,0.1123720633805395,0.294049,0.453175,0.1446888,0.1496020033395275,0.1970772852664659,0.3897009999999999,-0.5925840000000003,-86.1048566,76.02965673386998,109.71988558398448,188.295507,477.3734200000002,-0.4157036916836959
4,2,0.5_0.1,0.5,normal_569,2022-07-12 01:12:43.812,2022-07-12 01:12:44.312,0,True,True,True,0.0491472,0.1202580322710296,0.1182583727623545,0.294049,0.3918449999999999,0.0813783999999999,0.2164881087376394,0.2100383892682478,0.537044,-1.366117,-36.0666558,87.9164447078877,86.51152906206048,221.560504,555.2656109999999,-0.5475509941849701
4,2,0.5_0.1,0.5,normal_569,2022-07-12 01:12:43.912,2022-07-12 01:12:44.412,0,True,True,True,0.0686315999999999,0.1308923182287639,0.1357075373573627,0.294049,0.6659930000000002,-0.0025518,0.16861977977598,0.1508397022955163,0.439372,-0.9268360000000002,18.7384142,90.75715613055448,83.3103671691311,226.504946,573.7879900000001,-0.8095553086376319
4,2,0.5_0.1,0.5,normal_569,2022-07-12 01:12:44.012,2022-07-12 01:12:44.512,0,True,True,True,0.146356,0.1298416702122242,0.1868345958188686,0.351168,0.6589440000000001,-0.0371952,0.1160878179814746,0.1102931914943075,0.2828779999999999,-0.063396,72.6944534,86.74605170458864,106.32208399101717,216.518194,547.396731,-0.068273127729336
4,2,0.5_0.1,0.5,normal_569,2022-07-12 01:12:44.112,2022-07-12 01:12:44.612,0,True,True,True,0.173647,0.0844584742995041,0.1893670185481094,0.214713,-0.0537910000000001,-0.0586663999999999,0.0966096104085923,0.1044436687770015,0.266155,0.322513,116.7400502,68.44478177967518,131.81801789964982,161.345383,418.4308620000001,0.6654447013106692
4,2,0.5_0.1,0.5,normal_569,2022-07-12 01:12:44.212,2022-07-12 01:12:44.712,0,False,True,True,0.1398506,0.1006266327609147,0.1663092471782612,0.263555,-0.2308800000000001,-0.0481806,0.10021001540415,0.1017595595813975,0.266155,0.4576730000000001,144.2415648,40.69979627094791,148.76426906065157,99.449886,198.2091919999998,0.3791712728582015
4,2,0.5_0.1,0.5,normal_569,2022-07-12 01:12:44.312,2022-07-12 01:12:44.812,0,False,True,True,0.129953,0.1061013893971233,0.1609154625093561,0.263555,-0.4595789999999999,0.010995,0.0714026612704316,0.064804028070792,0.178485,0.290587,151.00478600000002,28.142786505634614,153.08840106535564,65.63378,-57.4255000000002,0.1126692479787478
4,2,0.5_0.1,0.5,normal_569,2022-07-12 01:12:44.412,2022-07-12 01:12:44.912,0,False,True,True,0.0852869999999999,0.1326884260476399,0.1461466629608764,0.361295,-0.7438540000000002,0.0458564,0.054969346073971,0.0672317828649516,0.120356,0.1714459999999999,136.67113160000002,49.98404221886965,143.79750273928514,118.653312,-295.520824,-0.040252669328863
4,2,0.5_0.1,0.5,normal_569,2022-07-12 01:12:44.512,2022-07-12 01:12:45.012,0,False,True,True,0.0165293999999999,0.0653336180216586,0.0607289583263207,0.146582,-0.35589,0.0666146,0.0789442588843546,0.0970734862967226,0.194424,0.480776,102.6181586,70.74922084677614,120.5605585371745,173.974655,-442.76481200000006,-0.697485988263561
4,2,0.5_0.1,0.5,normal_569,2022-07-12 01:12:44.612,2022-07-12 01:12:45.112,0,False,True,True,0.0007075999999999,0.0527715065475678,0.0472055740395136,0.125318,-0.168345,0.0944732,0.0614164081186778,0.1092829614679251,0.170174,0.304154,54.92850020000001,85.24007958647559,93.96721273161376,214.610482,-537.5618390000002,-0.4913948263350757
4,2,0.5_0.1,0.5,normal_569,2022-07-12 01:12:44.712,2022-07-12 01:12:45.212,0,False,True,True,0.0012096,0.0532112590087849,0.0476089655464178,0.125318,0.0173369999999999,0.0766872,0.0977870405994577,0.1163218418492417,0.259104,-0.3469570000000002,1.1048562000000004,90.8752753958996,81.28882610695737,227.32225,-574.4394800000001,-0.4804534776173914
4,2,0.5_0.1,0.5,normal_569,2022-07-12 01:12:44.812,2022-07-12 01:12:45.312,0,False,True,True,0.0089478,0.0659820800195022,0.0596906276713522,0.164009,0.4107610000000001,0.0214262,0.1489056518057659,0.1348977262899564,0.350373,-0.8033580000000001,-54.2928758,89.72192813626644,96.89032910164828,223.969128,-566.9196310000001,-0.897513029556735
4,2,0.5_0.1,0.5,normal_569,2022-07-12 01:12:44.912,2022-07-12 01:12:45.412,0,False,True,True,0.0588546,0.0899576447685242,0.0996883454722767,0.2320269999999999,0.5605899999999999,-0.0284964,0.160801837496653,0.146621381683573,0.350373,-0.95096,-102.88935940000002,76.97916019477897,123.80166865263618,187.661075,-479.496298,-0.8661874509486116
4,2,0.5_0.1,0.5,normal_569,2022-07-12 01:12:45.012,2022-07-12 01:12:45.512,0,False,True,True,0.1057254,0.0842358017134044,0.1298244831971227,0.184388,0.51806,-0.0581714,0.1246375944681218,0.1257439292443178,0.295242,-0.255243,-136.6638584,50.14227597794483,143.834656689457,123.187438,-277.477416,-0.3868945914461351
4,2,0.5_0.1,0.5,normal_569,2022-07-12 01:12:45.112,2022-07-12 01:12:45.612,0,False,True,True,0.1109523999999999,0.0770493604665217,0.1306128562753299,0.1582529999999999,0.0745679999999999,-0.0546088,0.1309165694314512,0.1292030942307497,0.3130549999999999,0.6455700000000001,-150.61304,28.16174121547441,152.70479610238664,68.6797,-30.701049999999835,-0.3251544067871509
4,2,0.5_0.1,0.5,normal_569,2022-07-12 01:12:45.212,2022-07-12 01:12:45.712,0,False,True,True,0.090807,0.107572938634677,0.1323006460687173,0.252338,-0.4848980000000002,-0.0221294,0.140044647097988,0.1271995003488614,0.3130549999999999,0.797873,-143.1394512,41.9281070798878,147.97052213356284,106.047644,227.51023800000013,-0.5701737764418802
4,2,0.5_0.1,0.5,normal_569,2022-07-12 01:12:45.312,2022-07-12 01:12:45.812,0,False,True,True,0.0528736,0.1326650277477074,0.1299062171214295,0.2775189999999999,-0.8027220000000002,0.0116943999999999,0.1093229026338946,0.0984782037996225,0.290541,0.3448780000000001,-114.8354434,65.70287359051297,128.9987330919003,160.53332899999998,408.32572200000016,-0.4813564707126584
4,2,0.5_0.1,0.5,normal_569,2022-07-12 01:12:45.412,2022-07-12 01:12:45.912,0,False,True,True,-0.0121058,0.1290641250297695,0.1160714826708093,0.3272239999999999,-0.7737140000000001,0.0234404,0.087534655618789,0.0817270157267473,0.231811,-0.385444,-70.04047299999999,82.22711381683558,101.561343312213,205.186272,517.4643430000002,0.4397297400003087
4,2,0.5_0.1,0.5,normal_569,2022-07-12 01:12:45.512,2022-07-12 01:12:46.012,0,False,True,True,-0.0663812,0.0619097254371233,0.0864448668019102,0.1689709999999999,-0.301134,0.0162649999999999,0.0891760457101569,0.0814029724752112,0.231811,-0.4662900000000001,-17.3196102,91.10346018150824,83.3057096669542,228.951364,575.8299360000001,0.9449848240828108
4,2,0.5_0.1,0.5,normal_569,2022-07-12 01:12:45.612,2022-07-12 01:12:46.112,0,False,True,True,-0.0576301999999999,0.0798970467645707,0.0918045228591707,0.212726,0.2818220000000001,0.0146778,0.0866200461538782,0.0788534319443358,0.223875,0.0999079999999999,38.6154698,91.12927424949235,90.19307184072436,227.069286,575.998137,0.8994073732940295
