group_id,fault_onset_time,detected,alarm_window_start,alarm_window_end,detection_delay_sec,note,W_sec,fold,scale,threshold,system_id,system,config,repeat
fault_1,2022-07-17 10:51:16.724,True,2022-07-17 10:51:16.724,2022-07-17 10:51:17.724,1.0,detected,1.0,0,1.0_0.1,34.02020830623544,1.0_0.1,1.0_0.1,NESTED,0
fault_12,2022-07-17 10:52:45.655,True,2022-07-17 10:52:45.655,2022-07-17 10:52:46.655,1.0,detected,1.0,0,1.0_0.1,34.02020830623544,1.0_0.1,1.0_0.1,NESTED,0
fault_6,2022-07-17 10:51:56.684,True,2022-07-17 10:51:56.684,2022-07-17 10:51:57.684,1.0,detected,1.0,0,1.0_0.1,34.02020830623544,1.0_0.1,1.0_0.1,NESTED,0
fault_7,2022-07-17 10:52:04.407,True,2022-07-17 10:52:04.407,2022-07-17 10:52:05.407,1.0,detected,1.0,0,1.0_0.1,34.02020830623544,1.0_0.1,1.0_0.1,NESTED,0
fault_14,2022-07-17 10:53:01.909,False,,,,not_detected,1.0,1,1.0_0.1,50.475963346396014,1.0_0.1,1.0_0.1,NESTED,0
fault_18,2022-07-17 10:53:34.639,True,2022-07-17 10:53:34.839,2022-07-17 10:53:35.839,1.2,detected,1.0,1,1.0_0.1,50.475963346396014,1.0_0.1,1.0_0.1,NESTED,0
fault_3,2022-07-17 10:51:31.734,True,2022-07-17 10:51:31.934,2022-07-17 10:51:32.934,1.2,detected,1.0,1,1.0_0.1,50.475963346396014,1.0_0.1,1.0_0.1,NESTED,0
fault_4,2022-07-17 10:51:39.999,True,2022-07-17 10:51:40.199,2022-07-17 10:51:41.199,1.2,detected,1.0,1,1.0_0.1,50.475963346396014,1.0_0.1,1.0_0.1,NESTED,0
fault_11,2022-07-17 10:52:38.172,True,2022-07-17 10:52:38.272,2022-07-17 10:52:39.272,1.1,detected,1.0,2,1.0_0.1,51.02416886932956,1.0_0.1,1.0_0.1,NESTED,0
fault_13,2022-07-17 10:52:53.769,True,2022-07-17 10:52:53.869,2022-07-17 10:52:54.869,1.1,detected,1.0,2,1.0_0.1,51.02416886932956,1.0_0.1,1.0_0.1,NESTED,0
fault_16,2022-07-17 10:53:18.444,True,2022-07-17 10:53:18.544,2022-07-17 10:53:19.544,1.1,detected,1.0,2,1.0_0.1,51.02416886932956,1.0_0.1,1.0_0.1,NESTED,0
fault_17,2022-07-17 10:53:26.553,True,2022-07-17 10:53:26.653,2022-07-17 10:53:27.653,1.1,detected,1.0,2,1.0_0.1,51.02416886932956,1.0_0.1,1.0_0.1,NESTED,0
fault_15,2022-07-17 10:53:11.764,True,2022-07-17 10:53:13.164,2022-07-17 10:53:14.164,2.4,detected,1.0,3,1.0_0.1,45.181098482436234,1.0_0.1,1.0_0.1,NESTED,0
fault_2,2022-07-17 10:51:23.615,True,2022-07-17 10:51:23.815,2022-07-17 10:51:24.815,1.2,detected,1.0,3,1.0_0.1,45.181098482436234,1.0_0.1,1.0_0.1,NESTED,0
fault_20,2022-07-17 10:53:52.140,True,2022-07-17 10:53:52.340,2022-07-17 10:53:53.340,1.2,detected,1.0,3,1.0_0.1,45.181098482436234,1.0_0.1,1.0_0.1,NESTED,0
fault_8,2022-07-17 10:52:12.567,True,2022-07-17 10:52:12.767,2022-07-17 10:52:13.767,1.2,detected,1.0,3,1.0_0.1,45.181098482436234,1.0_0.1,1.0_0.1,NESTED,0
fault_1,2022-07-17 10:51:16.724,True,2022-07-17 10:51:16.724,2022-07-17 10:51:17.724,1.0,detected,1.0,0,1.0_0.1,24.748065120495617,1.0_0.1,1.0_0.1,"q=0.99,k=1",0
fault_12,2022-07-17 10:52:45.655,True,2022-07-17 10:52:45.655,2022-07-17 10:52:46.655,1.0,detected,1.0,0,1.0_0.1,24.748065120495617,1.0_0.1,1.0_0.1,"q=0.99,k=1",0
fault_6,2022-07-17 10:51:56.684,True,2022-07-17 10:51:56.684,2022-07-17 10:51:57.684,1.0,detected,1.0,0,1.0_0.1,24.748065120495617,1.0_0.1,1.0_0.1,"q=0.99,k=1",0
fault_7,2022-07-17 10:52:04.407,True,2022-07-17 10:52:04.407,2022-07-17 10:52:05.407,1.0,detected,1.0,0,1.0_0.1,24.748065120495617,1.0_0.1,1.0_0.1,"q=0.99,k=1",0
fault_14,2022-07-17 10:53:01.909,True,2022-07-17 10:53:01.909,2022-07-17 10:53:02.909,1.0,detected,1.0,1,1.0_0.1,23.320471790943692,1.0_0.1,1.0_0.1,"q=0.99,k=1",0
fault_18,2022-07-17 10:53:34.639,True,2022-07-17 10:53:34.639,2022-07-17 10:53:35.639,1.0,detected,1.0,1,1.0_0.1,23.320471790943692,1.0_0.1,1.0_0.1,"q=0.99,k=1",0
fault_3,2022-07-17 10:51:31.734,True,2022-07-17 10:51:31.734,2022-07-17 10:51:32.734,1.0,detected,1.0,1,1.0_0.1,23.320471790943692,1.0_0.1,1.0_0.1,"q=0.99,k=1",0
fault_4,2022-07-17 10:51:39.999,True,2022-07-17 10:51:39.999,2022-07-17 10:51:40.999,1.0,detected,1.0,1,1.0_0.1,23.320471790943692,1.0_0.1,1.0_0.1,"q=0.99,k=1",0
fault_11,2022-07-17 10:52:38.172,True,2022-07-17 10:52:38.172,2022-07-17 10:52:39.172,1.0,detected,1.0,2,1.0_0.1,26.058121407304455,1.0_0.1,1.0_0.1,"q=0.99,k=1",0
fault_13,2022-07-17 10:52:53.769,True,2022-07-17 10:52:53.769,2022-07-17 10:52:54.769,1.0,detected,1.0,2,1.0_0.1,26.058121407304455,1.0_0.1,1.0_0.1,"q=0.99,k=1",0
fault_16,2022-07-17 10:53:18.444,True,2022-07-17 10:53:18.444,2022-07-17 10:53:19.444,1.0,detected,1.0,2,1.0_0.1,26.058121407304455,1.0_0.1,1.0_0.1,"q=0.99,k=1",0
fault_17,2022-07-17 10:53:26.553,True,2022-07-17 10:53:26.553,2022-07-17 10:53:27.553,1.0,detected,1.0,2,1.0_0.1,26.058121407304455,1.0_0.1,1.0_0.1,"q=0.99,k=1",0
fault_15,2022-07-17 10:53:11.764,True,2022-07-17 10:53:12.264,2022-07-17 10:53:13.264,1.5,detected,1.0,3,1.0_0.1,25.863698188479752,1.0_0.1,1.0_0.1,"q=0.99,k=1",0
fault_2,2022-07-17 10:51:23.615,True,2022-07-17 10:51:23.615,2022-07-17 10:51:24.615,1.0,detected,1.0,3,1.0_0.1,25.863698188479752,1.0_0.1,1.0_0.1,"q=0.99,k=1",0
fault_20,2022-07-17 10:53:52.140,True,2022-07-17 10:53:52.140,2022-07-17 10:53:53.140,1.0,detected,1.0,3,1.0_0.1,25.863698188479752,1.0_0.1,1.0_0.1,"q=0.99,k=1",0
fault_8,2022-07-17 10:52:12.567,True,2022-07-17 10:52:12.567,2022-07-17 10:52:13.567,1.0,detected,1.0,3,1.0_0.1,25.863698188479752,1.0_0.1,1.0_0.1,"q=0.99,k=1",0
fault_1,2022-07-17 10:51:16.724,True,2022-07-17 10:51:16.824,2022-07-17 10:51:17.824,1.1,detected,1.0,0,1.0_0.1,24.748065120495617,1.0_0.1,1.0_0.1,"q=0.99,k=2",0
fault_12,2022-07-17 10:52:45.655,True,2022-07-17 10:52:45.755,2022-07-17 10:52:46.755,1.1,detected,1.0,0,1.0_0.1,24.748065120495617,1.0_0.1,1.0_0.1,"q=0.99,k=2",0
fault_6,2022-07-17 10:51:56.684,True,2022-07-17 10:51:56.784,2022-07-17 10:51:57.784,1.1,detected,1.0,0,1.0_0.1,24.748065120495617,1.0_0.1,1.0_0.1,"q=0.99,k=2",0
fault_7,2022-07-17 10:52:04.407,True,2022-07-17 10:52:04.507,2022-07-17 10:52:05.507,1.1,detected,1.0,0,1.0_0.1,24.748065120495617,1.0_0.1,1.0_0.1,"q=0.99,k=2",0
fault_14,2022-07-17 10:53:01.909,True,2022-07-17 10:53:02.009,2022-07-17 10:53:03.009,1.1,detected,1.0,1,1.0_0.1,23.320471790943692,1.0_0.1,1.0_0.1,"q=0.99,k=2",0
fault_18,2022-07-17 10:53:34.639,True,2022-07-17 10:53:34.739,2022-07-17 10:53:35.739,1.1,detected,1.0,1,1.0_0.1,23.320471790943692,1.0_0.1,1.0_0.1,"q=0.99,k=2",0
fault_3,2022-07-17 10:51:31.734,True,2022-07-17 10:51:31.834,2022-07-17 10:51:32.834,1.1,detected,1.0,1,1.0_0.1,23.320471790943692,1.0_0.1,1.0_0.1,"q=0.99,k=2",0
fault_4,2022-07-17 10:51:39.999,True,2022-07-17 10:51:40.099,2022-07-17 10:51:41.099,1.1,detected,1.0,1,1.0_0.1,23.320471790943692,1.0_0.1,1.0_0.1,"q=0.99,k=2",0
fault_11,2022-07-17 10:52:38.172,True,2022-07-17 10:52:38.272,2022-07-17 10:52:39.272,1.1,detected,1.0,2,1.0_0.1,26.058121407304455,1.0_0.1,1.0_0.1,"q=0.99,k=2",0
fault_13,2022-07-17 10:52:53.769,True,2022-07-17 10:52:53.869,2022-07-17 10:52:54.869,1.1,detected,1.0,2,1.0_0.1,26.058121407304455,1.0_0.1,1.0_0.1,"q=0.99,k=2",0
fault_16,2022-07-17 10:53:18.444,True,2022-07-17 10:53:18.544,2022-07-17 10:53:19.544,1.1,detected,1.0,2,1.0_0.1,26.058121407304455,1.0_0.1,1.0_0.1,"q=0.99,k=2",0
fault_17,2022-07-17 10:53:26.553,True,2022-07-17 10:53:26.653,2022-07-17 10:53:27.653,1.1,detected,1.0,2,1.0_0.1,26.058121407304455,1.0_0.1,1.0_0.1,"q=0.99,k=2",0
fault_15,2022-07-17 10:53:11.764,True,2022-07-17 10:53:12.364,2022-07-17 10:53:13.364,1.6,detected,1.0,3,1.0_0.1,25.863698188479752,1.0_0.1,1.0_0.1,"q=0.99,k=2",0
fault_2,2022-07-17 10:51:23.615,True,2022-07-17 10:51:23.715,2022-07-17 10:51:24.715,1.1,detected,1.0,3,1.0_0.1,25.863698188479752,1.0_0.1,1.0_0.1,"q=0.99,k=2",0
fault_20,2022-07-17 10:53:52.140,True,2022-07-17 10:53:52.240,2022-07-17 10:53:53.240,1.1,detected,1.0,3,1.0_0.1,25.863698188479752,1.0_0.1,1.0_0.1,"q=0.99,k=2",0
fault_8,2022-07-17 10:52:12.567,True,2022-07-17 10:52:12.667,2022-07-17 10:52:13.667,1.1,detected,1.0,3,1.0_0.1,25.863698188479752,1.0_0.1,1.0_0.1,"q=0.99,k=2",0
fault_1,2022-07-17 10:51:16.724,True,2022-07-17 10:51:16.924,2022-07-17 10:51:17.924,1.2,detected,1.0,0,1.0_0.1,24.748065120495617,1.0_0.1,1.0_0.1,"q=0.99,k=3",0
fault_12,2022-07-17 10:52:45.655,True,2022-07-17 10:52:45.855,2022-07-17 10:52:46.855,1.2,detected,1.0,0,1.0_0.1,24.748065120495617,1.0_0.1,1.0_0.1,"q=0.99,k=3",0
fault_6,2022-07-17 10:51:56.684,True,2022-07-17 10:51:56.884,2022-07-17 10:51:57.884,1.2,detected,1.0,0,1.0_0.1,24.748065120495617,1.0_0.1,1.0_0.1,"q=0.99,k=3",0
fault_7,2022-07-17 10:52:04.407,True,2022-07-17 10:52:04.607,2022-07-17 10:52:05.607,1.2,detected,1.0,0,1.0_0.1,24.748065120495617,1.0_0.1,1.0_0.1,"q=0.99,k=3",0
fault_14,2022-07-17 10:53:01.909,True,2022-07-17 10:53:02.109,2022-07-17 10:53:03.109,1.2,detected,1.0,1,1.0_0.1,23.320471790943692,1.0_0.1,1.0_0.1,"q=0.99,k=3",0
fault_18,2022-07-17 10:53:34.639,True,2022-07-17 10:53:34.839,2022-07-17 10:53:35.839,1.2,detected,1.0,1,1.0_0.1,23.320471790943692,1.0_0.1,1.0_0.1,"q=0.99,k=3",0
fault_3,2022-07-17 10:51:31.734,True,2022-07-17 10:51:31.934,2022-07-17 10:51:32.934,1.2,detected,1.0,1,1.0_0.1,23.320471790943692,1.0_0.1,1.0_0.1,"q=0.99,k=3",0
fault_4,2022-07-17 10:51:39.999,True,2022-07-17 10:51:40.199,2022-07-17 10:51:41.199,1.2,detected,1.0,1,1.0_0.1,23.320471790943692,1.0_0.1,1.0_0.1,"q=0.99,k=3",0
fault_11,2022-07-17 10:52:38.172,True,2022-07-17 10:52:38.372,2022-07-17 10:52:39.372,1.2,detected,1.0,2,1.0_0.1,26.058121407304455,1.0_0.1,1.0_0.1,"q=0.99,k=3",0
fault_13,2022-07-17 10:52:53.769,True,2022-07-17 10:52:53.969,2022-07-17 10:52:54.969,1.2,detected,1.0,2,1.0_0.1,26.058121407304455,1.0_0.1,1.0_0.1,"q=0.99,k=3",0
fault_16,2022-07-17 10:53:18.444,True,2022-07-17 10:53:18.644,2022-07-17 10:53:19.644,1.2,detected,1.0,2,1.0_0.1,26.058121407304455,1.0_0.1,1.0_0.1,"q=0.99,k=3",0
fault_17,2022-07-17 10:53:26.553,True,2022-07-17 10:53:26.753,2022-07-17 10:53:27.753,1.2,detected,1.0,2,1.0_0.1,26.058121407304455,1.0_0.1,1.0_0.1,"q=0.99,k=3",0
fault_15,2022-07-17 10:53:11.764,True,2022-07-17 10:53:12.464,2022-07-17 10:53:13.464,1.7,detected,1.0,3,1.0_0.1,25.863698188479752,1.0_0.1,1.0_0.1,"q=0.99,k=3",0
fault_2,2022-07-17 10:51:23.615,True,2022-07-17 10:51:23.815,2022-07-17 10:51:24.815,1.2,detected,1.0,3,1.0_0.1,25.863698188479752,1.0_0.1,1.0_0.1,"q=0.99,k=3",0
fault_20,2022-07-17 10:53:52.140,True,2022-07-17 10:53:52.340,2022-07-17 10:53:53.340,1.2,detected,1.0,3,1.0_0.1,25.863698188479752,1.0_0.1,1.0_0.1,"q=0.99,k=3",0
fault_8,2022-07-17 10:52:12.567,True,2022-07-17 10:52:12.767,2022-07-17 10:52:13.767,1.2,detected,1.0,3,1.0_0.1,25.863698188479752,1.0_0.1,1.0_0.1,"q=0.99,k=3",0
fault_1,2022-07-17 10:51:16.724,True,2022-07-17 10:51:16.724,2022-07-17 10:51:17.724,1.0,detected,1.0,0,1.0_0.1,27.51255819717738,1.0_0.1,1.0_0.1,"q=0.995,k=1",0
fault_12,2022-07-17 10:52:45.655,True,2022-07-17 10:52:45.655,2022-07-17 10:52:46.655,1.0,detected,1.0,0,1.0_0.1,27.51255819717738,1.0_0.1,1.0_0.1,"q=0.995,k=1",0
fault_6,2022-07-17 10:51:56.684,True,2022-07-17 10:51:56.684,2022-07-17 10:51:57.684,1.0,detected,1.0,0,1.0_0.1,27.51255819717738,1.0_0.1,1.0_0.1,"q=0.995,k=1",0
fault_7,2022-07-17 10:52:04.407,True,2022-07-17 10:52:04.407,2022-07-17 10:52:05.407,1.0,detected,1.0,0,1.0_0.1,27.51255819717738,1.0_0.1,1.0_0.1,"q=0.995,k=1",0
fault_14,2022-07-17 10:53:01.909,True,2022-07-17 10:53:01.909,2022-07-17 10:53:02.909,1.0,detected,1.0,1,1.0_0.1,33.46657816916001,1.0_0.1,1.0_0.1,"q=0.995,k=1",0
fault_18,2022-07-17 10:53:34.639,True,2022-07-17 10:53:34.639,2022-07-17 10:53:35.639,1.0,detected,1.0,1,1.0_0.1,33.46657816916001,1.0_0.1,1.0_0.1,"q=0.995,k=1",0
fault_3,2022-07-17 10:51:31.734,True,2022-07-17 10:51:31.734,2022-07-17 10:51:32.734,1.0,detected,1.0,1,1.0_0.1,33.46657816916001,1.0_0.1,1.0_0.1,"q=0.995,k=1",0
fault_4,2022-07-17 10:51:39.999,True,2022-07-17 10:51:39.999,2022-07-17 10:51:40.999,1.0,detected,1.0,1,1.0_0.1,33.46657816916001,1.0_0.1,1.0_0.1,"q=0.995,k=1",0
fault_11,2022-07-17 10:52:38.172,True,2022-07-17 10:52:38.172,2022-07-17 10:52:39.172,1.0,detected,1.0,2,1.0_0.1,29.541976065289557,1.0_0.1,1.0_0.1,"q=0.995,k=1",0
fault_13,2022-07-17 10:52:53.769,True,2022-07-17 10:52:53.769,2022-07-17 10:52:54.769,1.0,detected,1.0,2,1.0_0.1,29.541976065289557,1.0_0.1,1.0_0.1,"q=0.995,k=1",0
fault_16,2022-07-17 10:53:18.444,True,2022-07-17 10:53:18.444,2022-07-17 10:53:19.444,1.0,detected,1.0,2,1.0_0.1,29.541976065289557,1.0_0.1,1.0_0.1,"q=0.995,k=1",0
fault_17,2022-07-17 10:53:26.553,True,2022-07-17 10:53:26.553,2022-07-17 10:53:27.553,1.0,detected,1.0,2,1.0_0.1,29.541976065289557,1.0_0.1,1.0_0.1,"q=0.995,k=1",0
fault_15,2022-07-17 10:53:11.764,True,2022-07-17 10:53:12.264,2022-07-17 10:53:13.264,1.5,detected,1.0,3,1.0_0.1,30.173647972371263,1.0_0.1,1.0_0.1,"q=0.995,k=1",0
fault_2,2022-07-17 10:51:23.615,True,2022-07-17 10:51:23.615,2022-07-17 10:51:24.615,1.0,detected,1.0,3,1.0_0.1,30.173647972371263,1.0_0.1,1.0_0.1,"q=0.995,k=1",0
fault_20,2022-07-17 10:53:52.140,True,2022-07-17 10:53:52.140,2022-07-17 10:53:53.140,1.0,detected,1.0,3,1.0_0.1,30.173647972371263,1.0_0.1,1.0_0.1,"q=0.995,k=1",0
fault_8,2022-07-17 10:52:12.567,True,2022-07-17 10:52:12.567,2022-07-17 10:52:13.567,1.0,detected,1.0,3,1.0_0.1,30.173647972371263,1.0_0.1,1.0_0.1,"q=0.995,k=1",0
fault_1,2022-07-17 10:51:16.724,True,2022-07-17 10:51:16.824,2022-07-17 10:51:17.824,1.1,detected,1.0,0,1.0_0.1,27.51255819717738,1.0_0.1,1.0_0.1,"q=0.995,k=2",0
fault_12,2022-07-17 10:52:45.655,True,2022-07-17 10:52:45.755,2022-07-17 10:52:46.755,1.1,detected,1.0,0,1.0_0.1,27.51255819717738,1.0_0.1,1.0_0.1,"q=0.995,k=2",0
fault_6,2022-07-17 10:51:56.684,True,2022-07-17 10:51:56.784,2022-07-17 10:51:57.784,1.1,detected,1.0,0,1.0_0.1,27.51255819717738,1.0_0.1,1.0_0.1,"q=0.995,k=2",0
fault_7,2022-07-17 10:52:04.407,True,2022-07-17 10:52:04.507,2022-07-17 10:52:05.507,1.1,detected,1.0,0,1.0_0.1,27.51255819717738,1.0_0.1,1.0_0.1,"q=0.995,k=2",0
fault_14,2022-07-17 10:53:01.909,True,2022-07-17 10:53:02.009,2022-07-17 10:53:03.009,1.1,detected,1.0,1,1.0_0.1,33.46657816916001,1.0_0.1,1.0_0.1,"q=0.995,k=2",0
fault_18,2022-07-17 10:53:34.639,True,2022-07-17 10:53:34.739,2022-07-17 10:53:35.739,1.1,detected,1.0,1,1.0_0.1,33.46657816916001,1.0_0.1,1.0_0.1,"q=0.995,k=2",0
fault_3,2022-07-17 10:51:31.734,True,2022-07-17 10:51:31.834,2022-07-17 10:51:32.834,1.1,detected,1.0,1,1.0_0.1,33.46657816916001,1.0_0.1,1.0_0.1,"q=0.995,k=2",0
fault_4,2022-07-17 10:51:39.999,True,2022-07-17 10:51:40.099,2022-07-17 10:51:41.099,1.1,detected,1.0,1,1.0_0.1,33.46657816916001,1.0_0.1,1.0_0.1,"q=0.995,k=2",0
fault_11,2022-07-17 10:52:38.172,True,2022-07-17 10:52:38.272,2022-07-17 10:52:39.272,1.1,detected,1.0,2,1.0_0.1,29.541976065289557,1.0_0.1,1.0_0.1,"q=0.995,k=2",0
fault_13,2022-07-17 10:52:53.769,True,2022-07-17 10:52:53.869,2022-07-17 10:52:54.869,1.1,detected,1.0,2,1.0_0.1,29.541976065289557,1.0_0.1,1.0_0.1,"q=0.995,k=2",0
fault_16,2022-07-17 10:53:18.444,True,2022-07-17 10:53:18.544,2022-07-17 10:53:19.544,1.1,detected,1.0,2,1.0_0.1,29.541976065289557,1.0_0.1,1.0_0.1,"q=0.995,k=2",0
fault_17,2022-07-17 10:53:26.553,True,2022-07-17 10:53:26.653,2022-07-17 10:53:27.653,1.1,detected,1.0,2,1.0_0.1,29.541976065289557,1.0_0.1,1.0_0.1,"q=0.995,k=2",0
fault_15,2022-07-17 10:53:11.764,True,2022-07-17 10:53:12.364,2022-07-17 10:53:13.364,1.6,detected,1.0,3,1.0_0.1,30.173647972371263,1.0_0.1,1.0_0.1,"q=0.995,k=2",0
fault_2,2022-07-17 10:51:23.615,True,2022-07-17 10:51:23.715,2022-07-17 10:51:24.715,1.1,detected,1.0,3,1.0_0.1,30.173647972371263,1.0_0.1,1.0_0.1,"q=0.995,k=2",0
fault_20,2022-07-17 10:53:52.140,True,2022-07-17 10:53:52.240,2022-07-17 10:53:53.240,1.1,detected,1.0,3,1.0_0.1,30.173647972371263,1.0_0.1,1.0_0.1,"q=0.995,k=2",0
fault_8,2022-07-17 10:52:12.567,True,2022-07-17 10:52:12.667,2022-07-17 10:52:13.667,1.1,detected,1.0,3,1.0_0.1,30.173647972371263,1.0_0.1,1.0_0.1,"q=0.995,k=2",0
fault_1,2022-07-17 10:51:16.724,True,2022-07-17 10:51:16.924,2022-07-17 10:51:17.924,1.2,detected,1.0,0,1.0_0.1,27.51255819717738,1.0_0.1,1.0_0.1,"q=0.995,k=3",0
fault_12,2022-07-17 10:52:45.655,True,2022-07-17 10:52:45.855,2022-07-17 10:52:46.855,1.2,detected,1.0,0,1.0_0.1,27.51255819717738,1.0_0.1,1.0_0.1,"q=0.995,k=3",0
fault_6,2022-07-17 10:51:56.684,True,2022-07-17 10:51:56.884,2022-07-17 10:51:57.884,1.2,detected,1.0,0,1.0_0.1,27.51255819717738,1.0_0.1,1.0_0.1,"q=0.995,k=3",0
fault_7,2022-07-17 10:52:04.407,True,2022-07-17 10:52:04.607,2022-07-17 10:52:05.607,1.2,detected,1.0,0,1.0_0.1,27.51255819717738,1.0_0.1,1.0_0.1,"q=0.995,k=3",0
fault_14,2022-07-17 10:53:01.909,True,2022-07-17 10:53:02.109,2022-07-17 10:53:03.109,1.2,detected,1.0,1,1.0_0.1,33.46657816916001,1.0_0.1,1.0_0.1,"q=0.995,k=3",0
fault_18,2022-07-17 10:53:34.639,True,2022-07-17 10:53:34.839,2022-07-17 10:53:35.839,1.2,detected,1.0,1,1.0_0.1,33.46657816916001,1.0_0.1,1.0_0.1,"q=0.995,k=3",0
fault_3,2022-07-17 10:51:31.734,True,2022-07-17 10:51:31.934,2022-07-17 10:51:32.934,1.2,detected,1.0,1,1.0_0.1,33.46657816916001,1.0_0.1,1.0_0.1,"q=0.995,k=3",0
fault_4,2022-07-17 10:51:39.999,True,2022-07-17 10:51:40.199,2022-07-17 10:51:41.199,1.2,detected,1.0,1,1.0_0.1,33.46657816916001,1.0_0.1,1.0_0.1,"q=0.995,k=3",0
fault_11,2022-07-17 10:52:38.172,True,2022-07-17 10:52:38.372,2022-07-17 10:52:39.372,1.2,detected,1.0,2,1.0_0.1,29.541976065289557,1.0_0.1,1.0_0.1,"q=0.995,k=3",0
fault_13,2022-07-17 10:52:53.769,True,2022-07-17 10:52:53.969,2022-07-17 10:52:54.969,1.2,detected,1.0,2,1.0_0.1,29.541976065289557,1.0_0.1,1.0_0.1,"q=0.995,k=3",0
fault_16,2022-07-17 10:53:18.444,True,2022-07-17 10:53:18.644,2022-07-17 10:53:19.644,1.2,detected,1.0,2,1.0_0.1,29.541976065289557,1.0_0.1,1.0_0.1,"q=0.995,k=3",0
fault_17,2022-07-17 10:53:26.553,True,2022-07-17 10:53:26.753,2022-07-17 10:53:27.753,1.2,detected,1.0,2,1.0_0.1,29.541976065289557,1.0_0.1,1.0_0.1,"q=0.995,k=3",0
fault_15,2022-07-17 10:53:11.764,True,2022-07-17 10:53:12.464,2022-07-17 10:53:13.464,1.7,detected,1.0,3,1.0_0.1,30.173647972371263,1.0_0.1,1.0_0.1,"q=0.995,k=3",0
fault_2,2022-07-17 10:51:23.615,True,2022-07-17 10:51:23.815,2022-07-17 10:51:24.815,1.2,detected,1.0,3,1.0_0.1,30.173647972371263,1.0_0.1,1.0_0.1,"q=0.995,k=3",0
fault_20,2022-07-17 10:53:52.140,True,2022-07-17 10:53:52.340,2022-07-17 10:53:53.340,1.2,detected,1.0,3,1.0_0.1,30.173647972371263,1.0_0.1,1.0_0.1,"q=0.995,k=3",0
fault_8,2022-07-17 10:52:12.567,True,2022-07-17 10:52:12.767,2022-07-17 10:52:13.767,1.2,detected,1.0,3,1.0_0.1,30.173647972371263,1.0_0.1,1.0_0.1,"q=0.995,k=3",0
fault_1,2022-07-17 10:51:16.724,True,2022-07-17 10:51:16.724,2022-07-17 10:51:17.724,1.0,detected,1.0,0,1.0_0.1,34.02020830623544,1.0_0.1,1.0_0.1,"q=0.998,k=1",0
fault_12,2022-07-17 10:52:45.655,True,2022-07-17 10:52:45.655,2022-07-17 10:52:46.655,1.0,detected,1.0,0,1.0_0.1,34.02020830623544,1.0_0.1,1.0_0.1,"q=0.998,k=1",0
fault_6,2022-07-17 10:51:56.684,True,2022-07-17 10:51:56.684,2022-07-17 10:51:57.684,1.0,detected,1.0,0,1.0_0.1,34.02020830623544,1.0_0.1,1.0_0.1,"q=0.998,k=1",0
fault_7,2022-07-17 10:52:04.407,True,2022-07-17 10:52:04.407,2022-07-17 10:52:05.407,1.0,detected,1.0,0,1.0_0.1,34.02020830623544,1.0_0.1,1.0_0.1,"q=0.998,k=1",0
fault_14,2022-07-17 10:53:01.909,True,2022-07-17 10:53:01.909,2022-07-17 10:53:02.909,1.0,detected,1.0,1,1.0_0.1,46.274693278896194,1.0_0.1,1.0_0.1,"q=0.998,k=1",0
fault_18,2022-07-17 10:53:34.639,True,2022-07-17 10:53:34.639,2022-07-17 10:53:35.639,1.0,detected,1.0,1,1.0_0.1,46.274693278896194,1.0_0.1,1.0_0.1,"q=0.998,k=1",0
fault_3,2022-07-17 10:51:31.734,True,2022-07-17 10:51:31.734,2022-07-17 10:51:32.734,1.0,detected,1.0,1,1.0_0.1,46.274693278896194,1.0_0.1,1.0_0.1,"q=0.998,k=1",0
fault_4,2022-07-17 10:51:39.999,True,2022-07-17 10:51:39.999,2022-07-17 10:51:40.999,1.0,detected,1.0,1,1.0_0.1,46.274693278896194,1.0_0.1,1.0_0.1,"q=0.998,k=1",0
fault_11,2022-07-17 10:52:38.172,True,2022-07-17 10:52:38.172,2022-07-17 10:52:39.172,1.0,detected,1.0,2,1.0_0.1,39.809206115299574,1.0_0.1,1.0_0.1,"q=0.998,k=1",0
fault_13,2022-07-17 10:52:53.769,True,2022-07-17 10:52:53.769,2022-07-17 10:52:54.769,1.0,detected,1.0,2,1.0_0.1,39.809206115299574,1.0_0.1,1.0_0.1,"q=0.998,k=1",0
fault_16,2022-07-17 10:53:18.444,True,2022-07-17 10:53:18.444,2022-07-17 10:53:19.444,1.0,detected,1.0,2,1.0_0.1,39.809206115299574,1.0_0.1,1.0_0.1,"q=0.998,k=1",0
fault_17,2022-07-17 10:53:26.553,True,2022-07-17 10:53:26.553,2022-07-17 10:53:27.553,1.0,detected,1.0,2,1.0_0.1,39.809206115299574,1.0_0.1,1.0_0.1,"q=0.998,k=1",0
fault_15,2022-07-17 10:53:11.764,True,2022-07-17 10:53:12.364,2022-07-17 10:53:13.364,1.6,detected,1.0,3,1.0_0.1,36.587884333840144,1.0_0.1,1.0_0.1,"q=0.998,k=1",0
fault_2,2022-07-17 10:51:23.615,True,2022-07-17 10:51:23.615,2022-07-17 10:51:24.615,1.0,detected,1.0,3,1.0_0.1,36.587884333840144,1.0_0.1,1.0_0.1,"q=0.998,k=1",0
fault_20,2022-07-17 10:53:52.140,True,2022-07-17 10:53:52.140,2022-07-17 10:53:53.140,1.0,detected,1.0,3,1.0_0.1,36.587884333840144,1.0_0.1,1.0_0.1,"q=0.998,k=1",0
fault_8,2022-07-17 10:52:12.567,True,2022-07-17 10:52:12.567,2022-07-17 10:52:13.567,1.0,detected,1.0,3,1.0_0.1,36.587884333840144,1.0_0.1,1.0_0.1,"q=0.998,k=1",0
fault_1,2022-07-17 10:51:16.724,True,2022-07-17 10:51:16.824,2022-07-17 10:51:17.824,1.1,detected,1.0,0,1.0_0.1,34.02020830623544,1.0_0.1,1.0_0.1,"q=0.998,k=2",0
fault_12,2022-07-17 10:52:45.655,True,2022-07-17 10:52:45.755,2022-07-17 10:52:46.755,1.1,detected,1.0,0,1.0_0.1,34.02020830623544,1.0_0.1,1.0_0.1,"q=0.998,k=2",0
fault_6,2022-07-17 10:51:56.684,True,2022-07-17 10:51:56.784,2022-07-17 10:51:57.784,1.1,detected,1.0,0,1.0_0.1,34.02020830623544,1.0_0.1,1.0_0.1,"q=0.998,k=2",0
fault_7,2022-07-17 10:52:04.407,True,2022-07-17 10:52:04.507,2022-07-17 10:52:05.507,1.1,detected,1.0,0,1.0_0.1,34.02020830623544,1.0_0.1,1.0_0.1,"q=0.998,k=2",0
fault_14,2022-07-17 10:53:01.909,True,2022-07-17 10:53:02.009,2022-07-17 10:53:03.009,1.1,detected,1.0,1,1.0_0.1,46.274693278896194,1.0_0.1,1.0_0.1,"q=0.998,k=2",0
fault_18,2022-07-17 10:53:34.639,True,2022-07-17 10:53:34.739,2022-07-17 10:53:35.739,1.1,detected,1.0,1,1.0_0.1,46.274693278896194,1.0_0.1,1.0_0.1,"q=0.998,k=2",0
fault_3,2022-07-17 10:51:31.734,True,2022-07-17 10:51:31.834,2022-07-17 10:51:32.834,1.1,detected,1.0,1,1.0_0.1,46.274693278896194,1.0_0.1,1.0_0.1,"q=0.998,k=2",0
fault_4,2022-07-17 10:51:39.999,True,2022-07-17 10:51:40.099,2022-07-17 10:51:41.099,1.1,detected,1.0,1,1.0_0.1,46.274693278896194,1.0_0.1,1.0_0.1,"q=0.998,k=2",0
fault_11,2022-07-17 10:52:38.172,True,2022-07-17 10:52:38.272,2022-07-17 10:52:39.272,1.1,detected,1.0,2,1.0_0.1,39.809206115299574,1.0_0.1,1.0_0.1,"q=0.998,k=2",0
fault_13,2022-07-17 10:52:53.769,True,2022-07-17 10:52:53.869,2022-07-17 10:52:54.869,1.1,detected,1.0,2,1.0_0.1,39.809206115299574,1.0_0.1,1.0_0.1,"q=0.998,k=2",0
fault_16,2022-07-17 10:53:18.444,True,2022-07-17 10:53:18.544,2022-07-17 10:53:19.544,1.1,detected,1.0,2,1.0_0.1,39.809206115299574,1.0_0.1,1.0_0.1,"q=0.998,k=2",0
fault_17,2022-07-17 10:53:26.553,True,2022-07-17 10:53:26.653,2022-07-17 10:53:27.653,1.1,detected,1.0,2,1.0_0.1,39.809206115299574,1.0_0.1,1.0_0.1,"q=0.998,k=2",0
fault_15,2022-07-17 10:53:11.764,True,2022-07-17 10:53:12.664,2022-07-17 10:53:13.664,1.9,detected,1.0,3,1.0_0.1,36.587884333840144,1.0_0.1,1.0_0.1,"q=0.998,k=2",0
fault_2,2022-07-17 10:51:23.615,True,2022-07-17 10:51:23.715,2022-07-17 10:51:24.715,1.1,detected,1.0,3,1.0_0.1,36.587884333840144,1.0_0.1,1.0_0.1,"q=0.998,k=2",0
fault_20,2022-07-17 10:53:52.140,True,2022-07-17 10:53:52.240,2022-07-17 10:53:53.240,1.1,detected,1.0,3,1.0_0.1,36.587884333840144,1.0_0.1,1.0_0.1,"q=0.998,k=2",0
fault_8,2022-07-17 10:52:12.567,True,2022-07-17 10:52:12.667,2022-07-17 10:52:13.667,1.1,detected,1.0,3,1.0_0.1,36.587884333840144,1.0_0.1,1.0_0.1,"q=0.998,k=2",0
fault_1,2022-07-17 10:51:16.724,True,2022-07-17 10:51:16.924,2022-07-17 10:51:17.924,1.2,detected,1.0,0,1.0_0.1,34.02020830623544,1.0_0.1,1.0_0.1,"q=0.998,k=3",0
fault_12,2022-07-17 10:52:45.655,True,2022-07-17 10:52:45.855,2022-07-17 10:52:46.855,1.2,detected,1.0,0,1.0_0.1,34.02020830623544,1.0_0.1,1.0_0.1,"q=0.998,k=3",0
fault_6,2022-07-17 10:51:56.684,True,2022-07-17 10:51:56.884,2022-07-17 10:51:57.884,1.2,detected,1.0,0,1.0_0.1,34.02020830623544,1.0_0.1,1.0_0.1,"q=0.998,k=3",0
fault_7,2022-07-17 10:52:04.407,True,2022-07-17 10:52:04.607,2022-07-17 10:52:05.607,1.2,detected,1.0,0,1.0_0.1,34.02020830623544,1.0_0.1,1.0_0.1,"q=0.998,k=3",0
fault_14,2022-07-17 10:53:01.909,True,2022-07-17 10:53:02.109,2022-07-17 10:53:03.109,1.2,detected,1.0,1,1.0_0.1,46.274693278896194,1.0_0.1,1.0_0.1,"q=0.998,k=3",0
fault_18,2022-07-17 10:53:34.639,True,2022-07-17 10:53:34.839,2022-07-17 10:53:35.839,1.2,detected,1.0,1,1.0_0.1,46.274693278896194,1.0_0.1,1.0_0.1,"q=0.998,k=3",0
fault_3,2022-07-17 10:51:31.734,True,2022-07-17 10:51:31.934,2022-07-17 10:51:32.934,1.2,detected,1.0,1,1.0_0.1,46.274693278896194,1.0_0.1,1.0_0.1,"q=0.998,k=3",0
fault_4,2022-07-17 10:51:39.999,True,2022-07-17 10:51:40.199,2022-07-17 10:51:41.199,1.2,detected,1.0,1,1.0_0.1,46.274693278896194,1.0_0.1,1.0_0.1,"q=0.998,k=3",0
fault_11,2022-07-17 10:52:38.172,True,2022-07-17 10:52:38.372,2022-07-17 10:52:39.372,1.2,detected,1.0,2,1.0_0.1,39.809206115299574,1.0_0.1,1.0_0.1,"q=0.998,k=3",0
fault_13,2022-07-17 10:52:53.769,True,2022-07-17 10:52:53.969,2022-07-17 10:52:54.969,1.2,detected,1.0,2,1.0_0.1,39.809206115299574,1.0_0.1,1.0_0.1,"q=0.998,k=3",0
fault_16,2022-07-17 10:53:18.444,True,2022-07-17 10:53:18.644,2022-07-17 10:53:19.644,1.2,detected,1.0,2,1.0_0.1,39.809206115299574,1.0_0.1,1.0_0.1,"q=0.998,k=3",0
fault_17,2022-07-17 10:53:26.553,True,2022-07-17 10:53:26.753,2022-07-17 10:53:27.753,1.2,detected,1.0,2,1.0_0.1,39.809206115299574,1.0_0.1,1.0_0.1,"q=0.998,k=3",0
fault_15,2022-07-17 10:53:11.764,True,2022-07-17 10:53:12.764,2022-07-17 10:53:13.764,2.0,detected,1.0,3,1.0_0.1,36.587884333840144,1.0_0.1,1.0_0.1,"q=0.998,k=3",0
fault_2,2022-07-17 10:51:23.615,True,2022-07-17 10:51:23.815,2022-07-17 10:51:24.815,1.2,detected,1.0,3,1.0_0.1,36.587884333840144,1.0_0.1,1.0_0.1,"q=0.998,k=3",0
fault_20,2022-07-17 10:53:52.140,True,2022-07-17 10:53:52.340,2022-07-17 10:53:53.340,1.2,detected,1.0,3,1.0_0.1,36.587884333840144,1.0_0.1,1.0_0.1,"q=0.998,k=3",0
fault_8,2022-07-17 10:52:12.567,True,2022-07-17 10:52:12.767,2022-07-17 10:52:13.767,1.2,detected,1.0,3,1.0_0.1,36.587884333840144,1.0_0.1,1.0_0.1,"q=0.998,k=3",0
fault_1,2022-07-17 10:51:16.724,True,2022-07-17 10:51:16.724,2022-07-17 10:51:17.724,1.0,detected,1.0,0,1.0_0.1,39.019346300598976,1.0_0.1,1.0_0.1,"q=0.999,k=1",0
fault_12,2022-07-17 10:52:45.655,True,2022-07-17 10:52:45.655,2022-07-17 10:52:46.655,1.0,detected,1.0,0,1.0_0.1,39.019346300598976,1.0_0.1,1.0_0.1,"q=0.999,k=1",0
fault_6,2022-07-17 10:51:56.684,True,2022-07-17 10:51:56.684,2022-07-17 10:51:57.684,1.0,detected,1.0,0,1.0_0.1,39.019346300598976,1.0_0.1,1.0_0.1,"q=0.999,k=1",0
fault_7,2022-07-17 10:52:04.407,True,2022-07-17 10:52:04.407,2022-07-17 10:52:05.407,1.0,detected,1.0,0,1.0_0.1,39.019346300598976,1.0_0.1,1.0_0.1,"q=0.999,k=1",0
fault_14,2022-07-17 10:53:01.909,True,2022-07-17 10:53:01.909,2022-07-17 10:53:02.909,1.0,detected,1.0,1,1.0_0.1,48.9381765837639,1.0_0.1,1.0_0.1,"q=0.999,k=1",0
fault_18,2022-07-17 10:53:34.639,True,2022-07-17 10:53:34.639,2022-07-17 10:53:35.639,1.0,detected,1.0,1,1.0_0.1,48.9381765837639,1.0_0.1,1.0_0.1,"q=0.999,k=1",0
fault_3,2022-07-17 10:51:31.734,True,2022-07-17 10:51:31.734,2022-07-17 10:51:32.734,1.0,detected,1.0,1,1.0_0.1,48.9381765837639,1.0_0.1,1.0_0.1,"q=0.999,k=1",0
fault_4,2022-07-17 10:51:39.999,True,2022-07-17 10:51:39.999,2022-07-17 10:51:40.999,1.0,detected,1.0,1,1.0_0.1,48.9381765837639,1.0_0.1,1.0_0.1,"q=0.999,k=1",0
fault_11,2022-07-17 10:52:38.172,True,2022-07-17 10:52:38.172,2022-07-17 10:52:39.172,1.0,detected,1.0,2,1.0_0.1,45.372613299835905,1.0_0.1,1.0_0.1,"q=0.999,k=1",0
fault_13,2022-07-17 10:52:53.769,True,2022-07-17 10:52:53.769,2022-07-17 10:52:54.769,1.0,detected,1.0,2,1.0_0.1,45.372613299835905,1.0_0.1,1.0_0.1,"q=0.999,k=1",0
fault_16,2022-07-17 10:53:18.444,True,2022-07-17 10:53:18.444,2022-07-17 10:53:19.444,1.0,detected,1.0,2,1.0_0.1,45.372613299835905,1.0_0.1,1.0_0.1,"q=0.999,k=1",0
fault_17,2022-07-17 10:53:26.553,True,2022-07-17 10:53:26.553,2022-07-17 10:53:27.553,1.0,detected,1.0,2,1.0_0.1,45.372613299835905,1.0_0.1,1.0_0.1,"q=0.999,k=1",0
fault_15,2022-07-17 10:53:11.764,True,2022-07-17 10:53:12.364,2022-07-17 10:53:13.364,1.6,detected,1.0,3,1.0_0.1,45.181098482436234,1.0_0.1,1.0_0.1,"q=0.999,k=1",0
fault_2,2022-07-17 10:51:23.615,True,2022-07-17 10:51:23.615,2022-07-17 10:51:24.615,1.0,detected,1.0,3,1.0_0.1,45.181098482436234,1.0_0.1,1.0_0.1,"q=0.999,k=1",0
fault_20,2022-07-17 10:53:52.140,True,2022-07-17 10:53:52.140,2022-07-17 10:53:53.140,1.0,detected,1.0,3,1.0_0.1,45.181098482436234,1.0_0.1,1.0_0.1,"q=0.999,k=1",0
fault_8,2022-07-17 10:52:12.567,True,2022-07-17 10:52:12.567,2022-07-17 10:52:13.567,1.0,detected,1.0,3,1.0_0.1,45.181098482436234,1.0_0.1,1.0_0.1,"q=0.999,k=1",0
fault_1,2022-07-17 10:51:16.724,True,2022-07-17 10:51:16.824,2022-07-17 10:51:17.824,1.1,detected,1.0,0,1.0_0.1,39.019346300598976,1.0_0.1,1.0_0.1,"q=0.999,k=2",0
fault_12,2022-07-17 10:52:45.655,True,2022-07-17 10:52:45.755,2022-07-17 10:52:46.755,1.1,detected,1.0,0,1.0_0.1,39.019346300598976,1.0_0.1,1.0_0.1,"q=0.999,k=2",0
fault_6,2022-07-17 10:51:56.684,True,2022-07-17 10:51:56.784,2022-07-17 10:51:57.784,1.1,detected,1.0,0,1.0_0.1,39.019346300598976,1.0_0.1,1.0_0.1,"q=0.999,k=2",0
fault_7,2022-07-17 10:52:04.407,True,2022-07-17 10:52:04.507,2022-07-17 10:52:05.507,1.1,detected,1.0,0,1.0_0.1,39.019346300598976,1.0_0.1,1.0_0.1,"q=0.999,k=2",0
fault_14,2022-07-17 10:53:01.909,True,2022-07-17 10:53:02.009,2022-07-17 10:53:03.009,1.1,detected,1.0,1,1.0_0.1,48.9381765837639,1.0_0.1,1.0_0.1,"q=0.999,k=2",0
fault_18,2022-07-17 10:53:34.639,True,2022-07-17 10:53:34.739,2022-07-17 10:53:35.739,1.1,detected,1.0,1,1.0_0.1,48.9381765837639,1.0_0.1,1.0_0.1,"q=0.999,k=2",0
fault_3,2022-07-17 10:51:31.734,True,2022-07-17 10:51:31.834,2022-07-17 10:51:32.834,1.1,detected,1.0,1,1.0_0.1,48.9381765837639,1.0_0.1,1.0_0.1,"q=0.999,k=2",0
fault_4,2022-07-17 10:51:39.999,True,2022-07-17 10:51:40.099,2022-07-17 10:51:41.099,1.1,detected,1.0,1,1.0_0.1,48.9381765837639,1.0_0.1,1.0_0.1,"q=0.999,k=2",0
fault_11,2022-07-17 10:52:38.172,True,2022-07-17 10:52:38.272,2022-07-17 10:52:39.272,1.1,detected,1.0,2,1.0_0.1,45.372613299835905,1.0_0.1,1.0_0.1,"q=0.999,k=2",0
fault_13,2022-07-17 10:52:53.769,True,2022-07-17 10:52:53.869,2022-07-17 10:52:54.869,1.1,detected,1.0,2,1.0_0.1,45.372613299835905,1.0_0.1,1.0_0.1,"q=0.999,k=2",0
fault_16,2022-07-17 10:53:18.444,True,2022-07-17 10:53:18.544,2022-07-17 10:53:19.544,1.1,detected,1.0,2,1.0_0.1,45.372613299835905,1.0_0.1,1.0_0.1,"q=0.999,k=2",0
fault_17,2022-07-17 10:53:26.553,True,2022-07-17 10:53:26.653,2022-07-17 10:53:27.653,1.1,detected,1.0,2,1.0_0.1,45.372613299835905,1.0_0.1,1.0_0.1,"q=0.999,k=2",0
fault_15,2022-07-17 10:53:11.764,True,2022-07-17 10:53:13.064,2022-07-17 10:53:14.064,2.3,detected,1.0,3,1.0_0.1,45.181098482436234,1.0_0.1,1.0_0.1,"q=0.999,k=2",0
fault_2,2022-07-17 10:51:23.615,True,2022-07-17 10:51:23.715,2022-07-17 10:51:24.715,1.1,detected,1.0,3,1.0_0.1,45.181098482436234,1.0_0.1,1.0_0.1,"q=0.999,k=2",0
fault_20,2022-07-17 10:53:52.140,True,2022-07-17 10:53:52.240,2022-07-17 10:53:53.240,1.1,detected,1.0,3,1.0_0.1,45.181098482436234,1.0_0.1,1.0_0.1,"q=0.999,k=2",0
fault_8,2022-07-17 10:52:12.567,True,2022-07-17 10:52:12.667,2022-07-17 10:52:13.667,1.1,detected,1.0,3,1.0_0.1,45.181098482436234,1.0_0.1,1.0_0.1,"q=0.999,k=2",0
fault_1,2022-07-17 10:51:16.724,True,2022-07-17 10:51:16.924,2022-07-17 10:51:17.924,1.2,detected,1.0,0,1.0_0.1,39.019346300598976,1.0_0.1,1.0_0.1,"q=0.999,k=3",0
fault_12,2022-07-17 10:52:45.655,True,2022-07-17 10:52:45.855,2022-07-17 10:52:46.855,1.2,detected,1.0,0,1.0_0.1,39.019346300598976,1.0_0.1,1.0_0.1,"q=0.999,k=3",0
fault_6,2022-07-17 10:51:56.684,True,2022-07-17 10:51:56.884,2022-07-17 10:51:57.884,1.2,detected,1.0,0,1.0_0.1,39.019346300598976,1.0_0.1,1.0_0.1,"q=0.999,k=3",0
fault_7,2022-07-17 10:52:04.407,True,2022-07-17 10:52:04.607,2022-07-17 10:52:05.607,1.2,detected,1.0,0,1.0_0.1,39.019346300598976,1.0_0.1,1.0_0.1,"q=0.999,k=3",0
fault_14,2022-07-17 10:53:01.909,False,,,,not_detected,1.0,1,1.0_0.1,48.9381765837639,1.0_0.1,1.0_0.1,"q=0.999,k=3",0
fault_18,2022-07-17 10:53:34.639,True,2022-07-17 10:53:34.839,2022-07-17 10:53:35.839,1.2,detected,1.0,1,1.0_0.1,48.9381765837639,1.0_0.1,1.0_0.1,"q=0.999,k=3",0
fault_3,2022-07-17 10:51:31.734,True,2022-07-17 10:51:31.934,2022-07-17 10:51:32.934,1.2,detected,1.0,1,1.0_0.1,48.9381765837639,1.0_0.1,1.0_0.1,"q=0.999,k=3",0
fault_4,2022-07-17 10:51:39.999,True,2022-07-17 10:51:40.199,2022-07-17 10:51:41.199,1.2,detected,1.0,1,1.0_0.1,48.9381765837639,1.0_0.1,1.0_0.1,"q=0.999,k=3",0
fault_11,2022-07-17 10:52:38.172,True,2022-07-17 10:52:38.372,2022-07-17 10:52:39.372,1.2,detected,1.0,2,1.0_0.1,45.372613299835905,1.0_0.1,1.0_0.1,"q=0.999,k=3",0
fault_13,2022-07-17 10:52:53.769,True,2022-07-17 10:52:53.969,2022-07-17 10:52:54.969,1.2,detected,1.0,2,1.0_0.1,45.372613299835905,1.0_0.1,1.0_0.1,"q=0.999,k=3",0
fault_16,2022-07-17 10:53:18.444,True,2022-07-17 10:53:18.644,2022-07-17 10:53:19.644,1.2,detected,1.0,2,1.0_0.1,45.372613299835905,1.0_0.1,1.0_0.1,"q=0.999,k=3",0
fault_17,2022-07-17 10:53:26.553,True,2022-07-17 10:53:26.753,2022-07-17 10:53:27.753,1.2,detected,1.0,2,1.0_0.1,45.372613299835905,1.0_0.1,1.0_0.1,"q=0.999,k=3",0
fault_15,2022-07-17 10:53:11.764,True,2022-07-17 10:53:13.164,2022-07-17 10:53:14.164,2.4,detected,1.0,3,1.0_0.1,45.181098482436234,1.0_0.1,1.0_0.1,"q=0.999,k=3",0
fault_2,2022-07-17 10:51:23.615,True,2022-07-17 10:51:23.815,2022-07-17 10:51:24.815,1.2,detected,1.0,3,1.0_0.1,45.181098482436234,1.0_0.1,1.0_0.1,"q=0.999,k=3",0
fault_20,2022-07-17 10:53:52.140,True,2022-07-17 10:53:52.340,2022-07-17 10:53:53.340,1.2,detected,1.0,3,1.0_0.1,45.181098482436234,1.0_0.1,1.0_0.1,"q=0.999,k=3",0
fault_8,2022-07-17 10:52:12.567,True,2022-07-17 10:52:12.767,2022-07-17 10:52:13.767,1.2,detected,1.0,3,1.0_0.1,45.181098482436234,1.0_0.1,1.0_0.1,"q=0.999,k=3",0
fault_1,2022-07-17 10:51:16.724,True,2022-07-17 10:51:16.724,2022-07-17 10:51:17.724,1.0,detected,1.0,0,1.0_0.1,48.41792223150629,1.0_0.1,1.0_0.1,"q=0.9995,k=1",0
fault_12,2022-07-17 10:52:45.655,True,2022-07-17 10:52:45.655,2022-07-17 10:52:46.655,1.0,detected,1.0,0,1.0_0.1,48.41792223150629,1.0_0.1,1.0_0.1,"q=0.9995,k=1",0
fault_6,2022-07-17 10:51:56.684,True,2022-07-17 10:51:56.684,2022-07-17 10:51:57.684,1.0,detected,1.0,0,1.0_0.1,48.41792223150629,1.0_0.1,1.0_0.1,"q=0.9995,k=1",0
fault_7,2022-07-17 10:52:04.407,True,2022-07-17 10:52:04.407,2022-07-17 10:52:05.407,1.0,detected,1.0,0,1.0_0.1,48.41792223150629,1.0_0.1,1.0_0.1,"q=0.9995,k=1",0
fault_14,2022-07-17 10:53:01.909,True,2022-07-17 10:53:01.909,2022-07-17 10:53:02.909,1.0,detected,1.0,1,1.0_0.1,50.475963346396014,1.0_0.1,1.0_0.1,"q=0.9995,k=1",0
fault_18,2022-07-17 10:53:34.639,True,2022-07-17 10:53:34.639,2022-07-17 10:53:35.639,1.0,detected,1.0,1,1.0_0.1,50.475963346396014,1.0_0.1,1.0_0.1,"q=0.9995,k=1",0
fault_3,2022-07-17 10:51:31.734,True,2022-07-17 10:51:31.734,2022-07-17 10:51:32.734,1.0,detected,1.0,1,1.0_0.1,50.475963346396014,1.0_0.1,1.0_0.1,"q=0.9995,k=1",0
fault_4,2022-07-17 10:51:39.999,True,2022-07-17 10:51:39.999,2022-07-17 10:51:40.999,1.0,detected,1.0,1,1.0_0.1,50.475963346396014,1.0_0.1,1.0_0.1,"q=0.9995,k=1",0
fault_11,2022-07-17 10:52:38.172,True,2022-07-17 10:52:38.172,2022-07-17 10:52:39.172,1.0,detected,1.0,2,1.0_0.1,51.02416886932956,1.0_0.1,1.0_0.1,"q=0.9995,k=1",0
fault_13,2022-07-17 10:52:53.769,True,2022-07-17 10:52:53.769,2022-07-17 10:52:54.769,1.0,detected,1.0,2,1.0_0.1,51.02416886932956,1.0_0.1,1.0_0.1,"q=0.9995,k=1",0
fault_16,2022-07-17 10:53:18.444,True,2022-07-17 10:53:18.444,2022-07-17 10:53:19.444,1.0,detected,1.0,2,1.0_0.1,51.02416886932956,1.0_0.1,1.0_0.1,"q=0.9995,k=1",0
fault_17,2022-07-17 10:53:26.553,True,2022-07-17 10:53:26.553,2022-07-17 10:53:27.553,1.0,detected,1.0,2,1.0_0.1,51.02416886932956,1.0_0.1,1.0_0.1,"q=0.9995,k=1",0
fault_15,2022-07-17 10:53:11.764,True,2022-07-17 10:53:12.664,2022-07-17 10:53:13.664,1.9,detected,1.0,3,1.0_0.1,45.9307798347163,1.0_0.1,1.0_0.1,"q=0.9995,k=1",0
fault_2,2022-07-17 10:51:23.615,True,2022-07-17 10:51:23.615,2022-07-17 10:51:24.615,1.0,detected,1.0,3,1.0_0.1,45.9307798347163,1.0_0.1,1.0_0.1,"q=0.9995,k=1",0
fault_20,2022-07-17 10:53:52.140,True,2022-07-17 10:53:52.140,2022-07-17 10:53:53.140,1.0,detected,1.0,3,1.0_0.1,45.9307798347163,1.0_0.1,1.0_0.1,"q=0.9995,k=1",0
fault_8,2022-07-17 10:52:12.567,True,2022-07-17 10:52:12.567,2022-07-17 10:52:13.567,1.0,detected,1.0,3,1.0_0.1,45.9307798347163,1.0_0.1,1.0_0.1,"q=0.9995,k=1",0
fault_1,2022-07-17 10:51:16.724,True,2022-07-17 10:51:16.824,2022-07-17 10:51:17.824,1.1,detected,1.0,0,1.0_0.1,48.41792223150629,1.0_0.1,1.0_0.1,"q=0.9995,k=2",0
fault_12,2022-07-17 10:52:45.655,True,2022-07-17 10:52:45.755,2022-07-17 10:52:46.755,1.1,detected,1.0,0,1.0_0.1,48.41792223150629,1.0_0.1,1.0_0.1,"q=0.9995,k=2",0
fault_6,2022-07-17 10:51:56.684,True,2022-07-17 10:51:56.784,2022-07-17 10:51:57.784,1.1,detected,1.0,0,1.0_0.1,48.41792223150629,1.0_0.1,1.0_0.1,"q=0.9995,k=2",0
fault_7,2022-07-17 10:52:04.407,True,2022-07-17 10:52:04.507,2022-07-17 10:52:05.507,1.1,detected,1.0,0,1.0_0.1,48.41792223150629,1.0_0.1,1.0_0.1,"q=0.9995,k=2",0
fault_14,2022-07-17 10:53:01.909,True,2022-07-17 10:53:02.009,2022-07-17 10:53:03.009,1.1,detected,1.0,1,1.0_0.1,50.475963346396014,1.0_0.1,1.0_0.1,"q=0.9995,k=2",0
fault_18,2022-07-17 10:53:34.639,True,2022-07-17 10:53:34.739,2022-07-17 10:53:35.739,1.1,detected,1.0,1,1.0_0.1,50.475963346396014,1.0_0.1,1.0_0.1,"q=0.9995,k=2",0
fault_3,2022-07-17 10:51:31.734,True,2022-07-17 10:51:31.834,2022-07-17 10:51:32.834,1.1,detected,1.0,1,1.0_0.1,50.475963346396014,1.0_0.1,1.0_0.1,"q=0.9995,k=2",0
fault_4,2022-07-17 10:51:39.999,True,2022-07-17 10:51:40.099,2022-07-17 10:51:41.099,1.1,detected,1.0,1,1.0_0.1,50.475963346396014,1.0_0.1,1.0_0.1,"q=0.9995,k=2",0
fault_11,2022-07-17 10:52:38.172,True,2022-07-17 10:52:38.272,2022-07-17 10:52:39.272,1.1,detected,1.0,2,1.0_0.1,51.02416886932956,1.0_0.1,1.0_0.1,"q=0.9995,k=2",0
fault_13,2022-07-17 10:52:53.769,True,2022-07-17 10:52:53.869,2022-07-17 10:52:54.869,1.1,detected,1.0,2,1.0_0.1,51.02416886932956,1.0_0.1,1.0_0.1,"q=0.9995,k=2",0
fault_16,2022-07-17 10:53:18.444,True,2022-07-17 10:53:18.544,2022-07-17 10:53:19.544,1.1,detected,1.0,2,1.0_0.1,51.02416886932956,1.0_0.1,1.0_0.1,"q=0.9995,k=2",0
fault_17,2022-07-17 10:53:26.553,True,2022-07-17 10:53:26.653,2022-07-17 10:53:27.653,1.1,detected,1.0,2,1.0_0.1,51.02416886932956,1.0_0.1,1.0_0.1,"q=0.9995,k=2",0
fault_15,2022-07-17 10:53:11.764,True,2022-07-17 10:53:13.064,2022-07-17 10:53:14.064,2.3,detected,1.0,3,1.0_0.1,45.9307798347163,1.0_0.1,1.0_0.1,"q=0.9995,k=2",0
fault_2,2022-07-17 10:51:23.615,True,2022-07-17 10:51:23.715,2022-07-17 10:51:24.715,1.1,detected,1.0,3,1.0_0.1,45.9307798347163,1.0_0.1,1.0_0.1,"q=0.9995,k=2",0
fault_20,2022-07-17 10:53:52.140,True,2022-07-17 10:53:52.240,2022-07-17 10:53:53.240,1.1,detected,1.0,3,1.0_0.1,45.9307798347163,1.0_0.1,1.0_0.1,"q=0.9995,k=2",0
fault_8,2022-07-17 10:52:12.567,True,2022-07-17 10:52:12.667,2022-07-17 10:52:13.667,1.1,detected,1.0,3,1.0_0.1,45.9307798347163,1.0_0.1,1.0_0.1,"q=0.9995,k=2",0
fault_1,2022-07-17 10:51:16.724,True,2022-07-17 10:51:16.924,2022-07-17 10:51:17.924,1.2,detected,1.0,0,1.0_0.1,48.41792223150629,1.0_0.1,1.0_0.1,"q=0.9995,k=3",0
fault_12,2022-07-17 10:52:45.655,True,2022-07-17 10:52:45.855,2022-07-17 10:52:46.855,1.2,detected,1.0,0,1.0_0.1,48.41792223150629,1.0_0.1,1.0_0.1,"q=0.9995,k=3",0
fault_6,2022-07-17 10:51:56.684,True,2022-07-17 10:51:56.884,2022-07-17 10:51:57.884,1.2,detected,1.0,0,1.0_0.1,48.41792223150629,1.0_0.1,1.0_0.1,"q=0.9995,k=3",0
fault_7,2022-07-17 10:52:04.407,True,2022-07-17 10:52:04.607,2022-07-17 10:52:05.607,1.2,detected,1.0,0,1.0_0.1,48.41792223150629,1.0_0.1,1.0_0.1,"q=0.9995,k=3",0
fault_14,2022-07-17 10:53:01.909,False,,,,not_detected,1.0,1,1.0_0.1,50.475963346396014,1.0_0.1,1.0_0.1,"q=0.9995,k=3",0
fault_18,2022-07-17 10:53:34.639,True,2022-07-17 10:53:34.839,2022-07-17 10:53:35.839,1.2,detected,1.0,1,1.0_0.1,50.475963346396014,1.0_0.1,1.0_0.1,"q=0.9995,k=3",0
fault_3,2022-07-17 10:51:31.734,True,2022-07-17 10:51:31.934,2022-07-17 10:51:32.934,1.2,detected,1.0,1,1.0_0.1,50.475963346396014,1.0_0.1,1.0_0.1,"q=0.9995,k=3",0
fault_4,2022-07-17 10:51:39.999,True,2022-07-17 10:51:40.199,2022-07-17 10:51:41.199,1.2,detected,1.0,1,1.0_0.1,50.475963346396014,1.0_0.1,1.0_0.1,"q=0.9995,k=3",0
fault_11,2022-07-17 10:52:38.172,True,2022-07-17 10:52:38.372,2022-07-17 10:52:39.372,1.2,detected,1.0,2,1.0_0.1,51.02416886932956,1.0_0.1,1.0_0.1,"q=0.9995,k=3",0
fault_13,2022-07-17 10:52:53.769,True,2022-07-17 10:52:53.969,2022-07-17 10:52:54.969,1.2,detected,1.0,2,1.0_0.1,51.02416886932956,1.0_0.1,1.0_0.1,"q=0.9995,k=3",0
fault_16,2022-07-17 10:53:18.444,True,2022-07-17 10:53:18.644,2022-07-17 10:53:19.644,1.2,detected,1.0,2,1.0_0.1,51.02416886932956,1.0_0.1,1.0_0.1,"q=0.9995,k=3",0
fault_17,2022-07-17 10:53:26.553,True,2022-07-17 10:53:26.753,2022-07-17 10:53:27.753,1.2,detected,1.0,2,1.0_0.1,51.02416886932956,1.0_0.1,1.0_0.1,"q=0.9995,k=3",0
fault_15,2022-07-17 10:53:11.764,True,2022-07-17 10:53:13.164,2022-07-17 10:53:14.164,2.4,detected,1.0,3,1.0_0.1,45.9307798347163,1.0_0.1,1.0_0.1,"q=0.9995,k=3",0
fault_2,2022-07-17 10:51:23.615,True,2022-07-17 10:51:23.815,2022-07-17 10:51:24.815,1.2,detected,1.0,3,1.0_0.1,45.9307798347163,1.0_0.1,1.0_0.1,"q=0.9995,k=3",0
fault_20,2022-07-17 10:53:52.140,True,2022-07-17 10:53:52.340,2022-07-17 10:53:53.340,1.2,detected,1.0,3,1.0_0.1,45.9307798347163,1.0_0.1,1.0_0.1,"q=0.9995,k=3",0
fault_8,2022-07-17 10:52:12.567,True,2022-07-17 10:52:12.767,2022-07-17 10:52:13.767,1.2,detected,1.0,3,1.0_0.1,45.9307798347163,1.0_0.1,1.0_0.1,"q=0.9995,k=3",0
fault_1,2022-07-17 10:51:16.724,True,2022-07-17 10:51:16.724,2022-07-17 10:51:17.724,1.0,detected,1.0,0,1.0_0.1,38.384579131275835,1.0_0.1,1.0_0.1,"f1,k=1",0
fault_12,2022-07-17 10:52:45.655,True,2022-07-17 10:52:45.655,2022-07-17 10:52:46.655,1.0,detected,1.0,0,1.0_0.1,38.384579131275835,1.0_0.1,1.0_0.1,"f1,k=1",0
fault_6,2022-07-17 10:51:56.684,True,2022-07-17 10:51:56.684,2022-07-17 10:51:57.684,1.0,detected,1.0,0,1.0_0.1,38.384579131275835,1.0_0.1,1.0_0.1,"f1,k=1",0
fault_7,2022-07-17 10:52:04.407,True,2022-07-17 10:52:04.407,2022-07-17 10:52:05.407,1.0,detected,1.0,0,1.0_0.1,38.384579131275835,1.0_0.1,1.0_0.1,"f1,k=1",0
fault_14,2022-07-17 10:53:01.909,True,2022-07-17 10:53:01.909,2022-07-17 10:53:02.909,1.0,detected,1.0,1,1.0_0.1,88.37779631631805,1.0_0.1,1.0_0.1,"f1,k=1",0
fault_18,2022-07-17 10:53:34.639,True,2022-07-17 10:53:34.639,2022-07-17 10:53:35.639,1.0,detected,1.0,1,1.0_0.1,88.37779631631805,1.0_0.1,1.0_0.1,"f1,k=1",0
fault_3,2022-07-17 10:51:31.734,False,,,,not_detected,1.0,1,1.0_0.1,88.37779631631805,1.0_0.1,1.0_0.1,"f1,k=1",0
fault_4,2022-07-17 10:51:39.999,True,2022-07-17 10:51:39.999,2022-07-17 10:51:40.999,1.0,detected,1.0,1,1.0_0.1,88.37779631631805,1.0_0.1,1.0_0.1,"f1,k=1",0
fault_11,2022-07-17 10:52:38.172,True,2022-07-17 10:52:38.172,2022-07-17 10:52:39.172,1.0,detected,1.0,2,1.0_0.1,33.08091080964892,1.0_0.1,1.0_0.1,"f1,k=1",0
fault_13,2022-07-17 10:52:53.769,True,2022-07-17 10:52:53.769,2022-07-17 10:52:54.769,1.0,detected,1.0,2,1.0_0.1,33.08091080964892,1.0_0.1,1.0_0.1,"f1,k=1",0
fault_16,2022-07-17 10:53:18.444,True,2022-07-17 10:53:18.444,2022-07-17 10:53:19.444,1.0,detected,1.0,2,1.0_0.1,33.08091080964892,1.0_0.1,1.0_0.1,"f1,k=1",0
fault_17,2022-07-17 10:53:26.553,True,2022-07-17 10:53:26.553,2022-07-17 10:53:27.553,1.0,detected,1.0,2,1.0_0.1,33.08091080964892,1.0_0.1,1.0_0.1,"f1,k=1",0
fault_15,2022-07-17 10:53:11.764,True,2022-07-17 10:53:12.664,2022-07-17 10:53:13.664,1.9,detected,1.0,3,1.0_0.1,47.12639351805922,1.0_0.1,1.0_0.1,"f1,k=1",0
fault_2,2022-07-17 10:51:23.615,True,2022-07-17 10:51:23.615,2022-07-17 10:51:24.615,1.0,detected,1.0,3,1.0_0.1,47.12639351805922,1.0_0.1,1.0_0.1,"f1,k=1",0
fault_20,2022-07-17 10:53:52.140,True,2022-07-17 10:53:52.140,2022-07-17 10:53:53.140,1.0,detected,1.0,3,1.0_0.1,47.12639351805922,1.0_0.1,1.0_0.1,"f1,k=1",0
fault_8,2022-07-17 10:52:12.567,True,2022-07-17 10:52:12.567,2022-07-17 10:52:13.567,1.0,detected,1.0,3,1.0_0.1,47.12639351805922,1.0_0.1,1.0_0.1,"f1,k=1",0
fault_1,2022-07-17 10:51:16.724,True,2022-07-17 10:51:16.824,2022-07-17 10:51:17.824,1.1,detected,1.0,0,1.0_0.1,38.384579131275835,1.0_0.1,1.0_0.1,"f1,k=2",0
fault_12,2022-07-17 10:52:45.655,True,2022-07-17 10:52:45.755,2022-07-17 10:52:46.755,1.1,detected,1.0,0,1.0_0.1,38.384579131275835,1.0_0.1,1.0_0.1,"f1,k=2",0
fault_6,2022-07-17 10:51:56.684,True,2022-07-17 10:51:56.784,2022-07-17 10:51:57.784,1.1,detected,1.0,0,1.0_0.1,38.384579131275835,1.0_0.1,1.0_0.1,"f1,k=2",0
fault_7,2022-07-17 10:52:04.407,True,2022-07-17 10:52:04.507,2022-07-17 10:52:05.507,1.1,detected,1.0,0,1.0_0.1,38.384579131275835,1.0_0.1,1.0_0.1,"f1,k=2",0
fault_14,2022-07-17 10:53:01.909,False,,,,not_detected,1.0,1,1.0_0.1,88.37779631631805,1.0_0.1,1.0_0.1,"f1,k=2",0
fault_18,2022-07-17 10:53:34.639,True,2022-07-17 10:53:34.739,2022-07-17 10:53:35.739,1.1,detected,1.0,1,1.0_0.1,88.37779631631805,1.0_0.1,1.0_0.1,"f1,k=2",0
fault_3,2022-07-17 10:51:31.734,False,,,,not_detected,1.0,1,1.0_0.1,88.37779631631805,1.0_0.1,1.0_0.1,"f1,k=2",0
fault_4,2022-07-17 10:51:39.999,True,2022-07-17 10:51:40.099,2022-07-17 10:51:41.099,1.1,detected,1.0,1,1.0_0.1,88.37779631631805,1.0_0.1,1.0_0.1,"f1,k=2",0
fault_11,2022-07-17 10:52:38.172,True,2022-07-17 10:52:38.272,2022-07-17 10:52:39.272,1.1,detected,1.0,2,1.0_0.1,33.08091080964892,1.0_0.1,1.0_0.1,"f1,k=2",0
fault_13,2022-07-17 10:52:53.769,True,2022-07-17 10:52:53.869,2022-07-17 10:52:54.869,1.1,detected,1.0,2,1.0_0.1,33.08091080964892,1.0_0.1,1.0_0.1,"f1,k=2",0
fault_16,2022-07-17 10:53:18.444,True,2022-07-17 10:53:18.544,2022-07-17 10:53:19.544,1.1,detected,1.0,2,1.0_0.1,33.08091080964892,1.0_0.1,1.0_0.1,"f1,k=2",0
fault_17,2022-07-17 10:53:26.553,True,2022-07-17 10:53:26.653,2022-07-17 10:53:27.653,1.1,detected,1.0,2,1.0_0.1,33.08091080964892,1.0_0.1,1.0_0.1,"f1,k=2",0
fault_15,2022-07-17 10:53:11.764,True,2022-07-17 10:53:13.064,2022-07-17 10:53:14.064,2.3,detected,1.0,3,1.0_0.1,47.12639351805922,1.0_0.1,1.0_0.1,"f1,k=2",0
fault_2,2022-07-17 10:51:23.615,True,2022-07-17 10:51:23.715,2022-07-17 10:51:24.715,1.1,detected,1.0,3,1.0_0.1,47.12639351805922,1.0_0.1,1.0_0.1,"f1,k=2",0
fault_20,2022-07-17 10:53:52.140,True,2022-07-17 10:53:52.240,2022-07-17 10:53:53.240,1.1,detected,1.0,3,1.0_0.1,47.12639351805922,1.0_0.1,1.0_0.1,"f1,k=2",0
fault_8,2022-07-17 10:52:12.567,True,2022-07-17 10:52:12.667,2022-07-17 10:52:13.667,1.1,detected,1.0,3,1.0_0.1,47.12639351805922,1.0_0.1,1.0_0.1,"f1,k=2",0
fault_1,2022-07-17 10:51:16.724,True,2022-07-17 10:51:16.824,2022-07-17 10:51:17.824,1.1,detected,1.0,0,1.0_0.1,52.31670829887002,1.0_0.1,1.0_0.1,NESTED,1
fault_11,2022-07-17 10:52:38.172,True,2022-07-17 10:52:38.272,2022-07-17 10:52:39.272,1.1,detected,1.0,0,1.0_0.1,52.31670829887002,1.0_0.1,1.0_0.1,NESTED,1
fault_3,2022-07-17 10:51:31.734,True,2022-07-17 10:51:31.834,2022-07-17 10:51:32.834,1.1,detected,1.0,0,1.0_0.1,52.31670829887002,1.0_0.1,1.0_0.1,NESTED,1
fault_7,2022-07-17 10:52:04.407,True,2022-07-17 10:52:04.507,2022-07-17 10:52:05.507,1.1,detected,1.0,0,1.0_0.1,52.31670829887002,1.0_0.1,1.0_0.1,NESTED,1
fault_14,2022-07-17 10:53:01.909,True,2022-07-17 10:53:02.009,2022-07-17 10:53:03.009,1.1,detected,1.0,1,1.0_0.1,30.56445055317821,1.0_0.1,1.0_0.1,NESTED,1
fault_16,2022-07-17 10:53:18.444,True,2022-07-17 10:53:18.544,2022-07-17 10:53:19.544,1.1,detected,1.0,1,1.0_0.1,30.56445055317821,1.0_0.1,1.0_0.1,NESTED,1
fault_2,2022-07-17 10:51:23.615,True,2022-07-17 10:51:23.715,2022-07-17 10:51:24.715,1.1,detected,1.0,1,1.0_0.1,30.56445055317821,1.0_0.1,1.0_0.1,NESTED,1
fault_4,2022-07-17 10:51:39.999,True,2022-07-17 10:51:40.099,2022-07-17 10:51:41.099,1.1,detected,1.0,1,1.0_0.1,30.56445055317821,1.0_0.1,1.0_0.1,NESTED,1
fault_12,2022-07-17 10:52:45.655,True,2022-07-17 10:52:45.755,2022-07-17 10:52:46.755,1.1,detected,1.0,2,1.0_0.1,52.56081481687789,1.0_0.1,1.0_0.1,NESTED,1
fault_13,2022-07-17 10:52:53.769,True,2022-07-17 10:52:53.869,2022-07-17 10:52:54.869,1.1,detected,1.0,2,1.0_0.1,52.56081481687789,1.0_0.1,1.0_0.1,NESTED,1
fault_15,2022-07-17 10:53:11.764,True,2022-07-17 10:53:13.064,2022-07-17 10:53:14.064,2.3,detected,1.0,2,1.0_0.1,52.56081481687789,1.0_0.1,1.0_0.1,NESTED,1
fault_17,2022-07-17 10:53:26.553,True,2022-07-17 10:53:26.653,2022-07-17 10:53:27.653,1.1,detected,1.0,2,1.0_0.1,52.56081481687789,1.0_0.1,1.0_0.1,NESTED,1
fault_18,2022-07-17 10:53:34.639,True,2022-07-17 10:53:34.839,2022-07-17 10:53:35.839,1.2,detected,1.0,3,1.0_0.1,47.129362819912195,1.0_0.1,1.0_0.1,NESTED,1
fault_20,2022-07-17 10:53:52.140,True,2022-07-17 10:53:52.340,2022-07-17 10:53:53.340,1.2,detected,1.0,3,1.0_0.1,47.129362819912195,1.0_0.1,1.0_0.1,NESTED,1
fault_6,2022-07-17 10:51:56.684,True,2022-07-17 10:51:56.884,2022-07-17 10:51:57.884,1.2,detected,1.0,3,1.0_0.1,47.129362819912195,1.0_0.1,1.0_0.1,NESTED,1
fault_8,2022-07-17 10:52:12.567,True,2022-07-17 10:52:12.767,2022-07-17 10:52:13.767,1.2,detected,1.0,3,1.0_0.1,47.129362819912195,1.0_0.1,1.0_0.1,NESTED,1
fault_1,2022-07-17 10:51:16.724,True,2022-07-17 10:51:16.724,2022-07-17 10:51:17.724,1.0,detected,1.0,0,1.0_0.1,25.968378812069393,1.0_0.1,1.0_0.1,"q=0.99,k=1",1
fault_11,2022-07-17 10:52:38.172,True,2022-07-17 10:52:38.172,2022-07-17 10:52:39.172,1.0,detected,1.0,0,1.0_0.1,25.968378812069393,1.0_0.1,1.0_0.1,"q=0.99,k=1",1
fault_3,2022-07-17 10:51:31.734,True,2022-07-17 10:51:31.734,2022-07-17 10:51:32.734,1.0,detected,1.0,0,1.0_0.1,25.968378812069393,1.0_0.1,1.0_0.1,"q=0.99,k=1",1
fault_7,2022-07-17 10:52:04.407,True,2022-07-17 10:52:04.407,2022-07-17 10:52:05.407,1.0,detected,1.0,0,1.0_0.1,25.968378812069393,1.0_0.1,1.0_0.1,"q=0.99,k=1",1
fault_14,2022-07-17 10:53:01.909,True,2022-07-17 10:53:01.909,2022-07-17 10:53:02.909,1.0,detected,1.0,1,1.0_0.1,22.030766547782875,1.0_0.1,1.0_0.1,"q=0.99,k=1",1
fault_16,2022-07-17 10:53:18.444,True,2022-07-17 10:53:18.444,2022-07-17 10:53:19.444,1.0,detected,1.0,1,1.0_0.1,22.030766547782875,1.0_0.1,1.0_0.1,"q=0.99,k=1",1
fault_2,2022-07-17 10:51:23.615,True,2022-07-17 10:51:23.615,2022-07-17 10:51:24.615,1.0,detected,1.0,1,1.0_0.1,22.030766547782875,1.0_0.1,1.0_0.1,"q=0.99,k=1",1
fault_4,2022-07-17 10:51:39.999,True,2022-07-17 10:51:39.999,2022-07-17 10:51:40.999,1.0,detected,1.0,1,1.0_0.1,22.030766547782875,1.0_0.1,1.0_0.1,"q=0.99,k=1",1
fault_12,2022-07-17 10:52:45.655,True,2022-07-17 10:52:45.655,2022-07-17 10:52:46.655,1.0,detected,1.0,2,1.0_0.1,28.040466612617575,1.0_0.1,1.0_0.1,"q=0.99,k=1",1
fault_13,2022-07-17 10:52:53.769,True,2022-07-17 10:52:53.769,2022-07-17 10:52:54.769,1.0,detected,1.0,2,1.0_0.1,28.040466612617575,1.0_0.1,1.0_0.1,"q=0.99,k=1",1
fault_15,2022-07-17 10:53:11.764,True,2022-07-17 10:53:12.264,2022-07-17 10:53:13.264,1.5,detected,1.0,2,1.0_0.1,28.040466612617575,1.0_0.1,1.0_0.1,"q=0.99,k=1",1
fault_17,2022-07-17 10:53:26.553,True,2022-07-17 10:53:26.553,2022-07-17 10:53:27.553,1.0,detected,1.0,2,1.0_0.1,28.040466612617575,1.0_0.1,1.0_0.1,"q=0.99,k=1",1
fault_18,2022-07-17 10:53:34.639,True,2022-07-17 10:53:34.639,2022-07-17 10:53:35.639,1.0,detected,1.0,3,1.0_0.1,24.77226263436291,1.0_0.1,1.0_0.1,"q=0.99,k=1",1
fault_20,2022-07-17 10:53:52.140,True,2022-07-17 10:53:52.140,2022-07-17 10:53:53.140,1.0,detected,1.0,3,1.0_0.1,24.77226263436291,1.0_0.1,1.0_0.1,"q=0.99,k=1",1
fault_6,2022-07-17 10:51:56.684,True,2022-07-17 10:51:56.684,2022-07-17 10:51:57.684,1.0,detected,1.0,3,1.0_0.1,24.77226263436291,1.0_0.1,1.0_0.1,"q=0.99,k=1",1
fault_8,2022-07-17 10:52:12.567,True,2022-07-17 10:52:12.567,2022-07-17 10:52:13.567,1.0,detected,1.0,3,1.0_0.1,24.77226263436291,1.0_0.1,1.0_0.1,"q=0.99,k=1",1
fault_1,2022-07-17 10:51:16.724,True,2022-07-17 10:51:16.824,2022-07-17 10:51:17.824,1.1,detected,1.0,0,1.0_0.1,25.968378812069393,1.0_0.1,1.0_0.1,"q=0.99,k=2",1
fault_11,2022-07-17 10:52:38.172,True,2022-07-17 10:52:38.272,2022-07-17 10:52:39.272,1.1,detected,1.0,0,1.0_0.1,25.968378812069393,1.0_0.1,1.0_0.1,"q=0.99,k=2",1
fault_3,2022-07-17 10:51:31.734,True,2022-07-17 10:51:31.834,2022-07-17 10:51:32.834,1.1,detected,1.0,0,1.0_0.1,25.968378812069393,1.0_0.1,1.0_0.1,"q=0.99,k=2",1
fault_7,2022-07-17 10:52:04.407,True,2022-07-17 10:52:04.507,2022-07-17 10:52:05.507,1.1,detected,1.0,0,1.0_0.1,25.968378812069393,1.0_0.1,1.0_0.1,"q=0.99,k=2",1
fault_14,2022-07-17 10:53:01.909,True,2022-07-17 10:53:02.009,2022-07-17 10:53:03.009,1.1,detected,1.0,1,1.0_0.1,22.030766547782875,1.0_0.1,1.0_0.1,"q=0.99,k=2",1
fault_16,2022-07-17 10:53:18.444,True,2022-07-17 10:53:18.544,2022-07-17 10:53:19.544,1.1,detected,1.0,1,1.0_0.1,22.030766547782875,1.0_0.1,1.0_0.1,"q=0.99,k=2",1
fault_2,2022-07-17 10:51:23.615,True,2022-07-17 10:51:23.715,2022-07-17 10:51:24.715,1.1,detected,1.0,1,1.0_0.1,22.030766547782875,1.0_0.1,1.0_0.1,"q=0.99,k=2",1
fault_4,2022-07-17 10:51:39.999,True,2022-07-17 10:51:40.099,2022-07-17 10:51:41.099,1.1,detected,1.0,1,1.0_0.1,22.030766547782875,1.0_0.1,1.0_0.1,"q=0.99,k=2",1
fault_12,2022-07-17 10:52:45.655,True,2022-07-17 10:52:45.755,2022-07-17 10:52:46.755,1.1,detected,1.0,2,1.0_0.1,28.040466612617575,1.0_0.1,1.0_0.1,"q=0.99,k=2",1
fault_13,2022-07-17 10:52:53.769,True,2022-07-17 10:52:53.869,2022-07-17 10:52:54.869,1.1,detected,1.0,2,1.0_0.1,28.040466612617575,1.0_0.1,1.0_0.1,"q=0.99,k=2",1
fault_15,2022-07-17 10:53:11.764,True,2022-07-17 10:53:12.364,2022-07-17 10:53:13.364,1.6,detected,1.0,2,1.0_0.1,28.040466612617575,1.0_0.1,1.0_0.1,"q=0.99,k=2",1
fault_17,2022-07-17 10:53:26.553,True,2022-07-17 10:53:26.653,2022-07-17 10:53:27.653,1.1,detected,1.0,2,1.0_0.1,28.040466612617575,1.0_0.1,1.0_0.1,"q=0.99,k=2",1
fault_18,2022-07-17 10:53:34.639,True,2022-07-17 10:53:34.739,2022-07-17 10:53:35.739,1.1,detected,1.0,3,1.0_0.1,24.77226263436291,1.0_0.1,1.0_0.1,"q=0.99,k=2",1
fault_20,2022-07-17 10:53:52.140,True,2022-07-17 10:53:52.240,2022-07-17 10:53:53.240,1.1,detected,1.0,3,1.0_0.1,24.77226263436291,1.0_0.1,1.0_0.1,"q=0.99,k=2",1
fault_6,2022-07-17 10:51:56.684,True,2022-07-17 10:51:56.784,2022-07-17 10:51:57.784,1.1,detected,1.0,3,1.0_0.1,24.77226263436291,1.0_0.1,1.0_0.1,"q=0.99,k=2",1
fault_8,2022-07-17 10:52:12.567,True,2022-07-17 10:52:12.667,2022-07-17 10:52:13.667,1.1,detected,1.0,3,1.0_0.1,24.77226263436291,1.0_0.1,1.0_0.1,"q=0.99,k=2",1
fault_1,2022-07-17 10:51:16.724,True,2022-07-17 10:51:16.924,2022-07-17 10:51:17.924,1.2,detected,1.0,0,1.0_0.1,25.968378812069393,1.0_0.1,1.0_0.1,"q=0.99,k=3",1
fault_11,2022-07-17 10:52:38.172,True,2022-07-17 10:52:38.372,2022-07-17 10:52:39.372,1.2,detected,1.0,0,1.0_0.1,25.968378812069393,1.0_0.1,1.0_0.1,"q=0.99,k=3",1
fault_3,2022-07-17 10:51:31.734,True,2022-07-17 10:51:31.934,2022-07-17 10:51:32.934,1.2,detected,1.0,0,1.0_0.1,25.968378812069393,1.0_0.1,1.0_0.1,"q=0.99,k=3",1
fault_7,2022-07-17 10:52:04.407,True,2022-07-17 10:52:04.607,2022-07-17 10:52:05.607,1.2,detected,1.0,0,1.0_0.1,25.968378812069393,1.0_0.1,1.0_0.1,"q=0.99,k=3",1
fault_14,2022-07-17 10:53:01.909,True,2022-07-17 10:53:02.109,2022-07-17 10:53:03.109,1.2,detected,1.0,1,1.0_0.1,22.030766547782875,1.0_0.1,1.0_0.1,"q=0.99,k=3",1
fault_16,2022-07-17 10:53:18.444,True,2022-07-17 10:53:18.644,2022-07-17 10:53:19.644,1.2,detected,1.0,1,1.0_0.1,22.030766547782875,1.0_0.1,1.0_0.1,"q=0.99,k=3",1
fault_2,2022-07-17 10:51:23.615,True,2022-07-17 10:51:23.815,2022-07-17 10:51:24.815,1.2,detected,1.0,1,1.0_0.1,22.030766547782875,1.0_0.1,1.0_0.1,"q=0.99,k=3",1
fault_4,2022-07-17 10:51:39.999,True,2022-07-17 10:51:40.199,2022-07-17 10:51:41.199,1.2,detected,1.0,1,1.0_0.1,22.030766547782875,1.0_0.1,1.0_0.1,"q=0.99,k=3",1
fault_12,2022-07-17 10:52:45.655,True,2022-07-17 10:52:45.855,2022-07-17 10:52:46.855,1.2,detected,1.0,2,1.0_0.1,28.040466612617575,1.0_0.1,1.0_0.1,"q=0.99,k=3",1
fault_13,2022-07-17 10:52:53.769,True,2022-07-17 10:52:53.969,2022-07-17 10:52:54.969,1.2,detected,1.0,2,1.0_0.1,28.040466612617575,1.0_0.1,1.0_0.1,"q=0.99,k=3",1
fault_15,2022-07-17 10:53:11.764,True,2022-07-17 10:53:12.464,2022-07-17 10:53:13.464,1.7,detected,1.0,2,1.0_0.1,28.040466612617575,1.0_0.1,1.0_0.1,"q=0.99,k=3",1
fault_17,2022-07-17 10:53:26.553,True,2022-07-17 10:53:26.753,2022-07-17 10:53:27.753,1.2,detected,1.0,2,1.0_0.1,28.040466612617575,1.0_0.1,1.0_0.1,"q=0.99,k=3",1
fault_18,2022-07-17 10:53:34.639,True,2022-07-17 10:53:34.839,2022-07-17 10:53:35.839,1.2,detected,1.0,3,1.0_0.1,24.77226263436291,1.0_0.1,1.0_0.1,"q=0.99,k=3",1
fault_20,2022-07-17 10:53:52.140,True,2022-07-17 10:53:52.340,2022-07-17 10:53:53.340,1.2,detected,1.0,3,1.0_0.1,24.77226263436291,1.0_0.1,1.0_0.1,"q=0.99,k=3",1
fault_6,2022-07-17 10:51:56.684,True,2022-07-17 10:51:56.884,2022-07-17 10:51:57.884,1.2,detected,1.0,3,1.0_0.1,24.77226263436291,1.0_0.1,1.0_0.1,"q=0.99,k=3",1
fault_8,2022-07-17 10:52:12.567,True,2022-07-17 10:52:12.767,2022-07-17 10:52:13.767,1.2,detected,1.0,3,1.0_0.1,24.77226263436291,1.0_0.1,1.0_0.1,"q=0.99,k=3",1
fault_1,2022-07-17 10:51:16.724,True,2022-07-17 10:51:16.724,2022-07-17 10:51:17.724,1.0,detected,1.0,0,1.0_0.1,29.397277979007942,1.0_0.1,1.0_0.1,"q=0.995,k=1",1
fault_11,2022-07-17 10:52:38.172,True,2022-07-17 10:52:38.172,2022-07-17 10:52:39.172,1.0,detected,1.0,0,1.0_0.1,29.397277979007942,1.0_0.1,1.0_0.1,"q=0.995,k=1",1
fault_3,2022-07-17 10:51:31.734,True,2022-07-17 10:51:31.734,2022-07-17 10:51:32.734,1.0,detected,1.0,0,1.0_0.1,29.397277979007942,1.0_0.1,1.0_0.1,"q=0.995,k=1",1
fault_7,2022-07-17 10:52:04.407,True,2022-07-17 10:52:04.407,2022-07-17 10:52:05.407,1.0,detected,1.0,0,1.0_0.1,29.397277979007942,1.0_0.1,1.0_0.1,"q=0.995,k=1",1
fault_14,2022-07-17 10:53:01.909,True,2022-07-17 10:53:01.909,2022-07-17 10:53:02.909,1.0,detected,1.0,1,1.0_0.1,23.780942931658274,1.0_0.1,1.0_0.1,"q=0.995,k=1",1
fault_16,2022-07-17 10:53:18.444,True,2022-07-17 10:53:18.444,2022-07-17 10:53:19.444,1.0,detected,1.0,1,1.0_0.1,23.780942931658274,1.0_0.1,1.0_0.1,"q=0.995,k=1",1
fault_2,2022-07-17 10:51:23.615,True,2022-07-17 10:51:23.615,2022-07-17 10:51:24.615,1.0,detected,1.0,1,1.0_0.1,23.780942931658274,1.0_0.1,1.0_0.1,"q=0.995,k=1",1
fault_4,2022-07-17 10:51:39.999,True,2022-07-17 10:51:39.999,2022-07-17 10:51:40.999,1.0,detected,1.0,1,1.0_0.1,23.780942931658274,1.0_0.1,1.0_0.1,"q=0.995,k=1",1
fault_12,2022-07-17 10:52:45.655,True,2022-07-17 10:52:45.655,2022-07-17 10:52:46.655,1.0,detected,1.0,2,1.0_0.1,37.851200462656266,1.0_0.1,1.0_0.1,"q=0.995,k=1",1
fault_13,2022-07-17 10:52:53.769,True,2022-07-17 10:52:53.769,2022-07-17 10:52:54.769,1.0,detected,1.0,2,1.0_0.1,37.851200462656266,1.0_0.1,1.0_0.1,"q=0.995,k=1",1
fault_15,2022-07-17 10:53:11.764,True,2022-07-17 10:53:12.364,2022-07-17 10:53:13.364,1.6,detected,1.0,2,1.0_0.1,37.851200462656266,1.0_0.1,1.0_0.1,"q=0.995,k=1",1
fault_17,2022-07-17 10:53:26.553,True,2022-07-17 10:53:26.553,2022-07-17 10:53:27.553,1.0,detected,1.0,2,1.0_0.1,37.851200462656266,1.0_0.1,1.0_0.1,"q=0.995,k=1",1
fault_18,2022-07-17 10:53:34.639,True,2022-07-17 10:53:34.639,2022-07-17 10:53:35.639,1.0,detected,1.0,3,1.0_0.1,29.500091821759177,1.0_0.1,1.0_0.1,"q=0.995,k=1",1
fault_20,2022-07-17 10:53:52.140,True,2022-07-17 10:53:52.140,2022-07-17 10:53:53.140,1.0,detected,1.0,3,1.0_0.1,29.500091821759177,1.0_0.1,1.0_0.1,"q=0.995,k=1",1
fault_6,2022-07-17 10:51:56.684,True,2022-07-17 10:51:56.684,2022-07-17 10:51:57.684,1.0,detected,1.0,3,1.0_0.1,29.500091821759177,1.0_0.1,1.0_0.1,"q=0.995,k=1",1
fault_8,2022-07-17 10:52:12.567,True,2022-07-17 10:52:12.567,2022-07-17 10:52:13.567,1.0,detected,1.0,3,1.0_0.1,29.500091821759177,1.0_0.1,1.0_0.1,"q=0.995,k=1",1
fault_1,2022-07-17 10:51:16.724,True,2022-07-17 10:51:16.824,2022-07-17 10:51:17.824,1.1,detected,1.0,0,1.0_0.1,29.397277979007942,1.0_0.1,1.0_0.1,"q=0.995,k=2",1
fault_11,2022-07-17 10:52:38.172,True,2022-07-17 10:52:38.272,2022-07-17 10:52:39.272,1.1,detected,1.0,0,1.0_0.1,29.397277979007942,1.0_0.1,1.0_0.1,"q=0.995,k=2",1
fault_3,2022-07-17 10:51:31.734,True,2022-07-17 10:51:31.834,2022-07-17 10:51:32.834,1.1,detected,1.0,0,1.0_0.1,29.397277979007942,1.0_0.1,1.0_0.1,"q=0.995,k=2",1
fault_7,2022-07-17 10:52:04.407,True,2022-07-17 10:52:04.507,2022-07-17 10:52:05.507,1.1,detected,1.0,0,1.0_0.1,29.397277979007942,1.0_0.1,1.0_0.1,"q=0.995,k=2",1
fault_14,2022-07-17 10:53:01.909,True,2022-07-17 10:53:02.009,2022-07-17 10:53:03.009,1.1,detected,1.0,1,1.0_0.1,23.780942931658274,1.0_0.1,1.0_0.1,"q=0.995,k=2",1
fault_16,2022-07-17 10:53:18.444,True,2022-07-17 10:53:18.544,2022-07-17 10:53:19.544,1.1,detected,1.0,1,1.0_0.1,23.780942931658274,1.0_0.1,1.0_0.1,"q=0.995,k=2",1
fault_2,2022-07-17 10:51:23.615,True,2022-07-17 10:51:23.715,2022-07-17 10:51:24.715,1.1,detected,1.0,1,1.0_0.1,23.780942931658274,1.0_0.1,1.0_0.1,"q=0.995,k=2",1
fault_4,2022-07-17 10:51:39.999,True,2022-07-17 10:51:40.099,2022-07-17 10:51:41.099,1.1,detected,1.0,1,1.0_0.1,23.780942931658274,1.0_0.1,1.0_0.1,"q=0.995,k=2",1
fault_12,2022-07-17 10:52:45.655,True,2022-07-17 10:52:45.755,2022-07-17 10:52:46.755,1.1,detected,1.0,2,1.0_0.1,37.851200462656266,1.0_0.1,1.0_0.1,"q=0.995,k=2",1
fault_13,2022-07-17 10:52:53.769,True,2022-07-17 10:52:53.869,2022-07-17 10:52:54.869,1.1,detected,1.0,2,1.0_0.1,37.851200462656266,1.0_0.1,1.0_0.1,"q=0.995,k=2",1
fault_15,2022-07-17 10:53:11.764,True,2022-07-17 10:53:12.664,2022-07-17 10:53:13.664,1.9,detected,1.0,2,1.0_0.1,37.851200462656266,1.0_0.1,1.0_0.1,"q=0.995,k=2",1
fault_17,2022-07-17 10:53:26.553,True,2022-07-17 10:53:26.653,2022-07-17 10:53:27.653,1.1,detected,1.0,2,1.0_0.1,37.851200462656266,1.0_0.1,1.0_0.1,"q=0.995,k=2",1
fault_18,2022-07-17 10:53:34.639,True,2022-07-17 10:53:34.739,2022-07-17 10:53:35.739,1.1,detected,1.0,3,1.0_0.1,29.500091821759177,1.0_0.1,1.0_0.1,"q=0.995,k=2",1
fault_20,2022-07-17 10:53:52.140,True,2022-07-17 10:53:52.240,2022-07-17 10:53:53.240,1.1,detected,1.0,3,1.0_0.1,29.500091821759177,1.0_0.1,1.0_0.1,"q=0.995,k=2",1
fault_6,2022-07-17 10:51:56.684,True,2022-07-17 10:51:56.784,2022-07-17 10:51:57.784,1.1,detected,1.0,3,1.0_0.1,29.500091821759177,1.0_0.1,1.0_0.1,"q=0.995,k=2",1
fault_8,2022-07-17 10:52:12.567,True,2022-07-17 10:52:12.667,2022-07-17 10:52:13.667,1.1,detected,1.0,3,1.0_0.1,29.500091821759177,1.0_0.1,1.0_0.1,"q=0.995,k=2",1
fault_1,2022-07-17 10:51:16.724,True,2022-07-17 10:51:16.924,2022-07-17 10:51:17.924,1.2,detected,1.0,0,1.0_0.1,29.397277979007942,1.0_0.1,1.0_0.1,"q=0.995,k=3",1
fault_11,2022-07-17 10:52:38.172,True,2022-07-17 10:52:38.372,2022-07-17 10:52:39.372,1.2,detected,1.0,0,1.0_0.1,29.397277979007942,1.0_0.1,1.0_0.1,"q=0.995,k=3",1
fault_3,2022-07-17 10:51:31.734,True,2022-07-17 10:51:31.934,2022-07-17 10:51:32.934,1.2,detected,1.0,0,1.0_0.1,29.397277979007942,1.0_0.1,1.0_0.1,"q=0.995,k=3",1
fault_7,2022-07-17 10:52:04.407,True,2022-07-17 10:52:04.607,2022-07-17 10:52:05.607,1.2,detected,1.0,0,1.0_0.1,29.397277979007942,1.0_0.1,1.0_0.1,"q=0.995,k=3",1
fault_14,2022-07-17 10:53:01.909,True,2022-07-17 10:53:02.109,2022-07-17 10:53:03.109,1.2,detected,1.0,1,1.0_0.1,23.780942931658274,1.0_0.1,1.0_0.1,"q=0.995,k=3",1
fault_16,2022-07-17 10:53:18.444,True,2022-07-17 10:53:18.644,2022-07-17 10:53:19.644,1.2,detected,1.0,1,1.0_0.1,23.780942931658274,1.0_0.1,1.0_0.1,"q=0.995,k=3",1
fault_2,2022-07-17 10:51:23.615,True,2022-07-17 10:51:23.815,2022-07-17 10:51:24.815,1.2,detected,1.0,1,1.0_0.1,23.780942931658274,1.0_0.1,1.0_0.1,"q=0.995,k=3",1
fault_4,2022-07-17 10:51:39.999,True,2022-07-17 10:51:40.199,2022-07-17 10:51:41.199,1.2,detected,1.0,1,1.0_0.1,23.780942931658274,1.0_0.1,1.0_0.1,"q=0.995,k=3",1
fault_12,2022-07-17 10:52:45.655,True,2022-07-17 10:52:45.855,2022-07-17 10:52:46.855,1.2,detected,1.0,2,1.0_0.1,37.851200462656266,1.0_0.1,1.0_0.1,"q=0.995,k=3",1
fault_13,2022-07-17 10:52:53.769,True,2022-07-17 10:52:53.969,2022-07-17 10:52:54.969,1.2,detected,1.0,2,1.0_0.1,37.851200462656266,1.0_0.1,1.0_0.1,"q=0.995,k=3",1
fault_15,2022-07-17 10:53:11.764,True,2022-07-17 10:53:13.064,2022-07-17 10:53:14.064,2.3,detected,1.0,2,1.0_0.1,37.851200462656266,1.0_0.1,1.0_0.1,"q=0.995,k=3",1
fault_17,2022-07-17 10:53:26.553,True,2022-07-17 10:53:26.753,2022-07-17 10:53:27.753,1.2,detected,1.0,2,1.0_0.1,37.851200462656266,1.0_0.1,1.0_0.1,"q=0.995,k=3",1
fault_18,2022-07-17 10:53:34.639,True,2022-07-17 10:53:34.839,2022-07-17 10:53:35.839,1.2,detected,1.0,3,1.0_0.1,29.500091821759177,1.0_0.1,1.0_0.1,"q=0.995,k=3",1
fault_20,2022-07-17 10:53:52.140,True,2022-07-17 10:53:52.340,2022-07-17 10:53:53.340,1.2,detected,1.0,3,1.0_0.1,29.500091821759177,1.0_0.1,1.0_0.1,"q=0.995,k=3",1
fault_6,2022-07-17 10:51:56.684,True,2022-07-17 10:51:56.884,2022-07-17 10:51:57.884,1.2,detected,1.0,3,1.0_0.1,29.500091821759177,1.0_0.1,1.0_0.1,"q=0.995,k=3",1
fault_8,2022-07-17 10:52:12.567,True,2022-07-17 10:52:12.767,2022-07-17 10:52:13.767,1.2,detected,1.0,3,1.0_0.1,29.500091821759177,1.0_0.1,1.0_0.1,"q=0.995,k=3",1
fault_1,2022-07-17 10:51:16.724,True,2022-07-17 10:51:16.724,2022-07-17 10:51:17.724,1.0,detected,1.0,0,1.0_0.1,38.94610765848117,1.0_0.1,1.0_0.1,"q=0.998,k=1",1
fault_11,2022-07-17 10:52:38.172,True,2022-07-17 10:52:38.172,2022-07-17 10:52:39.172,1.0,detected,1.0,0,1.0_0.1,38.94610765848117,1.0_0.1,1.0_0.1,"q=0.998,k=1",1
fault_3,2022-07-17 10:51:31.734,True,2022-07-17 10:51:31.734,2022-07-17 10:51:32.734,1.0,detected,1.0,0,1.0_0.1,38.94610765848117,1.0_0.1,1.0_0.1,"q=0.998,k=1",1
fault_7,2022-07-17 10:52:04.407,True,2022-07-17 10:52:04.407,2022-07-17 10:52:05.407,1.0,detected,1.0,0,1.0_0.1,38.94610765848117,1.0_0.1,1.0_0.1,"q=0.998,k=1",1
fault_14,2022-07-17 10:53:01.909,True,2022-07-17 10:53:01.909,2022-07-17 10:53:02.909,1.0,detected,1.0,1,1.0_0.1,27.307513745123234,1.0_0.1,1.0_0.1,"q=0.998,k=1",1
fault_16,2022-07-17 10:53:18.444,True,2022-07-17 10:53:18.444,2022-07-17 10:53:19.444,1.0,detected,1.0,1,1.0_0.1,27.307513745123234,1.0_0.1,1.0_0.1,"q=0.998,k=1",1
fault_2,2022-07-17 10:51:23.615,True,2022-07-17 10:51:23.615,2022-07-17 10:51:24.615,1.0,detected,1.0,1,1.0_0.1,27.307513745123234,1.0_0.1,1.0_0.1,"q=0.998,k=1",1
fault_4,2022-07-17 10:51:39.999,True,2022-07-17 10:51:39.999,2022-07-17 10:51:40.999,1.0,detected,1.0,1,1.0_0.1,27.307513745123234,1.0_0.1,1.0_0.1,"q=0.998,k=1",1
fault_12,2022-07-17 10:52:45.655,True,2022-07-17 10:52:45.655,2022-07-17 10:52:46.655,1.0,detected,1.0,2,1.0_0.1,48.084949695278766,1.0_0.1,1.0_0.1,"q=0.998,k=1",1
fault_13,2022-07-17 10:52:53.769,True,2022-07-17 10:52:53.769,2022-07-17 10:52:54.769,1.0,detected,1.0,2,1.0_0.1,48.084949695278766,1.0_0.1,1.0_0.1,"q=0.998,k=1",1
fault_15,2022-07-17 10:53:11.764,True,2022-07-17 10:53:12.664,2022-07-17 10:53:13.664,1.9,detected,1.0,2,1.0_0.1,48.084949695278766,1.0_0.1,1.0_0.1,"q=0.998,k=1",1
fault_17,2022-07-17 10:53:26.553,True,2022-07-17 10:53:26.553,2022-07-17 10:53:27.553,1.0,detected,1.0,2,1.0_0.1,48.084949695278766,1.0_0.1,1.0_0.1,"q=0.998,k=1",1
fault_18,2022-07-17 10:53:34.639,True,2022-07-17 10:53:34.639,2022-07-17 10:53:35.639,1.0,detected,1.0,3,1.0_0.1,38.764620254276885,1.0_0.1,1.0_0.1,"q=0.998,k=1",1
fault_20,2022-07-17 10:53:52.140,True,2022-07-17 10:53:52.140,2022-07-17 10:53:53.140,1.0,detected,1.0,3,1.0_0.1,38.764620254276885,1.0_0.1,1.0_0.1,"q=0.998,k=1",1
fault_6,2022-07-17 10:51:56.684,True,2022-07-17 10:51:56.684,2022-07-17 10:51:57.684,1.0,detected,1.0,3,1.0_0.1,38.764620254276885,1.0_0.1,1.0_0.1,"q=0.998,k=1",1
fault_8,2022-07-17 10:52:12.567,True,2022-07-17 10:52:12.567,2022-07-17 10:52:13.567,1.0,detected,1.0,3,1.0_0.1,38.764620254276885,1.0_0.1,1.0_0.1,"q=0.998,k=1",1
fault_1,2022-07-17 10:51:16.724,True,2022-07-17 10:51:16.824,2022-07-17 10:51:17.824,1.1,detected,1.0,0,1.0_0.1,38.94610765848117,1.0_0.1,1.0_0.1,"q=0.998,k=2",1
fault_11,2022-07-17 10:52:38.172,True,2022-07-17 10:52:38.272,2022-07-17 10:52:39.272,1.1,detected,1.0,0,1.0_0.1,38.94610765848117,1.0_0.1,1.0_0.1,"q=0.998,k=2",1
fault_3,2022-07-17 10:51:31.734,True,2022-07-17 10:51:31.834,2022-07-17 10:51:32.834,1.1,detected,1.0,0,1.0_0.1,38.94610765848117,1.0_0.1,1.0_0.1,"q=0.998,k=2",1
fault_7,2022-07-17 10:52:04.407,True,2022-07-17 10:52:04.507,2022-07-17 10:52:05.507,1.1,detected,1.0,0,1.0_0.1,38.94610765848117,1.0_0.1,1.0_0.1,"q=0.998,k=2",1
fault_14,2022-07-17 10:53:01.909,True,2022-07-17 10:53:02.009,2022-07-17 10:53:03.009,1.1,detected,1.0,1,1.0_0.1,27.307513745123234,1.0_0.1,1.0_0.1,"q=0.998,k=2",1
fault_16,2022-07-17 10:53:18.444,True,2022-07-17 10:53:18.544,2022-07-17 10:53:19.544,1.1,detected,1.0,1,1.0_0.1,27.307513745123234,1.0_0.1,1.0_0.1,"q=0.998,k=2",1
fault_2,2022-07-17 10:51:23.615,True,2022-07-17 10:51:23.715,2022-07-17 10:51:24.715,1.1,detected,1.0,1,1.0_0.1,27.307513745123234,1.0_0.1,1.0_0.1,"q=0.998,k=2",1
fault_4,2022-07-17 10:51:39.999,True,2022-07-17 10:51:40.099,2022-07-17 10:51:41.099,1.1,detected,1.0,1,1.0_0.1,27.307513745123234,1.0_0.1,1.0_0.1,"q=0.998,k=2",1
fault_12,2022-07-17 10:52:45.655,True,2022-07-17 10:52:45.755,2022-07-17 10:52:46.755,1.1,detected,1.0,2,1.0_0.1,48.084949695278766,1.0_0.1,1.0_0.1,"q=0.998,k=2",1
fault_13,2022-07-17 10:52:53.769,True,2022-07-17 10:52:53.869,2022-07-17 10:52:54.869,1.1,detected,1.0,2,1.0_0.1,48.084949695278766,1.0_0.1,1.0_0.1,"q=0.998,k=2",1
fault_15,2022-07-17 10:53:11.764,True,2022-07-17 10:53:13.064,2022-07-17 10:53:14.064,2.3,detected,1.0,2,1.0_0.1,48.084949695278766,1.0_0.1,1.0_0.1,"q=0.998,k=2",1
fault_17,2022-07-17 10:53:26.553,True,2022-07-17 10:53:26.653,2022-07-17 10:53:27.653,1.1,detected,1.0,2,1.0_0.1,48.084949695278766,1.0_0.1,1.0_0.1,"q=0.998,k=2",1
fault_18,2022-07-17 10:53:34.639,True,2022-07-17 10:53:34.739,2022-07-17 10:53:35.739,1.1,detected,1.0,3,1.0_0.1,38.764620254276885,1.0_0.1,1.0_0.1,"q=0.998,k=2",1
fault_20,2022-07-17 10:53:52.140,True,2022-07-17 10:53:52.240,2022-07-17 10:53:53.240,1.1,detected,1.0,3,1.0_0.1,38.764620254276885,1.0_0.1,1.0_0.1,"q=0.998,k=2",1
fault_6,2022-07-17 10:51:56.684,True,2022-07-17 10:51:56.784,2022-07-17 10:51:57.784,1.1,detected,1.0,3,1.0_0.1,38.764620254276885,1.0_0.1,1.0_0.1,"q=0.998,k=2",1
fault_8,2022-07-17 10:52:12.567,True,2022-07-17 10:52:12.667,2022-07-17 10:52:13.667,1.1,detected,1.0,3,1.0_0.1,38.764620254276885,1.0_0.1,1.0_0.1,"q=0.998,k=2",1
fault_1,2022-07-17 10:51:16.724,True,2022-07-17 10:51:16.924,2022-07-17 10:51:17.924,1.2,detected,1.0,0,1.0_0.1,38.94610765848117,1.0_0.1,1.0_0.1,"q=0.998,k=3",1
fault_11,2022-07-17 10:52:38.172,True,2022-07-17 10:52:38.372,2022-07-17 10:52:39.372,1.2,detected,1.0,0,1.0_0.1,38.94610765848117,1.0_0.1,1.0_0.1,"q=0.998,k=3",1
fault_3,2022-07-17 10:51:31.734,True,2022-07-17 10:51:31.934,2022-07-17 10:51:32.934,1.2,detected,1.0,0,1.0_0.1,38.94610765848117,1.0_0.1,1.0_0.1,"q=0.998,k=3",1
fault_7,2022-07-17 10:52:04.407,True,2022-07-17 10:52:04.607,2022-07-17 10:52:05.607,1.2,detected,1.0,0,1.0_0.1,38.94610765848117,1.0_0.1,1.0_0.1,"q=0.998,k=3",1
fault_14,2022-07-17 10:53:01.909,True,2022-07-17 10:53:02.109,2022-07-17 10:53:03.109,1.2,detected,1.0,1,1.0_0.1,27.307513745123234,1.0_0.1,1.0_0.1,"q=0.998,k=3",1
fault_16,2022-07-17 10:53:18.444,True,2022-07-17 10:53:18.644,2022-07-17 10:53:19.644,1.2,detected,1.0,1,1.0_0.1,27.307513745123234,1.0_0.1,1.0_0.1,"q=0.998,k=3",1
fault_2,2022-07-17 10:51:23.615,True,2022-07-17 10:51:23.815,2022-07-17 10:51:24.815,1.2,detected,1.0,1,1.0_0.1,27.307513745123234,1.0_0.1,1.0_0.1,"q=0.998,k=3",1
fault_4,2022-07-17 10:51:39.999,True,2022-07-17 10:51:40.199,2022-07-17 10:51:41.199,1.2,detected,1.0,1,1.0_0.1,27.307513745123234,1.0_0.1,1.0_0.1,"q=0.998,k=3",1
fault_12,2022-07-17 10:52:45.655,True,2022-07-17 10:52:45.855,2022-07-17 10:52:46.855,1.2,detected,1.0,2,1.0_0.1,48.084949695278766,1.0_0.1,1.0_0.1,"q=0.998,k=3",1
fault_13,2022-07-17 10:52:53.769,True,2022-07-17 10:52:53.969,2022-07-17 10:52:54.969,1.2,detected,1.0,2,1.0_0.1,48.084949695278766,1.0_0.1,1.0_0.1,"q=0.998,k=3",1
fault_15,2022-07-17 10:53:11.764,True,2022-07-17 10:53:13.164,2022-07-17 10:53:14.164,2.4,detected,1.0,2,1.0_0.1,48.084949695278766,1.0_0.1,1.0_0.1,"q=0.998,k=3",1
fault_17,2022-07-17 10:53:26.553,True,2022-07-17 10:53:26.753,2022-07-17 10:53:27.753,1.2,detected,1.0,2,1.0_0.1,48.084949695278766,1.0_0.1,1.0_0.1,"q=0.998,k=3",1
fault_18,2022-07-17 10:53:34.639,True,2022-07-17 10:53:34.839,2022-07-17 10:53:35.839,1.2,detected,1.0,3,1.0_0.1,38.764620254276885,1.0_0.1,1.0_0.1,"q=0.998,k=3",1
fault_20,2022-07-17 10:53:52.140,True,2022-07-17 10:53:52.340,2022-07-17 10:53:53.340,1.2,detected,1.0,3,1.0_0.1,38.764620254276885,1.0_0.1,1.0_0.1,"q=0.998,k=3",1
fault_6,2022-07-17 10:51:56.684,True,2022-07-17 10:51:56.884,2022-07-17 10:51:57.884,1.2,detected,1.0,3,1.0_0.1,38.764620254276885,1.0_0.1,1.0_0.1,"q=0.998,k=3",1
fault_8,2022-07-17 10:52:12.567,True,2022-07-17 10:52:12.767,2022-07-17 10:52:13.767,1.2,detected,1.0,3,1.0_0.1,38.764620254276885,1.0_0.1,1.0_0.1,"q=0.998,k=3",1
fault_1,2022-07-17 10:51:16.724,True,2022-07-17 10:51:16.724,2022-07-17 10:51:17.724,1.0,detected,1.0,0,1.0_0.1,44.94875079265994,1.0_0.1,1.0_0.1,"q=0.999,k=1",1
fault_11,2022-07-17 10:52:38.172,True,2022-07-17 10:52:38.172,2022-07-17 10:52:39.172,1.0,detected,1.0,0,1.0_0.1,44.94875079265994,1.0_0.1,1.0_0.1,"q=0.999,k=1",1
fault_3,2022-07-17 10:51:31.734,True,2022-07-17 10:51:31.734,2022-07-17 10:51:32.734,1.0,detected,1.0,0,1.0_0.1,44.94875079265994,1.0_0.1,1.0_0.1,"q=0.999,k=1",1
fault_7,2022-07-17 10:52:04.407,True,2022-07-17 10:52:04.407,2022-07-17 10:52:05.407,1.0,detected,1.0,0,1.0_0.1,44.94875079265994,1.0_0.1,1.0_0.1,"q=0.999,k=1",1
fault_14,2022-07-17 10:53:01.909,True,2022-07-17 10:53:01.909,2022-07-17 10:53:02.909,1.0,detected,1.0,1,1.0_0.1,29.850699697227824,1.0_0.1,1.0_0.1,"q=0.999,k=1",1
fault_16,2022-07-17 10:53:18.444,True,2022-07-17 10:53:18.444,2022-07-17 10:53:19.444,1.0,detected,1.0,1,1.0_0.1,29.850699697227824,1.0_0.1,1.0_0.1,"q=0.999,k=1",1
fault_2,2022-07-17 10:51:23.615,True,2022-07-17 10:51:23.615,2022-07-17 10:51:24.615,1.0,detected,1.0,1,1.0_0.1,29.850699697227824,1.0_0.1,1.0_0.1,"q=0.999,k=1",1
fault_4,2022-07-17 10:51:39.999,True,2022-07-17 10:51:39.999,2022-07-17 10:51:40.999,1.0,detected,1.0,1,1.0_0.1,29.850699697227824,1.0_0.1,1.0_0.1,"q=0.999,k=1",1
fault_12,2022-07-17 10:52:45.655,True,2022-07-17 10:52:45.655,2022-07-17 10:52:46.655,1.0,detected,1.0,2,1.0_0.1,49.31843384011644,1.0_0.1,1.0_0.1,"q=0.999,k=1",1
fault_13,2022-07-17 10:52:53.769,True,2022-07-17 10:52:53.769,2022-07-17 10:52:54.769,1.0,detected,1.0,2,1.0_0.1,49.31843384011644,1.0_0.1,1.0_0.1,"q=0.999,k=1",1
fault_15,2022-07-17 10:53:11.764,True,2022-07-17 10:53:12.664,2022-07-17 10:53:13.664,1.9,detected,1.0,2,1.0_0.1,49.31843384011644,1.0_0.1,1.0_0.1,"q=0.999,k=1",1
fault_17,2022-07-17 10:53:26.553,True,2022-07-17 10:53:26.553,2022-07-17 10:53:27.553,1.0,detected,1.0,2,1.0_0.1,49.31843384011644,1.0_0.1,1.0_0.1,"q=0.999,k=1",1
fault_18,2022-07-17 10:53:34.639,True,2022-07-17 10:53:34.639,2022-07-17 10:53:35.639,1.0,detected,1.0,3,1.0_0.1,47.129362819912195,1.0_0.1,1.0_0.1,"q=0.999,k=1",1
fault_20,2022-07-17 10:53:52.140,True,2022-07-17 10:53:52.140,2022-07-17 10:53:53.140,1.0,detected,1.0,3,1.0_0.1,47.129362819912195,1.0_0.1,1.0_0.1,"q=0.999,k=1",1
fault_6,2022-07-17 10:51:56.684,True,2022-07-17 10:51:56.684,2022-07-17 10:51:57.684,1.0,detected,1.0,3,1.0_0.1,47.129362819912195,1.0_0.1,1.0_0.1,"q=0.999,k=1",1
fault_8,2022-07-17 10:52:12.567,True,2022-07-17 10:52:12.567,2022-07-17 10:52:13.567,1.0,detected,1.0,3,1.0_0.1,47.129362819912195,1.0_0.1,1.0_0.1,"q=0.999,k=1",1
fault_1,2022-07-17 10:51:16.724,True,2022-07-17 10:51:16.824,2022-07-17 10:51:17.824,1.1,detected,1.0,0,1.0_0.1,44.94875079265994,1.0_0.1,1.0_0.1,"q=0.999,k=2",1
fault_11,2022-07-17 10:52:38.172,True,2022-07-17 10:52:38.272,2022-07-17 10:52:39.272,1.1,detected,1.0,0,1.0_0.1,44.94875079265994,1.0_0.1,1.0_0.1,"q=0.999,k=2",1
fault_3,2022-07-17 10:51:31.734,True,2022-07-17 10:51:31.834,2022-07-17 10:51:32.834,1.1,detected,1.0,0,1.0_0.1,44.94875079265994,1.0_0.1,1.0_0.1,"q=0.999,k=2",1
fault_7,2022-07-17 10:52:04.407,True,2022-07-17 10:52:04.507,2022-07-17 10:52:05.507,1.1,detected,1.0,0,1.0_0.1,44.94875079265994,1.0_0.1,1.0_0.1,"q=0.999,k=2",1
fault_14,2022-07-17 10:53:01.909,True,2022-07-17 10:53:02.009,2022-07-17 10:53:03.009,1.1,detected,1.0,1,1.0_0.1,29.850699697227824,1.0_0.1,1.0_0.1,"q=0.999,k=2",1
fault_16,2022-07-17 10:53:18.444,True,2022-07-17 10:53:18.544,2022-07-17 10:53:19.544,1.1,detected,1.0,1,1.0_0.1,29.850699697227824,1.0_0.1,1.0_0.1,"q=0.999,k=2",1
fault_2,2022-07-17 10:51:23.615,True,2022-07-17 10:51:23.715,2022-07-17 10:51:24.715,1.1,detected,1.0,1,1.0_0.1,29.850699697227824,1.0_0.1,1.0_0.1,"q=0.999,k=2",1
fault_4,2022-07-17 10:51:39.999,True,2022-07-17 10:51:40.099,2022-07-17 10:51:41.099,1.1,detected,1.0,1,1.0_0.1,29.850699697227824,1.0_0.1,1.0_0.1,"q=0.999,k=2",1
fault_12,2022-07-17 10:52:45.655,True,2022-07-17 10:52:45.755,2022-07-17 10:52:46.755,1.1,detected,1.0,2,1.0_0.1,49.31843384011644,1.0_0.1,1.0_0.1,"q=0.999,k=2",1
fault_13,2022-07-17 10:52:53.769,True,2022-07-17 10:52:53.869,2022-07-17 10:52:54.869,1.1,detected,1.0,2,1.0_0.1,49.31843384011644,1.0_0.1,1.0_0.1,"q=0.999,k=2",1
fault_15,2022-07-17 10:53:11.764,True,2022-07-17 10:53:13.064,2022-07-17 10:53:14.064,2.3,detected,1.0,2,1.0_0.1,49.31843384011644,1.0_0.1,1.0_0.1,"q=0.999,k=2",1
fault_17,2022-07-17 10:53:26.553,True,2022-07-17 10:53:26.653,2022-07-17 10:53:27.653,1.1,detected,1.0,2,1.0_0.1,49.31843384011644,1.0_0.1,1.0_0.1,"q=0.999,k=2",1
fault_18,2022-07-17 10:53:34.639,True,2022-07-17 10:53:34.739,2022-07-17 10:53:35.739,1.1,detected,1.0,3,1.0_0.1,47.129362819912195,1.0_0.1,1.0_0.1,"q=0.999,k=2",1
fault_20,2022-07-17 10:53:52.140,True,2022-07-17 10:53:52.240,2022-07-17 10:53:53.240,1.1,detected,1.0,3,1.0_0.1,47.129362819912195,1.0_0.1,1.0_0.1,"q=0.999,k=2",1
fault_6,2022-07-17 10:51:56.684,True,2022-07-17 10:51:56.784,2022-07-17 10:51:57.784,1.1,detected,1.0,3,1.0_0.1,47.129362819912195,1.0_0.1,1.0_0.1,"q=0.999,k=2",1
fault_8,2022-07-17 10:52:12.567,True,2022-07-17 10:52:12.667,2022-07-17 10:52:13.667,1.1,detected,1.0,3,1.0_0.1,47.129362819912195,1.0_0.1,1.0_0.1,"q=0.999,k=2",1
fault_1,2022-07-17 10:51:16.724,True,2022-07-17 10:51:16.924,2022-07-17 10:51:17.924,1.2,detected,1.0,0,1.0_0.1,44.94875079265994,1.0_0.1,1.0_0.1,"q=0.999,k=3",1
fault_11,2022-07-17 10:52:38.172,True,2022-07-17 10:52:38.372,2022-07-17 10:52:39.372,1.2,detected,1.0,0,1.0_0.1,44.94875079265994,1.0_0.1,1.0_0.1,"q=0.999,k=3",1
fault_3,2022-07-17 10:51:31.734,True,2022-07-17 10:51:31.934,2022-07-17 10:51:32.934,1.2,detected,1.0,0,1.0_0.1,44.94875079265994,1.0_0.1,1.0_0.1,"q=0.999,k=3",1
fault_7,2022-07-17 10:52:04.407,True,2022-07-17 10:52:04.607,2022-07-17 10:52:05.607,1.2,detected,1.0,0,1.0_0.1,44.94875079265994,1.0_0.1,1.0_0.1,"q=0.999,k=3",1
fault_14,2022-07-17 10:53:01.909,True,2022-07-17 10:53:02.109,2022-07-17 10:53:03.109,1.2,detected,1.0,1,1.0_0.1,29.850699697227824,1.0_0.1,1.0_0.1,"q=0.999,k=3",1
fault_16,2022-07-17 10:53:18.444,True,2022-07-17 10:53:18.644,2022-07-17 10:53:19.644,1.2,detected,1.0,1,1.0_0.1,29.850699697227824,1.0_0.1,1.0_0.1,"q=0.999,k=3",1
fault_2,2022-07-17 10:51:23.615,True,2022-07-17 10:51:23.815,2022-07-17 10:51:24.815,1.2,detected,1.0,1,1.0_0.1,29.850699697227824,1.0_0.1,1.0_0.1,"q=0.999,k=3",1
fault_4,2022-07-17 10:51:39.999,True,2022-07-17 10:51:40.199,2022-07-17 10:51:41.199,1.2,detected,1.0,1,1.0_0.1,29.850699697227824,1.0_0.1,1.0_0.1,"q=0.999,k=3",1
fault_12,2022-07-17 10:52:45.655,True,2022-07-17 10:52:45.855,2022-07-17 10:52:46.855,1.2,detected,1.0,2,1.0_0.1,49.31843384011644,1.0_0.1,1.0_0.1,"q=0.999,k=3",1
fault_13,2022-07-17 10:52:53.769,True,2022-07-17 10:52:53.969,2022-07-17 10:52:54.969,1.2,detected,1.0,2,1.0_0.1,49.31843384011644,1.0_0.1,1.0_0.1,"q=0.999,k=3",1
fault_15,2022-07-17 10:53:11.764,True,2022-07-17 10:53:13.164,2022-07-17 10:53:14.164,2.4,detected,1.0,2,1.0_0.1,49.31843384011644,1.0_0.1,1.0_0.1,"q=0.999,k=3",1
fault_17,2022-07-17 10:53:26.553,True,2022-07-17 10:53:26.753,2022-07-17 10:53:27.753,1.2,detected,1.0,2,1.0_0.1,49.31843384011644,1.0_0.1,1.0_0.1,"q=0.999,k=3",1
fault_18,2022-07-17 10:53:34.639,True,2022-07-17 10:53:34.839,2022-07-17 10:53:35.839,1.2,detected,1.0,3,1.0_0.1,47.129362819912195,1.0_0.1,1.0_0.1,"q=0.999,k=3",1
fault_20,2022-07-17 10:53:52.140,True,2022-07-17 10:53:52.340,2022-07-17 10:53:53.340,1.2,detected,1.0,3,1.0_0.1,47.129362819912195,1.0_0.1,1.0_0.1,"q=0.999,k=3",1
fault_6,2022-07-17 10:51:56.684,True,2022-07-17 10:51:56.884,2022-07-17 10:51:57.884,1.2,detected,1.0,3,1.0_0.1,47.129362819912195,1.0_0.1,1.0_0.1,"q=0.999,k=3",1
fault_8,2022-07-17 10:52:12.567,True,2022-07-17 10:52:12.767,2022-07-17 10:52:13.767,1.2,detected,1.0,3,1.0_0.1,47.129362819912195,1.0_0.1,1.0_0.1,"q=0.999,k=3",1
fault_1,2022-07-17 10:51:16.724,True,2022-07-17 10:51:16.724,2022-07-17 10:51:17.724,1.0,detected,1.0,0,1.0_0.1,52.31670829887002,1.0_0.1,1.0_0.1,"q=0.9995,k=1",1
fault_11,2022-07-17 10:52:38.172,True,2022-07-17 10:52:38.172,2022-07-17 10:52:39.172,1.0,detected,1.0,0,1.0_0.1,52.31670829887002,1.0_0.1,1.0_0.1,"q=0.9995,k=1",1
fault_3,2022-07-17 10:51:31.734,True,2022-07-17 10:51:31.734,2022-07-17 10:51:32.734,1.0,detected,1.0,0,1.0_0.1,52.31670829887002,1.0_0.1,1.0_0.1,"q=0.9995,k=1",1
fault_7,2022-07-17 10:52:04.407,True,2022-07-17 10:52:04.407,2022-07-17 10:52:05.407,1.0,detected,1.0,0,1.0_0.1,52.31670829887002,1.0_0.1,1.0_0.1,"q=0.9995,k=1",1
fault_14,2022-07-17 10:53:01.909,True,2022-07-17 10:53:01.909,2022-07-17 10:53:02.909,1.0,detected,1.0,1,1.0_0.1,30.56445055317821,1.0_0.1,1.0_0.1,"q=0.9995,k=1",1
fault_16,2022-07-17 10:53:18.444,True,2022-07-17 10:53:18.444,2022-07-17 10:53:19.444,1.0,detected,1.0,1,1.0_0.1,30.56445055317821,1.0_0.1,1.0_0.1,"q=0.9995,k=1",1
fault_2,2022-07-17 10:51:23.615,True,2022-07-17 10:51:23.615,2022-07-17 10:51:24.615,1.0,detected,1.0,1,1.0_0.1,30.56445055317821,1.0_0.1,1.0_0.1,"q=0.9995,k=1",1
fault_4,2022-07-17 10:51:39.999,True,2022-07-17 10:51:39.999,2022-07-17 10:51:40.999,1.0,detected,1.0,1,1.0_0.1,30.56445055317821,1.0_0.1,1.0_0.1,"q=0.9995,k=1",1
fault_12,2022-07-17 10:52:45.655,True,2022-07-17 10:52:45.655,2022-07-17 10:52:46.655,1.0,detected,1.0,2,1.0_0.1,52.56081481687789,1.0_0.1,1.0_0.1,"q=0.9995,k=1",1
fault_13,2022-07-17 10:52:53.769,True,2022-07-17 10:52:53.769,2022-07-17 10:52:54.769,1.0,detected,1.0,2,1.0_0.1,52.56081481687789,1.0_0.1,1.0_0.1,"q=0.9995,k=1",1
fault_15,2022-07-17 10:53:11.764,True,2022-07-17 10:53:12.664,2022-07-17 10:53:13.664,1.9,detected,1.0,2,1.0_0.1,52.56081481687789,1.0_0.1,1.0_0.1,"q=0.9995,k=1",1
fault_17,2022-07-17 10:53:26.553,True,2022-07-17 10:53:26.553,2022-07-17 10:53:27.553,1.0,detected,1.0,2,1.0_0.1,52.56081481687789,1.0_0.1,1.0_0.1,"q=0.9995,k=1",1
fault_18,2022-07-17 10:53:34.639,True,2022-07-17 10:53:34.639,2022-07-17 10:53:35.639,1.0,detected,1.0,3,1.0_0.1,48.191746542166776,1.0_0.1,1.0_0.1,"q=0.9995,k=1",1
fault_20,2022-07-17 10:53:52.140,True,2022-07-17 10:53:52.140,2022-07-17 10:53:53.140,1.0,detected,1.0,3,1.0_0.1,48.191746542166776,1.0_0.1,1.0_0.1,"q=0.9995,k=1",1
fault_6,2022-07-17 10:51:56.684,True,2022-07-17 10:51:56.684,2022-07-17 10:51:57.684,1.0,detected,1.0,3,1.0_0.1,48.191746542166776,1.0_0.1,1.0_0.1,"q=0.9995,k=1",1
fault_8,2022-07-17 10:52:12.567,True,2022-07-17 10:52:12.567,2022-07-17 10:52:13.567,1.0,detected,1.0,3,1.0_0.1,48.191746542166776,1.0_0.1,1.0_0.1,"q=0.9995,k=1",1
fault_1,2022-07-17 10:51:16.724,True,2022-07-17 10:51:16.824,2022-07-17 10:51:17.824,1.1,detected,1.0,0,1.0_0.1,52.31670829887002,1.0_0.1,1.0_0.1,"q=0.9995,k=2",1
fault_11,2022-07-17 10:52:38.172,True,2022-07-17 10:52:38.272,2022-07-17 10:52:39.272,1.1,detected,1.0,0,1.0_0.1,52.31670829887002,1.0_0.1,1.0_0.1,"q=0.9995,k=2",1
fault_3,2022-07-17 10:51:31.734,True,2022-07-17 10:51:31.834,2022-07-17 10:51:32.834,1.1,detected,1.0,0,1.0_0.1,52.31670829887002,1.0_0.1,1.0_0.1,"q=0.9995,k=2",1
fault_7,2022-07-17 10:52:04.407,True,2022-07-17 10:52:04.507,2022-07-17 10:52:05.507,1.1,detected,1.0,0,1.0_0.1,52.31670829887002,1.0_0.1,1.0_0.1,"q=0.9995,k=2",1
fault_14,2022-07-17 10:53:01.909,True,2022-07-17 10:53:02.009,2022-07-17 10:53:03.009,1.1,detected,1.0,1,1.0_0.1,30.56445055317821,1.0_0.1,1.0_0.1,"q=0.9995,k=2",1
fault_16,2022-07-17 10:53:18.444,True,2022-07-17 10:53:18.544,2022-07-17 10:53:19.544,1.1,detected,1.0,1,1.0_0.1,30.56445055317821,1.0_0.1,1.0_0.1,"q=0.9995,k=2",1
fault_2,2022-07-17 10:51:23.615,True,2022-07-17 10:51:23.715,2022-07-17 10:51:24.715,1.1,detected,1.0,1,1.0_0.1,30.56445055317821,1.0_0.1,1.0_0.1,"q=0.9995,k=2",1
fault_4,2022-07-17 10:51:39.999,True,2022-07-17 10:51:40.099,2022-07-17 10:51:41.099,1.1,detected,1.0,1,1.0_0.1,30.56445055317821,1.0_0.1,1.0_0.1,"q=0.9995,k=2",1
fault_12,2022-07-17 10:52:45.655,True,2022-07-17 10:52:45.755,2022-07-17 10:52:46.755,1.1,detected,1.0,2,1.0_0.1,52.56081481687789,1.0_0.1,1.0_0.1,"q=0.9995,k=2",1
fault_13,2022-07-17 10:52:53.769,True,2022-07-17 10:52:53.869,2022-07-17 10:52:54.869,1.1,detected,1.0,2,1.0_0.1,52.56081481687789,1.0_0.1,1.0_0.1,"q=0.9995,k=2",1
fault_15,2022-07-17 10:53:11.764,True,2022-07-17 10:53:13.064,2022-07-17 10:53:14.064,2.3,detected,1.0,2,1.0_0.1,52.56081481687789,1.0_0.1,1.0_0.1,"q=0.9995,k=2",1
fault_17,2022-07-17 10:53:26.553,True,2022-07-17 10:53:26.653,2022-07-17 10:53:27.653,1.1,detected,1.0,2,1.0_0.1,52.56081481687789,1.0_0.1,1.0_0.1,"q=0.9995,k=2",1
fault_18,2022-07-17 10:53:34.639,True,2022-07-17 10:53:34.739,2022-07-17 10:53:35.739,1.1,detected,1.0,3,1.0_0.1,48.191746542166776,1.0_0.1,1.0_0.1,"q=0.9995,k=2",1
fault_20,2022-07-17 10:53:52.140,True,2022-07-17 10:53:52.240,2022-07-17 10:53:53.240,1.1,detected,1.0,3,1.0_0.1,48.191746542166776,1.0_0.1,1.0_0.1,"q=0.9995,k=2",1
fault_6,2022-07-17 10:51:56.684,True,2022-07-17 10:51:56.784,2022-07-17 10:51:57.784,1.1,detected,1.0,3,1.0_0.1,48.191746542166776,1.0_0.1,1.0_0.1,"q=0.9995,k=2",1
fault_8,2022-07-17 10:52:12.567,True,2022-07-17 10:52:12.667,2022-07-17 10:52:13.667,1.1,detected,1.0,3,1.0_0.1,48.191746542166776,1.0_0.1,1.0_0.1,"q=0.9995,k=2",1
fault_1,2022-07-17 10:51:16.724,True,2022-07-17 10:51:16.924,2022-07-17 10:51:17.924,1.2,detected,1.0,0,1.0_0.1,52.31670829887002,1.0_0.1,1.0_0.1,"q=0.9995,k=3",1
fault_11,2022-07-17 10:52:38.172,True,2022-07-17 10:52:38.372,2022-07-17 10:52:39.372,1.2,detected,1.0,0,1.0_0.1,52.31670829887002,1.0_0.1,1.0_0.1,"q=0.9995,k=3",1
fault_3,2022-07-17 10:51:31.734,True,2022-07-17 10:51:31.934,2022-07-17 10:51:32.934,1.2,detected,1.0,0,1.0_0.1,52.31670829887002,1.0_0.1,1.0_0.1,"q=0.9995,k=3",1
fault_7,2022-07-17 10:52:04.407,True,2022-07-17 10:52:04.607,2022-07-17 10:52:05.607,1.2,detected,1.0,0,1.0_0.1,52.31670829887002,1.0_0.1,1.0_0.1,"q=0.9995,k=3",1
fault_14,2022-07-17 10:53:01.909,True,2022-07-17 10:53:02.109,2022-07-17 10:53:03.109,1.2,detected,1.0,1,1.0_0.1,30.56445055317821,1.0_0.1,1.0_0.1,"q=0.9995,k=3",1
fault_16,2022-07-17 10:53:18.444,True,2022-07-17 10:53:18.644,2022-07-17 10:53:19.644,1.2,detected,1.0,1,1.0_0.1,30.56445055317821,1.0_0.1,1.0_0.1,"q=0.9995,k=3",1
fault_2,2022-07-17 10:51:23.615,True,2022-07-17 10:51:23.815,2022-07-17 10:51:24.815,1.2,detected,1.0,1,1.0_0.1,30.56445055317821,1.0_0.1,1.0_0.1,"q=0.9995,k=3",1
fault_4,2022-07-17 10:51:39.999,True,2022-07-17 10:51:40.199,2022-07-17 10:51:41.199,1.2,detected,1.0,1,1.0_0.1,30.56445055317821,1.0_0.1,1.0_0.1,"q=0.9995,k=3",1
fault_12,2022-07-17 10:52:45.655,True,2022-07-17 10:52:45.855,2022-07-17 10:52:46.855,1.2,detected,1.0,2,1.0_0.1,52.56081481687789,1.0_0.1,1.0_0.1,"q=0.9995,k=3",1
fault_13,2022-07-17 10:52:53.769,True,2022-07-17 10:52:53.969,2022-07-17 10:52:54.969,1.2,detected,1.0,2,1.0_0.1,52.56081481687789,1.0_0.1,1.0_0.1,"q=0.9995,k=3",1
fault_15,2022-07-17 10:53:11.764,True,2022-07-17 10:53:13.164,2022-07-17 10:53:14.164,2.4,detected,1.0,2,1.0_0.1,52.56081481687789,1.0_0.1,1.0_0.1,"q=0.9995,k=3",1
fault_17,2022-07-17 10:53:26.553,True,2022-07-17 10:53:26.753,2022-07-17 10:53:27.753,1.2,detected,1.0,2,1.0_0.1,52.56081481687789,1.0_0.1,1.0_0.1,"q=0.9995,k=3",1
fault_18,2022-07-17 10:53:34.639,True,2022-07-17 10:53:34.839,2022-07-17 10:53:35.839,1.2,detected,1.0,3,1.0_0.1,48.191746542166776,1.0_0.1,1.0_0.1,"q=0.9995,k=3",1
fault_20,2022-07-17 10:53:52.140,True,2022-07-17 10:53:52.340,2022-07-17 10:53:53.340,1.2,detected,1.0,3,1.0_0.1,48.191746542166776,1.0_0.1,1.0_0.1,"q=0.9995,k=3",1
fault_6,2022-07-17 10:51:56.684,True,2022-07-17 10:51:56.884,2022-07-17 10:51:57.884,1.2,detected,1.0,3,1.0_0.1,48.191746542166776,1.0_0.1,1.0_0.1,"q=0.9995,k=3",1
fault_8,2022-07-17 10:52:12.567,True,2022-07-17 10:52:12.767,2022-07-17 10:52:13.767,1.2,detected,1.0,3,1.0_0.1,48.191746542166776,1.0_0.1,1.0_0.1,"q=0.9995,k=3",1
fault_1,2022-07-17 10:51:16.724,True,2022-07-17 10:51:16.724,2022-07-17 10:51:17.724,1.0,detected,1.0,0,1.0_0.1,56.481007400507174,1.0_0.1,1.0_0.1,"f1,k=1",1
fault_11,2022-07-17 10:52:38.172,True,2022-07-17 10:52:38.172,2022-07-17 10:52:39.172,1.0,detected,1.0,0,1.0_0.1,56.481007400507174,1.0_0.1,1.0_0.1,"f1,k=1",1
fault_3,2022-07-17 10:51:31.734,True,2022-07-17 10:51:31.934,2022-07-17 10:51:32.934,1.2,detected,1.0,0,1.0_0.1,56.481007400507174,1.0_0.1,1.0_0.1,"f1,k=1",1
fault_7,2022-07-17 10:52:04.407,True,2022-07-17 10:52:04.407,2022-07-17 10:52:05.407,1.0,detected,1.0,0,1.0_0.1,56.481007400507174,1.0_0.1,1.0_0.1,"f1,k=1",1
fault_14,2022-07-17 10:53:01.909,True,2022-07-17 10:53:01.909,2022-07-17 10:53:02.909,1.0,detected,1.0,1,1.0_0.1,33.08829282916672,1.0_0.1,1.0_0.1,"f1,k=1",1
fault_16,2022-07-17 10:53:18.444,True,2022-07-17 10:53:18.444,2022-07-17 10:53:19.444,1.0,detected,1.0,1,1.0_0.1,33.08829282916672,1.0_0.1,1.0_0.1,"f1,k=1",1
fault_2,2022-07-17 10:51:23.615,True,2022-07-17 10:51:23.615,2022-07-17 10:51:24.615,1.0,detected,1.0,1,1.0_0.1,33.08829282916672,1.0_0.1,1.0_0.1,"f1,k=1",1
fault_4,2022-07-17 10:51:39.999,True,2022-07-17 10:51:39.999,2022-07-17 10:51:40.999,1.0,detected,1.0,1,1.0_0.1,33.08829282916672,1.0_0.1,1.0_0.1,"f1,k=1",1
fault_12,2022-07-17 10:52:45.655,True,2022-07-17 10:52:45.655,2022-07-17 10:52:46.655,1.0,detected,1.0,2,1.0_0.1,50.03257699123022,1.0_0.1,1.0_0.1,"f1,k=1",1
fault_13,2022-07-17 10:52:53.769,True,2022-07-17 10:52:53.769,2022-07-17 10:52:54.769,1.0,detected,1.0,2,1.0_0.1,50.03257699123022,1.0_0.1,1.0_0.1,"f1,k=1",1
fault_15,2022-07-17 10:53:11.764,True,2022-07-17 10:53:12.664,2022-07-17 10:53:13.664,1.9,detected,1.0,2,1.0_0.1,50.03257699123022,1.0_0.1,1.0_0.1,"f1,k=1",1
fault_17,2022-07-17 10:53:26.553,True,2022-07-17 10:53:26.553,2022-07-17 10:53:27.553,1.0,detected,1.0,2,1.0_0.1,50.03257699123022,1.0_0.1,1.0_0.1,"f1,k=1",1
fault_18,2022-07-17 10:53:34.639,True,2022-07-17 10:53:34.639,2022-07-17 10:53:35.639,1.0,detected,1.0,3,1.0_0.1,53.24962866134038,1.0_0.1,1.0_0.1,"f1,k=1",1
fault_20,2022-07-17 10:53:52.140,True,2022-07-17 10:53:52.140,2022-07-17 10:53:53.140,1.0,detected,1.0,3,1.0_0.1,53.24962866134038,1.0_0.1,1.0_0.1,"f1,k=1",1
fault_6,2022-07-17 10:51:56.684,True,2022-07-17 10:51:56.684,2022-07-17 10:51:57.684,1.0,detected,1.0,3,1.0_0.1,53.24962866134038,1.0_0.1,1.0_0.1,"f1,k=1",1
fault_8,2022-07-17 10:52:12.567,True,2022-07-17 10:52:12.567,2022-07-17 10:52:13.567,1.0,detected,1.0,3,1.0_0.1,53.24962866134038,1.0_0.1,1.0_0.1,"f1,k=1",1
fault_1,2022-07-17 10:51:16.724,True,2022-07-17 10:51:16.824,2022-07-17 10:51:17.824,1.1,detected,1.0,0,1.0_0.1,56.481007400507174,1.0_0.1,1.0_0.1,"f1,k=2",1
fault_11,2022-07-17 10:52:38.172,True,2022-07-17 10:52:38.272,2022-07-17 10:52:39.272,1.1,detected,1.0,0,1.0_0.1,56.481007400507174,1.0_0.1,1.0_0.1,"f1,k=2",1
fault_3,2022-07-17 10:51:31.734,True,2022-07-17 10:51:32.034,2022-07-17 10:51:33.034,1.3,detected,1.0,0,1.0_0.1,56.481007400507174,1.0_0.1,1.0_0.1,"f1,k=2",1
fault_7,2022-07-17 10:52:04.407,True,2022-07-17 10:52:04.507,2022-07-17 10:52:05.507,1.1,detected,1.0,0,1.0_0.1,56.481007400507174,1.0_0.1,1.0_0.1,"f1,k=2",1
fault_14,2022-07-17 10:53:01.909,True,2022-07-17 10:53:02.009,2022-07-17 10:53:03.009,1.1,detected,1.0,1,1.0_0.1,33.08829282916672,1.0_0.1,1.0_0.1,"f1,k=2",1
fault_16,2022-07-17 10:53:18.444,True,2022-07-17 10:53:18.544,2022-07-17 10:53:19.544,1.1,detected,1.0,1,1.0_0.1,33.08829282916672,1.0_0.1,1.0_0.1,"f1,k=2",1
fault_2,2022-07-17 10:51:23.615,True,2022-07-17 10:51:23.715,2022-07-17 10:51:24.715,1.1,detected,1.0,1,1.0_0.1,33.08829282916672,1.0_0.1,1.0_0.1,"f1,k=2",1
fault_4,2022-07-17 10:51:39.999,True,2022-07-17 10:51:40.099,2022-07-17 10:51:41.099,1.1,detected,1.0,1,1.0_0.1,33.08829282916672,1.0_0.1,1.0_0.1,"f1,k=2",1
fault_12,2022-07-17 10:52:45.655,True,2022-07-17 10:52:45.755,2022-07-17 10:52:46.755,1.1,detected,1.0,2,1.0_0.1,50.03257699123022,1.0_0.1,1.0_0.1,"f1,k=2",1
fault_13,2022-07-17 10:52:53.769,True,2022-07-17 10:52:53.869,2022-07-17 10:52:54.869,1.1,detected,1.0,2,1.0_0.1,50.03257699123022,1.0_0.1,1.0_0.1,"f1,k=2",1
fault_15,2022-07-17 10:53:11.764,True,2022-07-17 10:53:13.064,2022-07-17 10:53:14.064,2.3,detected,1.0,2,1.0_0.1,50.03257699123022,1.0_0.1,1.0_0.1,"f1,k=2",1
fault_17,2022-07-17 10:53:26.553,True,2022-07-17 10:53:26.653,2022-07-17 10:53:27.653,1.1,detected,1.0,2,1.0_0.1,50.03257699123022,1.0_0.1,1.0_0.1,"f1,k=2",1
fault_18,2022-07-17 10:53:34.639,True,2022-07-17 10:53:34.739,2022-07-17 10:53:35.739,1.1,detected,1.0,3,1.0_0.1,53.24962866134038,1.0_0.1,1.0_0.1,"f1,k=2",1
fault_20,2022-07-17 10:53:52.140,True,2022-07-17 10:53:52.240,2022-07-17 10:53:53.240,1.1,detected,1.0,3,1.0_0.1,53.24962866134038,1.0_0.1,1.0_0.1,"f1,k=2",1
fault_6,2022-07-17 10:51:56.684,True,2022-07-17 10:51:56.784,2022-07-17 10:51:57.784,1.1,detected,1.0,3,1.0_0.1,53.24962866134038,1.0_0.1,1.0_0.1,"f1,k=2",1
fault_8,2022-07-17 10:52:12.567,True,2022-07-17 10:52:12.667,2022-07-17 10:52:13.667,1.1,detected,1.0,3,1.0_0.1,53.24962866134038,1.0_0.1,1.0_0.1,"f1,k=2",1
fault_12,2022-07-17 10:52:45.655,True,2022-07-17 10:52:45.855,2022-07-17 10:52:46.855,1.2,detected,1.0,0,1.0_0.1,48.239298420443966,1.0_0.1,1.0_0.1,NESTED,2
fault_13,2022-07-17 10:52:53.769,True,2022-07-17 10:52:53.969,2022-07-17 10:52:54.969,1.2,detected,1.0,0,1.0_0.1,48.239298420443966,1.0_0.1,1.0_0.1,NESTED,2
fault_20,2022-07-17 10:53:52.140,True,2022-07-17 10:53:52.340,2022-07-17 10:53:53.340,1.2,detected,1.0,0,1.0_0.1,48.239298420443966,1.0_0.1,1.0_0.1,NESTED,2
fault_4,2022-07-17 10:51:39.999,True,2022-07-17 10:51:40.199,2022-07-17 10:51:41.199,1.2,detected,1.0,0,1.0_0.1,48.239298420443966,1.0_0.1,1.0_0.1,NESTED,2
fault_1,2022-07-17 10:51:16.724,True,2022-07-17 10:51:16.824,2022-07-17 10:51:17.824,1.1,detected,1.0,1,1.0_0.1,27.649469116299766,1.0_0.1,1.0_0.1,NESTED,2
fault_14,2022-07-17 10:53:01.909,True,2022-07-17 10:53:02.009,2022-07-17 10:53:03.009,1.1,detected,1.0,1,1.0_0.1,27.649469116299766,1.0_0.1,1.0_0.1,NESTED,2
fault_17,2022-07-17 10:53:26.553,True,2022-07-17 10:53:26.653,2022-07-17 10:53:27.653,1.1,detected,1.0,1,1.0_0.1,27.649469116299766,1.0_0.1,1.0_0.1,NESTED,2
fault_2,2022-07-17 10:51:23.615,True,2022-07-17 10:51:23.715,2022-07-17 10:51:24.715,1.1,detected,1.0,1,1.0_0.1,27.649469116299766,1.0_0.1,1.0_0.1,NESTED,2
fault_16,2022-07-17 10:53:18.444,True,2022-07-17 10:53:18.544,2022-07-17 10:53:19.544,1.1,detected,1.0,2,1.0_0.1,52.71818570047549,1.0_0.1,1.0_0.1,NESTED,2
fault_18,2022-07-17 10:53:34.639,True,2022-07-17 10:53:34.739,2022-07-17 10:53:35.739,1.1,detected,1.0,2,1.0_0.1,52.71818570047549,1.0_0.1,1.0_0.1,NESTED,2
fault_3,2022-07-17 10:51:31.734,True,2022-07-17 10:51:31.934,2022-07-17 10:51:32.934,1.2,detected,1.0,2,1.0_0.1,52.71818570047549,1.0_0.1,1.0_0.1,NESTED,2
fault_6,2022-07-17 10:51:56.684,True,2022-07-17 10:51:56.784,2022-07-17 10:51:57.784,1.1,detected,1.0,2,1.0_0.1,52.71818570047549,1.0_0.1,1.0_0.1,NESTED,2
fault_11,2022-07-17 10:52:38.172,True,2022-07-17 10:52:38.372,2022-07-17 10:52:39.372,1.2,detected,1.0,3,1.0_0.1,34.221565317917936,1.0_0.1,1.0_0.1,NESTED,2
fault_15,2022-07-17 10:53:11.764,True,2022-07-17 10:53:12.764,2022-07-17 10:53:13.764,2.0,detected,1.0,3,1.0_0.1,34.221565317917936,1.0_0.1,1.0_0.1,NESTED,2
fault_7,2022-07-17 10:52:04.407,True,2022-07-17 10:52:04.607,2022-07-17 10:52:05.607,1.2,detected,1.0,3,1.0_0.1,34.221565317917936,1.0_0.1,1.0_0.1,NESTED,2
fault_8,2022-07-17 10:52:12.567,True,2022-07-17 10:52:12.767,2022-07-17 10:52:13.767,1.2,detected,1.0,3,1.0_0.1,34.221565317917936,1.0_0.1,1.0_0.1,NESTED,2
fault_12,2022-07-17 10:52:45.655,True,2022-07-17 10:52:45.655,2022-07-17 10:52:46.655,1.0,detected,1.0,0,1.0_0.1,25.1558982384641,1.0_0.1,1.0_0.1,"q=0.99,k=1",2
fault_13,2022-07-17 10:52:53.769,True,2022-07-17 10:52:53.769,2022-07-17 10:52:54.769,1.0,detected,1.0,0,1.0_0.1,25.1558982384641,1.0_0.1,1.0_0.1,"q=0.99,k=1",2
fault_20,2022-07-17 10:53:52.140,True,2022-07-17 10:53:52.140,2022-07-17 10:53:53.140,1.0,detected,1.0,0,1.0_0.1,25.1558982384641,1.0_0.1,1.0_0.1,"q=0.99,k=1",2
fault_4,2022-07-17 10:51:39.999,True,2022-07-17 10:51:39.999,2022-07-17 10:51:40.999,1.0,detected,1.0,0,1.0_0.1,25.1558982384641,1.0_0.1,1.0_0.1,"q=0.99,k=1",2
fault_1,2022-07-17 10:51:16.724,True,2022-07-17 10:51:16.724,2022-07-17 10:51:17.724,1.0,detected,1.0,1,1.0_0.1,21.61354358105576,1.0_0.1,1.0_0.1,"q=0.99,k=1",2
fault_14,2022-07-17 10:53:01.909,True,2022-07-17 10:53:01.909,2022-07-17 10:53:02.909,1.0,detected,1.0,1,1.0_0.1,21.61354358105576,1.0_0.1,1.0_0.1,"q=0.99,k=1",2
fault_17,2022-07-17 10:53:26.553,True,2022-07-17 10:53:26.553,2022-07-17 10:53:27.553,1.0,detected,1.0,1,1.0_0.1,21.61354358105576,1.0_0.1,1.0_0.1,"q=0.99,k=1",2
fault_2,2022-07-17 10:51:23.615,True,2022-07-17 10:51:23.615,2022-07-17 10:51:24.615,1.0,detected,1.0,1,1.0_0.1,21.61354358105576,1.0_0.1,1.0_0.1,"q=0.99,k=1",2
fault_16,2022-07-17 10:53:18.444,True,2022-07-17 10:53:18.444,2022-07-17 10:53:19.444,1.0,detected,1.0,2,1.0_0.1,34.97048244887309,1.0_0.1,1.0_0.1,"q=0.99,k=1",2
fault_18,2022-07-17 10:53:34.639,True,2022-07-17 10:53:34.639,2022-07-17 10:53:35.639,1.0,detected,1.0,2,1.0_0.1,34.97048244887309,1.0_0.1,1.0_0.1,"q=0.99,k=1",2
fault_3,2022-07-17 10:51:31.734,True,2022-07-17 10:51:31.734,2022-07-17 10:51:32.734,1.0,detected,1.0,2,1.0_0.1,34.97048244887309,1.0_0.1,1.0_0.1,"q=0.99,k=1",2
fault_6,2022-07-17 10:51:56.684,True,2022-07-17 10:51:56.684,2022-07-17 10:51:57.684,1.0,detected,1.0,2,1.0_0.1,34.97048244887309,1.0_0.1,1.0_0.1,"q=0.99,k=1",2
fault_11,2022-07-17 10:52:38.172,True,2022-07-17 10:52:38.172,2022-07-17 10:52:39.172,1.0,detected,1.0,3,1.0_0.1,24.528193121502966,1.0_0.1,1.0_0.1,"q=0.99,k=1",2
fault_15,2022-07-17 10:53:11.764,True,2022-07-17 10:53:12.264,2022-07-17 10:53:13.264,1.5,detected,1.0,3,1.0_0.1,24.528193121502966,1.0_0.1,1.0_0.1,"q=0.99,k=1",2
fault_7,2022-07-17 10:52:04.407,True,2022-07-17 10:52:04.407,2022-07-17 10:52:05.407,1.0,detected,1.0,3,1.0_0.1,24.528193121502966,1.0_0.1,1.0_0.1,"q=0.99,k=1",2
fault_8,2022-07-17 10:52:12.567,True,2022-07-17 10:52:12.567,2022-07-17 10:52:13.567,1.0,detected,1.0,3,1.0_0.1,24.528193121502966,1.0_0.1,1.0_0.1,"q=0.99,k=1",2
fault_12,2022-07-17 10:52:45.655,True,2022-07-17 10:52:45.755,2022-07-17 10:52:46.755,1.1,detected,1.0,0,1.0_0.1,25.1558982384641,1.0_0.1,1.0_0.1,"q=0.99,k=2",2
fault_13,2022-07-17 10:52:53.769,True,2022-07-17 10:52:53.869,2022-07-17 10:52:54.869,1.1,detected,1.0,0,1.0_0.1,25.1558982384641,1.0_0.1,1.0_0.1,"q=0.99,k=2",2
fault_20,2022-07-17 10:53:52.140,True,2022-07-17 10:53:52.240,2022-07-17 10:53:53.240,1.1,detected,1.0,0,1.0_0.1,25.1558982384641,1.0_0.1,1.0_0.1,"q=0.99,k=2",2
fault_4,2022-07-17 10:51:39.999,True,2022-07-17 10:51:40.099,2022-07-17 10:51:41.099,1.1,detected,1.0,0,1.0_0.1,25.1558982384641,1.0_0.1,1.0_0.1,"q=0.99,k=2",2
fault_1,2022-07-17 10:51:16.724,True,2022-07-17 10:51:16.824,2022-07-17 10:51:17.824,1.1,detected,1.0,1,1.0_0.1,21.61354358105576,1.0_0.1,1.0_0.1,"q=0.99,k=2",2
fault_14,2022-07-17 10:53:01.909,True,2022-07-17 10:53:02.009,2022-07-17 10:53:03.009,1.1,detected,1.0,1,1.0_0.1,21.61354358105576,1.0_0.1,1.0_0.1,"q=0.99,k=2",2
fault_17,2022-07-17 10:53:26.553,True,2022-07-17 10:53:26.653,2022-07-17 10:53:27.653,1.1,detected,1.0,1,1.0_0.1,21.61354358105576,1.0_0.1,1.0_0.1,"q=0.99,k=2",2
fault_2,2022-07-17 10:51:23.615,True,2022-07-17 10:51:23.715,2022-07-17 10:51:24.715,1.1,detected,1.0,1,1.0_0.1,21.61354358105576,1.0_0.1,1.0_0.1,"q=0.99,k=2",2
fault_16,2022-07-17 10:53:18.444,True,2022-07-17 10:53:18.544,2022-07-17 10:53:19.544,1.1,detected,1.0,2,1.0_0.1,34.97048244887309,1.0_0.1,1.0_0.1,"q=0.99,k=2",2
fault_18,2022-07-17 10:53:34.639,True,2022-07-17 10:53:34.739,2022-07-17 10:53:35.739,1.1,detected,1.0,2,1.0_0.1,34.97048244887309,1.0_0.1,1.0_0.1,"q=0.99,k=2",2
fault_3,2022-07-17 10:51:31.734,True,2022-07-17 10:51:31.834,2022-07-17 10:51:32.834,1.1,detected,1.0,2,1.0_0.1,34.97048244887309,1.0_0.1,1.0_0.1,"q=0.99,k=2",2
fault_6,2022-07-17 10:51:56.684,True,2022-07-17 10:51:56.784,2022-07-17 10:51:57.784,1.1,detected,1.0,2,1.0_0.1,34.97048244887309,1.0_0.1,1.0_0.1,"q=0.99,k=2",2
fault_11,2022-07-17 10:52:38.172,True,2022-07-17 10:52:38.272,2022-07-17 10:52:39.272,1.1,detected,1.0,3,1.0_0.1,24.528193121502966,1.0_0.1,1.0_0.1,"q=0.99,k=2",2
fault_15,2022-07-17 10:53:11.764,True,2022-07-17 10:53:12.364,2022-07-17 10:53:13.364,1.6,detected,1.0,3,1.0_0.1,24.528193121502966,1.0_0.1,1.0_0.1,"q=0.99,k=2",2
fault_7,2022-07-17 10:52:04.407,True,2022-07-17 10:52:04.507,2022-07-17 10:52:05.507,1.1,detected,1.0,3,1.0_0.1,24.528193121502966,1.0_0.1,1.0_0.1,"q=0.99,k=2",2
fault_8,2022-07-17 10:52:12.567,True,2022-07-17 10:52:12.667,2022-07-17 10:52:13.667,1.1,detected,1.0,3,1.0_0.1,24.528193121502966,1.0_0.1,1.0_0.1,"q=0.99,k=2",2
fault_12,2022-07-17 10:52:45.655,True,2022-07-17 10:52:45.855,2022-07-17 10:52:46.855,1.2,detected,1.0,0,1.0_0.1,25.1558982384641,1.0_0.1,1.0_0.1,"q=0.99,k=3",2
fault_13,2022-07-17 10:52:53.769,True,2022-07-17 10:52:53.969,2022-07-17 10:52:54.969,1.2,detected,1.0,0,1.0_0.1,25.1558982384641,1.0_0.1,1.0_0.1,"q=0.99,k=3",2
fault_20,2022-07-17 10:53:52.140,True,2022-07-17 10:53:52.340,2022-07-17 10:53:53.340,1.2,detected,1.0,0,1.0_0.1,25.1558982384641,1.0_0.1,1.0_0.1,"q=0.99,k=3",2
fault_4,2022-07-17 10:51:39.999,True,2022-07-17 10:51:40.199,2022-07-17 10:51:41.199,1.2,detected,1.0,0,1.0_0.1,25.1558982384641,1.0_0.1,1.0_0.1,"q=0.99,k=3",2
fault_1,2022-07-17 10:51:16.724,True,2022-07-17 10:51:16.924,2022-07-17 10:51:17.924,1.2,detected,1.0,1,1.0_0.1,21.61354358105576,1.0_0.1,1.0_0.1,"q=0.99,k=3",2
fault_14,2022-07-17 10:53:01.909,True,2022-07-17 10:53:02.109,2022-07-17 10:53:03.109,1.2,detected,1.0,1,1.0_0.1,21.61354358105576,1.0_0.1,1.0_0.1,"q=0.99,k=3",2
fault_17,2022-07-17 10:53:26.553,True,2022-07-17 10:53:26.753,2022-07-17 10:53:27.753,1.2,detected,1.0,1,1.0_0.1,21.61354358105576,1.0_0.1,1.0_0.1,"q=0.99,k=3",2
fault_2,2022-07-17 10:51:23.615,True,2022-07-17 10:51:23.815,2022-07-17 10:51:24.815,1.2,detected,1.0,1,1.0_0.1,21.61354358105576,1.0_0.1,1.0_0.1,"q=0.99,k=3",2
fault_16,2022-07-17 10:53:18.444,True,2022-07-17 10:53:18.644,2022-07-17 10:53:19.644,1.2,detected,1.0,2,1.0_0.1,34.97048244887309,1.0_0.1,1.0_0.1,"q=0.99,k=3",2
fault_18,2022-07-17 10:53:34.639,True,2022-07-17 10:53:34.839,2022-07-17 10:53:35.839,1.2,detected,1.0,2,1.0_0.1,34.97048244887309,1.0_0.1,1.0_0.1,"q=0.99,k=3",2
fault_3,2022-07-17 10:51:31.734,True,2022-07-17 10:51:31.934,2022-07-17 10:51:32.934,1.2,detected,1.0,2,1.0_0.1,34.97048244887309,1.0_0.1,1.0_0.1,"q=0.99,k=3",2
fault_6,2022-07-17 10:51:56.684,True,2022-07-17 10:51:56.884,2022-07-17 10:51:57.884,1.2,detected,1.0,2,1.0_0.1,34.97048244887309,1.0_0.1,1.0_0.1,"q=0.99,k=3",2
fault_11,2022-07-17 10:52:38.172,True,2022-07-17 10:52:38.372,2022-07-17 10:52:39.372,1.2,detected,1.0,3,1.0_0.1,24.528193121502966,1.0_0.1,1.0_0.1,"q=0.99,k=3",2
fault_15,2022-07-17 10:53:11.764,True,2022-07-17 10:53:12.464,2022-07-17 10:53:13.464,1.7,detected,1.0,3,1.0_0.1,24.528193121502966,1.0_0.1,1.0_0.1,"q=0.99,k=3",2
fault_7,2022-07-17 10:52:04.407,True,2022-07-17 10:52:04.607,2022-07-17 10:52:05.607,1.2,detected,1.0,3,1.0_0.1,24.528193121502966,1.0_0.1,1.0_0.1,"q=0.99,k=3",2
fault_8,2022-07-17 10:52:12.567,True,2022-07-17 10:52:12.767,2022-07-17 10:52:13.767,1.2,detected,1.0,3,1.0_0.1,24.528193121502966,1.0_0.1,1.0_0.1,"q=0.99,k=3",2
fault_12,2022-07-17 10:52:45.655,True,2022-07-17 10:52:45.655,2022-07-17 10:52:46.655,1.0,detected,1.0,0,1.0_0.1,28.702213958637287,1.0_0.1,1.0_0.1,"q=0.995,k=1",2
fault_13,2022-07-17 10:52:53.769,True,2022-07-17 10:52:53.769,2022-07-17 10:52:54.769,1.0,detected,1.0,0,1.0_0.1,28.702213958637287,1.0_0.1,1.0_0.1,"q=0.995,k=1",2
fault_20,2022-07-17 10:53:52.140,True,2022-07-17 10:53:52.140,2022-07-17 10:53:53.140,1.0,detected,1.0,0,1.0_0.1,28.702213958637287,1.0_0.1,1.0_0.1,"q=0.995,k=1",2
fault_4,2022-07-17 10:51:39.999,True,2022-07-17 10:51:39.999,2022-07-17 10:51:40.999,1.0,detected,1.0,0,1.0_0.1,28.702213958637287,1.0_0.1,1.0_0.1,"q=0.995,k=1",2
fault_1,2022-07-17 10:51:16.724,True,2022-07-17 10:51:16.724,2022-07-17 10:51:17.724,1.0,detected,1.0,1,1.0_0.1,22.96791423607586,1.0_0.1,1.0_0.1,"q=0.995,k=1",2
fault_14,2022-07-17 10:53:01.909,True,2022-07-17 10:53:01.909,2022-07-17 10:53:02.909,1.0,detected,1.0,1,1.0_0.1,22.96791423607586,1.0_0.1,1.0_0.1,"q=0.995,k=1",2
fault_17,2022-07-17 10:53:26.553,True,2022-07-17 10:53:26.553,2022-07-17 10:53:27.553,1.0,detected,1.0,1,1.0_0.1,22.96791423607586,1.0_0.1,1.0_0.1,"q=0.995,k=1",2
fault_2,2022-07-17 10:51:23.615,True,2022-07-17 10:51:23.615,2022-07-17 10:51:24.615,1.0,detected,1.0,1,1.0_0.1,22.96791423607586,1.0_0.1,1.0_0.1,"q=0.995,k=1",2
fault_16,2022-07-17 10:53:18.444,True,2022-07-17 10:53:18.444,2022-07-17 10:53:19.444,1.0,detected,1.0,2,1.0_0.1,45.9809823650598,1.0_0.1,1.0_0.1,"q=0.995,k=1",2
fault_18,2022-07-17 10:53:34.639,True,2022-07-17 10:53:34.639,2022-07-17 10:53:35.639,1.0,detected,1.0,2,1.0_0.1,45.9809823650598,1.0_0.1,1.0_0.1,"q=0.995,k=1",2
fault_3,2022-07-17 10:51:31.734,True,2022-07-17 10:51:31.734,2022-07-17 10:51:32.734,1.0,detected,1.0,2,1.0_0.1,45.9809823650598,1.0_0.1,1.0_0.1,"q=0.995,k=1",2
fault_6,2022-07-17 10:51:56.684,True,2022-07-17 10:51:56.684,2022-07-17 10:51:57.684,1.0,detected,1.0,2,1.0_0.1,45.9809823650598,1.0_0.1,1.0_0.1,"q=0.995,k=1",2
fault_11,2022-07-17 10:52:38.172,True,2022-07-17 10:52:38.172,2022-07-17 10:52:39.172,1.0,detected,1.0,3,1.0_0.1,26.136869781262153,1.0_0.1,1.0_0.1,"q=0.995,k=1",2
fault_15,2022-07-17 10:53:11.764,True,2022-07-17 10:53:12.264,2022-07-17 10:53:13.264,1.5,detected,1.0,3,1.0_0.1,26.136869781262153,1.0_0.1,1.0_0.1,"q=0.995,k=1",2
fault_7,2022-07-17 10:52:04.407,True,2022-07-17 10:52:04.407,2022-07-17 10:52:05.407,1.0,detected,1.0,3,1.0_0.1,26.136869781262153,1.0_0.1,1.0_0.1,"q=0.995,k=1",2
fault_8,2022-07-17 10:52:12.567,True,2022-07-17 10:52:12.567,2022-07-17 10:52:13.567,1.0,detected,1.0,3,1.0_0.1,26.136869781262153,1.0_0.1,1.0_0.1,"q=0.995,k=1",2
fault_12,2022-07-17 10:52:45.655,True,2022-07-17 10:52:45.755,2022-07-17 10:52:46.755,1.1,detected,1.0,0,1.0_0.1,28.702213958637287,1.0_0.1,1.0_0.1,"q=0.995,k=2",2
fault_13,2022-07-17 10:52:53.769,True,2022-07-17 10:52:53.869,2022-07-17 10:52:54.869,1.1,detected,1.0,0,1.0_0.1,28.702213958637287,1.0_0.1,1.0_0.1,"q=0.995,k=2",2
fault_20,2022-07-17 10:53:52.140,True,2022-07-17 10:53:52.240,2022-07-17 10:53:53.240,1.1,detected,1.0,0,1.0_0.1,28.702213958637287,1.0_0.1,1.0_0.1,"q=0.995,k=2",2
fault_4,2022-07-17 10:51:39.999,True,2022-07-17 10:51:40.099,2022-07-17 10:51:41.099,1.1,detected,1.0,0,1.0_0.1,28.702213958637287,1.0_0.1,1.0_0.1,"q=0.995,k=2",2
fault_1,2022-07-17 10:51:16.724,True,2022-07-17 10:51:16.824,2022-07-17 10:51:17.824,1.1,detected,1.0,1,1.0_0.1,22.96791423607586,1.0_0.1,1.0_0.1,"q=0.995,k=2",2
fault_14,2022-07-17 10:53:01.909,True,2022-07-17 10:53:02.009,2022-07-17 10:53:03.009,1.1,detected,1.0,1,1.0_0.1,22.96791423607586,1.0_0.1,1.0_0.1,"q=0.995,k=2",2
fault_17,2022-07-17 10:53:26.553,True,2022-07-17 10:53:26.653,2022-07-17 10:53:27.653,1.1,detected,1.0,1,1.0_0.1,22.96791423607586,1.0_0.1,1.0_0.1,"q=0.995,k=2",2
fault_2,2022-07-17 10:51:23.615,True,2022-07-17 10:51:23.715,2022-07-17 10:51:24.715,1.1,detected,1.0,1,1.0_0.1,22.96791423607586,1.0_0.1,1.0_0.1,"q=0.995,k=2",2
fault_16,2022-07-17 10:53:18.444,True,2022-07-17 10:53:18.544,2022-07-17 10:53:19.544,1.1,detected,1.0,2,1.0_0.1,45.9809823650598,1.0_0.1,1.0_0.1,"q=0.995,k=2",2
fault_18,2022-07-17 10:53:34.639,True,2022-07-17 10:53:34.739,2022-07-17 10:53:35.739,1.1,detected,1.0,2,1.0_0.1,45.9809823650598,1.0_0.1,1.0_0.1,"q=0.995,k=2",2
fault_3,2022-07-17 10:51:31.734,True,2022-07-17 10:51:31.834,2022-07-17 10:51:32.834,1.1,detected,1.0,2,1.0_0.1,45.9809823650598,1.0_0.1,1.0_0.1,"q=0.995,k=2",2
fault_6,2022-07-17 10:51:56.684,True,2022-07-17 10:51:56.784,2022-07-17 10:51:57.784,1.1,detected,1.0,2,1.0_0.1,45.9809823650598,1.0_0.1,1.0_0.1,"q=0.995,k=2",2
fault_11,2022-07-17 10:52:38.172,True,2022-07-17 10:52:38.272,2022-07-17 10:52:39.272,1.1,detected,1.0,3,1.0_0.1,26.136869781262153,1.0_0.1,1.0_0.1,"q=0.995,k=2",2
fault_15,2022-07-17 10:53:11.764,True,2022-07-17 10:53:12.364,2022-07-17 10:53:13.364,1.6,detected,1.0,3,1.0_0.1,26.136869781262153,1.0_0.1,1.0_0.1,"q=0.995,k=2",2
fault_7,2022-07-17 10:52:04.407,True,2022-07-17 10:52:04.507,2022-07-17 10:52:05.507,1.1,detected,1.0,3,1.0_0.1,26.136869781262153,1.0_0.1,1.0_0.1,"q=0.995,k=2",2
fault_8,2022-07-17 10:52:12.567,True,2022-07-17 10:52:12.667,2022-07-17 10:52:13.667,1.1,detected,1.0,3,1.0_0.1,26.136869781262153,1.0_0.1,1.0_0.1,"q=0.995,k=2",2
fault_12,2022-07-17 10:52:45.655,True,2022-07-17 10:52:45.855,2022-07-17 10:52:46.855,1.2,detected,1.0,0,1.0_0.1,28.702213958637287,1.0_0.1,1.0_0.1,"q=0.995,k=3",2
fault_13,2022-07-17 10:52:53.769,True,2022-07-17 10:52:53.969,2022-07-17 10:52:54.969,1.2,detected,1.0,0,1.0_0.1,28.702213958637287,1.0_0.1,1.0_0.1,"q=0.995,k=3",2
fault_20,2022-07-17 10:53:52.140,True,2022-07-17 10:53:52.340,2022-07-17 10:53:53.340,1.2,detected,1.0,0,1.0_0.1,28.702213958637287,1.0_0.1,1.0_0.1,"q=0.995,k=3",2
fault_4,2022-07-17 10:51:39.999,True,2022-07-17 10:51:40.199,2022-07-17 10:51:41.199,1.2,detected,1.0,0,1.0_0.1,28.702213958637287,1.0_0.1,1.0_0.1,"q=0.995,k=3",2
fault_1,2022-07-17 10:51:16.724,True,2022-07-17 10:51:16.924,2022-07-17 10:51:17.924,1.2,detected,1.0,1,1.0_0.1,22.96791423607586,1.0_0.1,1.0_0.1,"q=0.995,k=3",2
fault_14,2022-07-17 10:53:01.909,True,2022-07-17 10:53:02.109,2022-07-17 10:53:03.109,1.2,detected,1.0,1,1.0_0.1,22.96791423607586,1.0_0.1,1.0_0.1,"q=0.995,k=3",2
fault_17,2022-07-17 10:53:26.553,True,2022-07-17 10:53:26.753,2022-07-17 10:53:27.753,1.2,detected,1.0,1,1.0_0.1,22.96791423607586,1.0_0.1,1.0_0.1,"q=0.995,k=3",2
fault_2,2022-07-17 10:51:23.615,True,2022-07-17 10:51:23.815,2022-07-17 10:51:24.815,1.2,detected,1.0,1,1.0_0.1,22.96791423607586,1.0_0.1,1.0_0.1,"q=0.995,k=3",2
fault_16,2022-07-17 10:53:18.444,True,2022-07-17 10:53:18.644,2022-07-17 10:53:19.644,1.2,detected,1.0,2,1.0_0.1,45.9809823650598,1.0_0.1,1.0_0.1,"q=0.995,k=3",2
fault_18,2022-07-17 10:53:34.639,True,2022-07-17 10:53:34.839,2022-07-17 10:53:35.839,1.2,detected,1.0,2,1.0_0.1,45.9809823650598,1.0_0.1,1.0_0.1,"q=0.995,k=3",2
fault_3,2022-07-17 10:51:31.734,True,2022-07-17 10:51:31.934,2022-07-17 10:51:32.934,1.2,detected,1.0,2,1.0_0.1,45.9809823650598,1.0_0.1,1.0_0.1,"q=0.995,k=3",2
fault_6,2022-07-17 10:51:56.684,True,2022-07-17 10:51:56.884,2022-07-17 10:51:57.884,1.2,detected,1.0,2,1.0_0.1,45.9809823650598,1.0_0.1,1.0_0.1,"q=0.995,k=3",2
fault_11,2022-07-17 10:52:38.172,True,2022-07-17 10:52:38.372,2022-07-17 10:52:39.372,1.2,detected,1.0,3,1.0_0.1,26.136869781262153,1.0_0.1,1.0_0.1,"q=0.995,k=3",2
fault_15,2022-07-17 10:53:11.764,True,2022-07-17 10:53:12.464,2022-07-17 10:53:13.464,1.7,detected,1.0,3,1.0_0.1,26.136869781262153,1.0_0.1,1.0_0.1,"q=0.995,k=3",2
fault_7,2022-07-17 10:52:04.407,True,2022-07-17 10:52:04.607,2022-07-17 10:52:05.607,1.2,detected,1.0,3,1.0_0.1,26.136869781262153,1.0_0.1,1.0_0.1,"q=0.995,k=3",2
fault_8,2022-07-17 10:52:12.567,True,2022-07-17 10:52:12.767,2022-07-17 10:52:13.767,1.2,detected,1.0,3,1.0_0.1,26.136869781262153,1.0_0.1,1.0_0.1,"q=0.995,k=3",2
fault_12,2022-07-17 10:52:45.655,True,2022-07-17 10:52:45.655,2022-07-17 10:52:46.655,1.0,detected,1.0,0,1.0_0.1,35.15443523362751,1.0_0.1,1.0_0.1,"q=0.998,k=1",2
fault_13,2022-07-17 10:52:53.769,True,2022-07-17 10:52:53.769,2022-07-17 10:52:54.769,1.0,detected,1.0,0,1.0_0.1,35.15443523362751,1.0_0.1,1.0_0.1,"q=0.998,k=1",2
fault_20,2022-07-17 10:53:52.140,True,2022-07-17 10:53:52.140,2022-07-17 10:53:53.140,1.0,detected,1.0,0,1.0_0.1,35.15443523362751,1.0_0.1,1.0_0.1,"q=0.998,k=1",2
fault_4,2022-07-17 10:51:39.999,True,2022-07-17 10:51:39.999,2022-07-17 10:51:40.999,1.0,detected,1.0,0,1.0_0.1,35.15443523362751,1.0_0.1,1.0_0.1,"q=0.998,k=1",2
fault_1,2022-07-17 10:51:16.724,True,2022-07-17 10:51:16.724,2022-07-17 10:51:17.724,1.0,detected,1.0,1,1.0_0.1,25.638549589086978,1.0_0.1,1.0_0.1,"q=0.998,k=1",2
fault_14,2022-07-17 10:53:01.909,True,2022-07-17 10:53:01.909,2022-07-17 10:53:02.909,1.0,detected,1.0,1,1.0_0.1,25.638549589086978,1.0_0.1,1.0_0.1,"q=0.998,k=1",2
fault_17,2022-07-17 10:53:26.553,True,2022-07-17 10:53:26.553,2022-07-17 10:53:27.553,1.0,detected,1.0,1,1.0_0.1,25.638549589086978,1.0_0.1,1.0_0.1,"q=0.998,k=1",2
fault_2,2022-07-17 10:51:23.615,True,2022-07-17 10:51:23.615,2022-07-17 10:51:24.615,1.0,detected,1.0,1,1.0_0.1,25.638549589086978,1.0_0.1,1.0_0.1,"q=0.998,k=1",2
fault_16,2022-07-17 10:53:18.444,True,2022-07-17 10:53:18.444,2022-07-17 10:53:19.444,1.0,detected,1.0,2,1.0_0.1,51.264639864873544,1.0_0.1,1.0_0.1,"q=0.998,k=1",2
fault_18,2022-07-17 10:53:34.639,True,2022-07-17 10:53:34.639,2022-07-17 10:53:35.639,1.0,detected,1.0,2,1.0_0.1,51.264639864873544,1.0_0.1,1.0_0.1,"q=0.998,k=1",2
fault_3,2022-07-17 10:51:31.734,True,2022-07-17 10:51:31.734,2022-07-17 10:51:32.734,1.0,detected,1.0,2,1.0_0.1,51.264639864873544,1.0_0.1,1.0_0.1,"q=0.998,k=1",2
fault_6,2022-07-17 10:51:56.684,True,2022-07-17 10:51:56.684,2022-07-17 10:51:57.684,1.0,detected,1.0,2,1.0_0.1,51.264639864873544,1.0_0.1,1.0_0.1,"q=0.998,k=1",2
fault_11,2022-07-17 10:52:38.172,True,2022-07-17 10:52:38.172,2022-07-17 10:52:39.172,1.0,detected,1.0,3,1.0_0.1,29.922652715278662,1.0_0.1,1.0_0.1,"q=0.998,k=1",2
fault_15,2022-07-17 10:53:11.764,True,2022-07-17 10:53:12.264,2022-07-17 10:53:13.264,1.5,detected,1.0,3,1.0_0.1,29.922652715278662,1.0_0.1,1.0_0.1,"q=0.998,k=1",2
fault_7,2022-07-17 10:52:04.407,True,2022-07-17 10:52:04.407,2022-07-17 10:52:05.407,1.0,detected,1.0,3,1.0_0.1,29.922652715278662,1.0_0.1,1.0_0.1,"q=0.998,k=1",2
fault_8,2022-07-17 10:52:12.567,True,2022-07-17 10:52:12.567,2022-07-17 10:52:13.567,1.0,detected,1.0,3,1.0_0.1,29.922652715278662,1.0_0.1,1.0_0.1,"q=0.998,k=1",2
fault_12,2022-07-17 10:52:45.655,True,2022-07-17 10:52:45.755,2022-07-17 10:52:46.755,1.1,detected,1.0,0,1.0_0.1,35.15443523362751,1.0_0.1,1.0_0.1,"q=0.998,k=2",2
fault_13,2022-07-17 10:52:53.769,True,2022-07-17 10:52:53.869,2022-07-17 10:52:54.869,1.1,detected,1.0,0,1.0_0.1,35.15443523362751,1.0_0.1,1.0_0.1,"q=0.998,k=2",2
fault_20,2022-07-17 10:53:52.140,True,2022-07-17 10:53:52.240,2022-07-17 10:53:53.240,1.1,detected,1.0,0,1.0_0.1,35.15443523362751,1.0_0.1,1.0_0.1,"q=0.998,k=2",2
fault_4,2022-07-17 10:51:39.999,True,2022-07-17 10:51:40.099,2022-07-17 10:51:41.099,1.1,detected,1.0,0,1.0_0.1,35.15443523362751,1.0_0.1,1.0_0.1,"q=0.998,k=2",2
fault_1,2022-07-17 10:51:16.724,True,2022-07-17 10:51:16.824,2022-07-17 10:51:17.824,1.1,detected,1.0,1,1.0_0.1,25.638549589086978,1.0_0.1,1.0_0.1,"q=0.998,k=2",2
fault_14,2022-07-17 10:53:01.909,True,2022-07-17 10:53:02.009,2022-07-17 10:53:03.009,1.1,detected,1.0,1,1.0_0.1,25.638549589086978,1.0_0.1,1.0_0.1,"q=0.998,k=2",2
fault_17,2022-07-17 10:53:26.553,True,2022-07-17 10:53:26.653,2022-07-17 10:53:27.653,1.1,detected,1.0,1,1.0_0.1,25.638549589086978,1.0_0.1,1.0_0.1,"q=0.998,k=2",2
fault_2,2022-07-17 10:51:23.615,True,2022-07-17 10:51:23.715,2022-07-17 10:51:24.715,1.1,detected,1.0,1,1.0_0.1,25.638549589086978,1.0_0.1,1.0_0.1,"q=0.998,k=2",2
fault_16,2022-07-17 10:53:18.444,True,2022-07-17 10:53:18.544,2022-07-17 10:53:19.544,1.1,detected,1.0,2,1.0_0.1,51.264639864873544,1.0_0.1,1.0_0.1,"q=0.998,k=2",2
fault_18,2022-07-17 10:53:34.639,True,2022-07-17 10:53:34.739,2022-07-17 10:53:35.739,1.1,detected,1.0,2,1.0_0.1,51.264639864873544,1.0_0.1,1.0_0.1,"q=0.998,k=2",2
fault_3,2022-07-17 10:51:31.734,True,2022-07-17 10:51:31.834,2022-07-17 10:51:32.834,1.1,detected,1.0,2,1.0_0.1,51.264639864873544,1.0_0.1,1.0_0.1,"q=0.998,k=2",2
fault_6,2022-07-17 10:51:56.684,True,2022-07-17 10:51:56.784,2022-07-17 10:51:57.784,1.1,detected,1.0,2,1.0_0.1,51.264639864873544,1.0_0.1,1.0_0.1,"q=0.998,k=2",2
fault_11,2022-07-17 10:52:38.172,True,2022-07-17 10:52:38.272,2022-07-17 10:52:39.272,1.1,detected,1.0,3,1.0_0.1,29.922652715278662,1.0_0.1,1.0_0.1,"q=0.998,k=2",2
fault_15,2022-07-17 10:53:11.764,True,2022-07-17 10:53:12.364,2022-07-17 10:53:13.364,1.6,detected,1.0,3,1.0_0.1,29.922652715278662,1.0_0.1,1.0_0.1,"q=0.998,k=2",2
fault_7,2022-07-17 10:52:04.407,True,2022-07-17 10:52:04.507,2022-07-17 10:52:05.507,1.1,detected,1.0,3,1.0_0.1,29.922652715278662,1.0_0.1,1.0_0.1,"q=0.998,k=2",2
fault_8,2022-07-17 10:52:12.567,True,2022-07-17 10:52:12.667,2022-07-17 10:52:13.667,1.1,detected,1.0,3,1.0_0.1,29.922652715278662,1.0_0.1,1.0_0.1,"q=0.998,k=2",2
fault_12,2022-07-17 10:52:45.655,True,2022-07-17 10:52:45.855,2022-07-17 10:52:46.855,1.2,detected,1.0,0,1.0_0.1,35.15443523362751,1.0_0.1,1.0_0.1,"q=0.998,k=3",2
fault_13,2022-07-17 10:52:53.769,True,2022-07-17 10:52:53.969,2022-07-17 10:52:54.969,1.2,detected,1.0,0,1.0_0.1,35.15443523362751,1.0_0.1,1.0_0.1,"q=0.998,k=3",2
fault_20,2022-07-17 10:53:52.140,True,2022-07-17 10:53:52.340,2022-07-17 10:53:53.340,1.2,detected,1.0,0,1.0_0.1,35.15443523362751,1.0_0.1,1.0_0.1,"q=0.998,k=3",2
fault_4,2022-07-17 10:51:39.999,True,2022-07-17 10:51:40.199,2022-07-17 10:51:41.199,1.2,detected,1.0,0,1.0_0.1,35.15443523362751,1.0_0.1,1.0_0.1,"q=0.998,k=3",2
fault_1,2022-07-17 10:51:16.724,True,2022-07-17 10:51:16.924,2022-07-17 10:51:17.924,1.2,detected,1.0,1,1.0_0.1,25.638549589086978,1.0_0.1,1.0_0.1,"q=0.998,k=3",2
fault_14,2022-07-17 10:53:01.909,True,2022-07-17 10:53:02.109,2022-07-17 10:53:03.109,1.2,detected,1.0,1,1.0_0.1,25.638549589086978,1.0_0.1,1.0_0.1,"q=0.998,k=3",2
fault_17,2022-07-17 10:53:26.553,True,2022-07-17 10:53:26.753,2022-07-17 10:53:27.753,1.2,detected,1.0,1,1.0_0.1,25.638549589086978,1.0_0.1,1.0_0.1,"q=0.998,k=3",2
fault_2,2022-07-17 10:51:23.615,True,2022-07-17 10:51:23.815,2022-07-17 10:51:24.815,1.2,detected,1.0,1,1.0_0.1,25.638549589086978,1.0_0.1,1.0_0.1,"q=0.998,k=3",2
fault_16,2022-07-17 10:53:18.444,True,2022-07-17 10:53:18.644,2022-07-17 10:53:19.644,1.2,detected,1.0,2,1.0_0.1,51.264639864873544,1.0_0.1,1.0_0.1,"q=0.998,k=3",2
fault_18,2022-07-17 10:53:34.639,True,2022-07-17 10:53:34.839,2022-07-17 10:53:35.839,1.2,detected,1.0,2,1.0_0.1,51.264639864873544,1.0_0.1,1.0_0.1,"q=0.998,k=3",2
fault_3,2022-07-17 10:51:31.734,True,2022-07-17 10:51:31.934,2022-07-17 10:51:32.934,1.2,detected,1.0,2,1.0_0.1,51.264639864873544,1.0_0.1,1.0_0.1,"q=0.998,k=3",2
fault_6,2022-07-17 10:51:56.684,True,2022-07-17 10:51:56.884,2022-07-17 10:51:57.884,1.2,detected,1.0,2,1.0_0.1,51.264639864873544,1.0_0.1,1.0_0.1,"q=0.998,k=3",2
fault_11,2022-07-17 10:52:38.172,True,2022-07-17 10:52:38.372,2022-07-17 10:52:39.372,1.2,detected,1.0,3,1.0_0.1,29.922652715278662,1.0_0.1,1.0_0.1,"q=0.998,k=3",2
fault_15,2022-07-17 10:53:11.764,True,2022-07-17 10:53:12.464,2022-07-17 10:53:13.464,1.7,detected,1.0,3,1.0_0.1,29.922652715278662,1.0_0.1,1.0_0.1,"q=0.998,k=3",2
fault_7,2022-07-17 10:52:04.407,True,2022-07-17 10:52:04.607,2022-07-17 10:52:05.607,1.2,detected,1.0,3,1.0_0.1,29.922652715278662,1.0_0.1,1.0_0.1,"q=0.998,k=3",2
fault_8,2022-07-17 10:52:12.567,True,2022-07-17 10:52:12.767,2022-07-17 10:52:13.767,1.2,detected,1.0,3,1.0_0.1,29.922652715278662,1.0_0.1,1.0_0.1,"q=0.998,k=3",2
fault_12,2022-07-17 10:52:45.655,True,2022-07-17 10:52:45.655,2022-07-17 10:52:46.655,1.0,detected,1.0,0,1.0_0.1,39.56480031845002,1.0_0.1,1.0_0.1,"q=0.999,k=1",2
fault_13,2022-07-17 10:52:53.769,True,2022-07-17 10:52:53.769,2022-07-17 10:52:54.769,1.0,detected,1.0,0,1.0_0.1,39.56480031845002,1.0_0.1,1.0_0.1,"q=0.999,k=1",2
fault_20,2022-07-17 10:53:52.140,True,2022-07-17 10:53:52.140,2022-07-17 10:53:53.140,1.0,detected,1.0,0,1.0_0.1,39.56480031845002,1.0_0.1,1.0_0.1,"q=0.999,k=1",2
fault_4,2022-07-17 10:51:39.999,True,2022-07-17 10:51:39.999,2022-07-17 10:51:40.999,1.0,detected,1.0,0,1.0_0.1,39.56480031845002,1.0_0.1,1.0_0.1,"q=0.999,k=1",2
fault_1,2022-07-17 10:51:16.724,True,2022-07-17 10:51:16.724,2022-07-17 10:51:17.724,1.0,detected,1.0,1,1.0_0.1,26.327062997557572,1.0_0.1,1.0_0.1,"q=0.999,k=1",2
fault_14,2022-07-17 10:53:01.909,True,2022-07-17 10:53:01.909,2022-07-17 10:53:02.909,1.0,detected,1.0,1,1.0_0.1,26.327062997557572,1.0_0.1,1.0_0.1,"q=0.999,k=1",2
fault_17,2022-07-17 10:53:26.553,True,2022-07-17 10:53:26.553,2022-07-17 10:53:27.553,1.0,detected,1.0,1,1.0_0.1,26.327062997557572,1.0_0.1,1.0_0.1,"q=0.999,k=1",2
fault_2,2022-07-17 10:51:23.615,True,2022-07-17 10:51:23.615,2022-07-17 10:51:24.615,1.0,detected,1.0,1,1.0_0.1,26.327062997557572,1.0_0.1,1.0_0.1,"q=0.999,k=1",2
fault_16,2022-07-17 10:53:18.444,True,2022-07-17 10:53:18.444,2022-07-17 10:53:19.444,1.0,detected,1.0,2,1.0_0.1,52.71818570047549,1.0_0.1,1.0_0.1,"q=0.999,k=1",2
fault_18,2022-07-17 10:53:34.639,True,2022-07-17 10:53:34.639,2022-07-17 10:53:35.639,1.0,detected,1.0,2,1.0_0.1,52.71818570047549,1.0_0.1,1.0_0.1,"q=0.999,k=1",2
fault_3,2022-07-17 10:51:31.734,True,2022-07-17 10:51:31.834,2022-07-17 10:51:32.834,1.1,detected,1.0,2,1.0_0.1,52.71818570047549,1.0_0.1,1.0_0.1,"q=0.999,k=1",2
fault_6,2022-07-17 10:51:56.684,True,2022-07-17 10:51:56.684,2022-07-17 10:51:57.684,1.0,detected,1.0,2,1.0_0.1,52.71818570047549,1.0_0.1,1.0_0.1,"q=0.999,k=1",2
fault_11,2022-07-17 10:52:38.172,True,2022-07-17 10:52:38.172,2022-07-17 10:52:39.172,1.0,detected,1.0,3,1.0_0.1,31.366134283863968,1.0_0.1,1.0_0.1,"q=0.999,k=1",2
fault_15,2022-07-17 10:53:11.764,True,2022-07-17 10:53:12.264,2022-07-17 10:53:13.264,1.5,detected,1.0,3,1.0_0.1,31.366134283863968,1.0_0.1,1.0_0.1,"q=0.999,k=1",2
fault_7,2022-07-17 10:52:04.407,True,2022-07-17 10:52:04.407,2022-07-17 10:52:05.407,1.0,detected,1.0,3,1.0_0.1,31.366134283863968,1.0_0.1,1.0_0.1,"q=0.999,k=1",2
fault_8,2022-07-17 10:52:12.567,True,2022-07-17 10:52:12.567,2022-07-17 10:52:13.567,1.0,detected,1.0,3,1.0_0.1,31.366134283863968,1.0_0.1,1.0_0.1,"q=0.999,k=1",2
fault_12,2022-07-17 10:52:45.655,True,2022-07-17 10:52:45.755,2022-07-17 10:52:46.755,1.1,detected,1.0,0,1.0_0.1,39.56480031845002,1.0_0.1,1.0_0.1,"q=0.999,k=2",2
fault_13,2022-07-17 10:52:53.769,True,2022-07-17 10:52:53.869,2022-07-17 10:52:54.869,1.1,detected,1.0,0,1.0_0.1,39.56480031845002,1.0_0.1,1.0_0.1,"q=0.999,k=2",2
fault_20,2022-07-17 10:53:52.140,True,2022-07-17 10:53:52.240,2022-07-17 10:53:53.240,1.1,detected,1.0,0,1.0_0.1,39.56480031845002,1.0_0.1,1.0_0.1,"q=0.999,k=2",2
fault_4,2022-07-17 10:51:39.999,True,2022-07-17 10:51:40.099,2022-07-17 10:51:41.099,1.1,detected,1.0,0,1.0_0.1,39.56480031845002,1.0_0.1,1.0_0.1,"q=0.999,k=2",2
fault_1,2022-07-17 10:51:16.724,True,2022-07-17 10:51:16.824,2022-07-17 10:51:17.824,1.1,detected,1.0,1,1.0_0.1,26.327062997557572,1.0_0.1,1.0_0.1,"q=0.999,k=2",2
fault_14,2022-07-17 10:53:01.909,True,2022-07-17 10:53:02.009,2022-07-17 10:53:03.009,1.1,detected,1.0,1,1.0_0.1,26.327062997557572,1.0_0.1,1.0_0.1,"q=0.999,k=2",2
fault_17,2022-07-17 10:53:26.553,True,2022-07-17 10:53:26.653,2022-07-17 10:53:27.653,1.1,detected,1.0,1,1.0_0.1,26.327062997557572,1.0_0.1,1.0_0.1,"q=0.999,k=2",2
fault_2,2022-07-17 10:51:23.615,True,2022-07-17 10:51:23.715,2022-07-17 10:51:24.715,1.1,detected,1.0,1,1.0_0.1,26.327062997557572,1.0_0.1,1.0_0.1,"q=0.999,k=2",2
fault_16,2022-07-17 10:53:18.444,True,2022-07-17 10:53:18.544,2022-07-17 10:53:19.544,1.1,detected,1.0,2,1.0_0.1,52.71818570047549,1.0_0.1,1.0_0.1,"q=0.999,k=2",2
fault_18,2022-07-17 10:53:34.639,True,2022-07-17 10:53:34.739,2022-07-17 10:53:35.739,1.1,detected,1.0,2,1.0_0.1,52.71818570047549,1.0_0.1,1.0_0.1,"q=0.999,k=2",2
fault_3,2022-07-17 10:51:31.734,True,2022-07-17 10:51:31.934,2022-07-17 10:51:32.934,1.2,detected,1.0,2,1.0_0.1,52.71818570047549,1.0_0.1,1.0_0.1,"q=0.999,k=2",2
fault_6,2022-07-17 10:51:56.684,True,2022-07-17 10:51:56.784,2022-07-17 10:51:57.784,1.1,detected,1.0,2,1.0_0.1,52.71818570047549,1.0_0.1,1.0_0.1,"q=0.999,k=2",2
fault_11,2022-07-17 10:52:38.172,True,2022-07-17 10:52:38.272,2022-07-17 10:52:39.272,1.1,detected,1.0,3,1.0_0.1,31.366134283863968,1.0_0.1,1.0_0.1,"q=0.999,k=2",2
fault_15,2022-07-17 10:53:11.764,True,2022-07-17 10:53:12.364,2022-07-17 10:53:13.364,1.6,detected,1.0,3,1.0_0.1,31.366134283863968,1.0_0.1,1.0_0.1,"q=0.999,k=2",2
fault_7,2022-07-17 10:52:04.407,True,2022-07-17 10:52:04.507,2022-07-17 10:52:05.507,1.1,detected,1.0,3,1.0_0.1,31.366134283863968,1.0_0.1,1.0_0.1,"q=0.999,k=2",2
fault_8,2022-07-17 10:52:12.567,True,2022-07-17 10:52:12.667,2022-07-17 10:52:13.667,1.1,detected,1.0,3,1.0_0.1,31.366134283863968,1.0_0.1,1.0_0.1,"q=0.999,k=2",2
fault_12,2022-07-17 10:52:45.655,True,2022-07-17 10:52:45.855,2022-07-17 10:52:46.855,1.2,detected,1.0,0,1.0_0.1,39.56480031845002,1.0_0.1,1.0_0.1,"q=0.999,k=3",2
fault_13,2022-07-17 10:52:53.769,True,2022-07-17 10:52:53.969,2022-07-17 10:52:54.969,1.2,detected,1.0,0,1.0_0.1,39.56480031845002,1.0_0.1,1.0_0.1,"q=0.999,k=3",2
fault_20,2022-07-17 10:53:52.140,True,2022-07-17 10:53:52.340,2022-07-17 10:53:53.340,1.2,detected,1.0,0,1.0_0.1,39.56480031845002,1.0_0.1,1.0_0.1,"q=0.999,k=3",2
fault_4,2022-07-17 10:51:39.999,True,2022-07-17 10:51:40.199,2022-07-17 10:51:41.199,1.2,detected,1.0,0,1.0_0.1,39.56480031845002,1.0_0.1,1.0_0.1,"q=0.999,k=3",2
fault_1,2022-07-17 10:51:16.724,True,2022-07-17 10:51:16.924,2022-07-17 10:51:17.924,1.2,detected,1.0,1,1.0_0.1,26.327062997557572,1.0_0.1,1.0_0.1,"q=0.999,k=3",2
fault_14,2022-07-17 10:53:01.909,True,2022-07-17 10:53:02.109,2022-07-17 10:53:03.109,1.2,detected,1.0,1,1.0_0.1,26.327062997557572,1.0_0.1,1.0_0.1,"q=0.999,k=3",2
fault_17,2022-07-17 10:53:26.553,True,2022-07-17 10:53:26.753,2022-07-17 10:53:27.753,1.2,detected,1.0,1,1.0_0.1,26.327062997557572,1.0_0.1,1.0_0.1,"q=0.999,k=3",2
fault_2,2022-07-17 10:51:23.615,True,2022-07-17 10:51:23.815,2022-07-17 10:51:24.815,1.2,detected,1.0,1,1.0_0.1,26.327062997557572,1.0_0.1,1.0_0.1,"q=0.999,k=3",2
fault_16,2022-07-17 10:53:18.444,True,2022-07-17 10:53:18.644,2022-07-17 10:53:19.644,1.2,detected,1.0,2,1.0_0.1,52.71818570047549,1.0_0.1,1.0_0.1,"q=0.999,k=3",2
fault_18,2022-07-17 10:53:34.639,True,2022-07-17 10:53:34.839,2022-07-17 10:53:35.839,1.2,detected,1.0,2,1.0_0.1,52.71818570047549,1.0_0.1,1.0_0.1,"q=0.999,k=3",2
fault_3,2022-07-17 10:51:31.734,True,2022-07-17 10:51:32.034,2022-07-17 10:51:33.034,1.3,detected,1.0,2,1.0_0.1,52.71818570047549,1.0_0.1,1.0_0.1,"q=0.999,k=3",2
fault_6,2022-07-17 10:51:56.684,True,2022-07-17 10:51:56.884,2022-07-17 10:51:57.884,1.2,detected,1.0,2,1.0_0.1,52.71818570047549,1.0_0.1,1.0_0.1,"q=0.999,k=3",2
fault_11,2022-07-17 10:52:38.172,True,2022-07-17 10:52:38.372,2022-07-17 10:52:39.372,1.2,detected,1.0,3,1.0_0.1,31.366134283863968,1.0_0.1,1.0_0.1,"q=0.999,k=3",2
fault_15,2022-07-17 10:53:11.764,True,2022-07-17 10:53:12.464,2022-07-17 10:53:13.464,1.7,detected,1.0,3,1.0_0.1,31.366134283863968,1.0_0.1,1.0_0.1,"q=0.999,k=3",2
fault_7,2022-07-17 10:52:04.407,True,2022-07-17 10:52:04.607,2022-07-17 10:52:05.607,1.2,detected,1.0,3,1.0_0.1,31.366134283863968,1.0_0.1,1.0_0.1,"q=0.999,k=3",2
fault_8,2022-07-17 10:52:12.567,True,2022-07-17 10:52:12.767,2022-07-17 10:52:13.767,1.2,detected,1.0,3,1.0_0.1,31.366134283863968,1.0_0.1,1.0_0.1,"q=0.999,k=3",2
fault_12,2022-07-17 10:52:45.655,True,2022-07-17 10:52:45.655,2022-07-17 10:52:46.655,1.0,detected,1.0,0,1.0_0.1,48.239298420443966,1.0_0.1,1.0_0.1,"q=0.9995,k=1",2
fault_13,2022-07-17 10:52:53.769,True,2022-07-17 10:52:53.769,2022-07-17 10:52:54.769,1.0,detected,1.0,0,1.0_0.1,48.239298420443966,1.0_0.1,1.0_0.1,"q=0.9995,k=1",2
fault_20,2022-07-17 10:53:52.140,True,2022-07-17 10:53:52.140,2022-07-17 10:53:53.140,1.0,detected,1.0,0,1.0_0.1,48.239298420443966,1.0_0.1,1.0_0.1,"q=0.9995,k=1",2
fault_4,2022-07-17 10:51:39.999,True,2022-07-17 10:51:39.999,2022-07-17 10:51:40.999,1.0,detected,1.0,0,1.0_0.1,48.239298420443966,1.0_0.1,1.0_0.1,"q=0.9995,k=1",2
fault_1,2022-07-17 10:51:16.724,True,2022-07-17 10:51:16.724,2022-07-17 10:51:17.724,1.0,detected,1.0,1,1.0_0.1,27.649469116299766,1.0_0.1,1.0_0.1,"q=0.9995,k=1",2
fault_14,2022-07-17 10:53:01.909,True,2022-07-17 10:53:01.909,2022-07-17 10:53:02.909,1.0,detected,1.0,1,1.0_0.1,27.649469116299766,1.0_0.1,1.0_0.1,"q=0.9995,k=1",2
fault_17,2022-07-17 10:53:26.553,True,2022-07-17 10:53:26.553,2022-07-17 10:53:27.553,1.0,detected,1.0,1,1.0_0.1,27.649469116299766,1.0_0.1,1.0_0.1,"q=0.9995,k=1",2
fault_2,2022-07-17 10:51:23.615,True,2022-07-17 10:51:23.615,2022-07-17 10:51:24.615,1.0,detected,1.0,1,1.0_0.1,27.649469116299766,1.0_0.1,1.0_0.1,"q=0.9995,k=1",2
fault_16,2022-07-17 10:53:18.444,True,2022-07-17 10:53:18.444,2022-07-17 10:53:19.444,1.0,detected,1.0,2,1.0_0.1,54.887851598504135,1.0_0.1,1.0_0.1,"q=0.9995,k=1",2
fault_18,2022-07-17 10:53:34.639,True,2022-07-17 10:53:34.639,2022-07-17 10:53:35.639,1.0,detected,1.0,2,1.0_0.1,54.887851598504135,1.0_0.1,1.0_0.1,"q=0.9995,k=1",2
fault_3,2022-07-17 10:51:31.734,True,2022-07-17 10:51:31.834,2022-07-17 10:51:32.834,1.1,detected,1.0,2,1.0_0.1,54.887851598504135,1.0_0.1,1.0_0.1,"q=0.9995,k=1",2
fault_6,2022-07-17 10:51:56.684,True,2022-07-17 10:51:56.684,2022-07-17 10:51:57.684,1.0,detected,1.0,2,1.0_0.1,54.887851598504135,1.0_0.1,1.0_0.1,"q=0.9995,k=1",2
fault_11,2022-07-17 10:52:38.172,True,2022-07-17 10:52:38.172,2022-07-17 10:52:39.172,1.0,detected,1.0,3,1.0_0.1,34.221565317917936,1.0_0.1,1.0_0.1,"q=0.9995,k=1",2
fault_15,2022-07-17 10:53:11.764,True,2022-07-17 10:53:12.264,2022-07-17 10:53:13.264,1.5,detected,1.0,3,1.0_0.1,34.221565317917936,1.0_0.1,1.0_0.1,"q=0.9995,k=1",2
fault_7,2022-07-17 10:52:04.407,True,2022-07-17 10:52:04.407,2022-07-17 10:52:05.407,1.0,detected,1.0,3,1.0_0.1,34.221565317917936,1.0_0.1,1.0_0.1,"q=0.9995,k=1",2
fault_8,2022-07-17 10:52:12.567,True,2022-07-17 10:52:12.567,2022-07-17 10:52:13.567,1.0,detected,1.0,3,1.0_0.1,34.221565317917936,1.0_0.1,1.0_0.1,"q=0.9995,k=1",2
fault_12,2022-07-17 10:52:45.655,True,2022-07-17 10:52:45.755,2022-07-17 10:52:46.755,1.1,detected,1.0,0,1.0_0.1,48.239298420443966,1.0_0.1,1.0_0.1,"q=0.9995,k=2",2
fault_13,2022-07-17 10:52:53.769,True,2022-07-17 10:52:53.869,2022-07-17 10:52:54.869,1.1,detected,1.0,0,1.0_0.1,48.239298420443966,1.0_0.1,1.0_0.1,"q=0.9995,k=2",2
fault_20,2022-07-17 10:53:52.140,True,2022-07-17 10:53:52.240,2022-07-17 10:53:53.240,1.1,detected,1.0,0,1.0_0.1,48.239298420443966,1.0_0.1,1.0_0.1,"q=0.9995,k=2",2
fault_4,2022-07-17 10:51:39.999,True,2022-07-17 10:51:40.099,2022-07-17 10:51:41.099,1.1,detected,1.0,0,1.0_0.1,48.239298420443966,1.0_0.1,1.0_0.1,"q=0.9995,k=2",2
fault_1,2022-07-17 10:51:16.724,True,2022-07-17 10:51:16.824,2022-07-17 10:51:17.824,1.1,detected,1.0,1,1.0_0.1,27.649469116299766,1.0_0.1,1.0_0.1,"q=0.9995,k=2",2
fault_14,2022-07-17 10:53:01.909,True,2022-07-17 10:53:02.009,2022-07-17 10:53:03.009,1.1,detected,1.0,1,1.0_0.1,27.649469116299766,1.0_0.1,1.0_0.1,"q=0.9995,k=2",2
fault_17,2022-07-17 10:53:26.553,True,2022-07-17 10:53:26.653,2022-07-17 10:53:27.653,1.1,detected,1.0,1,1.0_0.1,27.649469116299766,1.0_0.1,1.0_0.1,"q=0.9995,k=2",2
fault_2,2022-07-17 10:51:23.615,True,2022-07-17 10:51:23.715,2022-07-17 10:51:24.715,1.1,detected,1.0,1,1.0_0.1,27.649469116299766,1.0_0.1,1.0_0.1,"q=0.9995,k=2",2
fault_16,2022-07-17 10:53:18.444,True,2022-07-17 10:53:18.544,2022-07-17 10:53:19.544,1.1,detected,1.0,2,1.0_0.1,54.887851598504135,1.0_0.1,1.0_0.1,"q=0.9995,k=2",2
fault_18,2022-07-17 10:53:34.639,True,2022-07-17 10:53:34.739,2022-07-17 10:53:35.739,1.1,detected,1.0,2,1.0_0.1,54.887851598504135,1.0_0.1,1.0_0.1,"q=0.9995,k=2",2
fault_3,2022-07-17 10:51:31.734,True,2022-07-17 10:51:31.934,2022-07-17 10:51:32.934,1.2,detected,1.0,2,1.0_0.1,54.887851598504135,1.0_0.1,1.0_0.1,"q=0.9995,k=2",2
fault_6,2022-07-17 10:51:56.684,True,2022-07-17 10:51:56.784,2022-07-17 10:51:57.784,1.1,detected,1.0,2,1.0_0.1,54.887851598504135,1.0_0.1,1.0_0.1,"q=0.9995,k=2",2
fault_11,2022-07-17 10:52:38.172,True,2022-07-17 10:52:38.272,2022-07-17 10:52:39.272,1.1,detected,1.0,3,1.0_0.1,34.221565317917936,1.0_0.1,1.0_0.1,"q=0.9995,k=2",2
fault_15,2022-07-17 10:53:11.764,True,2022-07-17 10:53:12.364,2022-07-17 10:53:13.364,1.6,detected,1.0,3,1.0_0.1,34.221565317917936,1.0_0.1,1.0_0.1,"q=0.9995,k=2",2
fault_7,2022-07-17 10:52:04.407,True,2022-07-17 10:52:04.507,2022-07-17 10:52:05.507,1.1,detected,1.0,3,1.0_0.1,34.221565317917936,1.0_0.1,1.0_0.1,"q=0.9995,k=2",2
fault_8,2022-07-17 10:52:12.567,True,2022-07-17 10:52:12.667,2022-07-17 10:52:13.667,1.1,detected,1.0,3,1.0_0.1,34.221565317917936,1.0_0.1,1.0_0.1,"q=0.9995,k=2",2
fault_12,2022-07-17 10:52:45.655,True,2022-07-17 10:52:45.855,2022-07-17 10:52:46.855,1.2,detected,1.0,0,1.0_0.1,48.239298420443966,1.0_0.1,1.0_0.1,"q=0.9995,k=3",2
fault_13,2022-07-17 10:52:53.769,True,2022-07-17 10:52:53.969,2022-07-17 10:52:54.969,1.2,detected,1.0,0,1.0_0.1,48.239298420443966,1.0_0.1,1.0_0.1,"q=0.9995,k=3",2
fault_20,2022-07-17 10:53:52.140,True,2022-07-17 10:53:52.340,2022-07-17 10:53:53.340,1.2,detected,1.0,0,1.0_0.1,48.239298420443966,1.0_0.1,1.0_0.1,"q=0.9995,k=3",2
fault_4,2022-07-17 10:51:39.999,True,2022-07-17 10:51:40.199,2022-07-17 10:51:41.199,1.2,detected,1.0,0,1.0_0.1,48.239298420443966,1.0_0.1,1.0_0.1,"q=0.9995,k=3",2
fault_1,2022-07-17 10:51:16.724,True,2022-07-17 10:51:16.924,2022-07-17 10:51:17.924,1.2,detected,1.0,1,1.0_0.1,27.649469116299766,1.0_0.1,1.0_0.1,"q=0.9995,k=3",2
fault_14,2022-07-17 10:53:01.909,True,2022-07-17 10:53:02.109,2022-07-17 10:53:03.109,1.2,detected,1.0,1,1.0_0.1,27.649469116299766,1.0_0.1,1.0_0.1,"q=0.9995,k=3",2
fault_17,2022-07-17 10:53:26.553,True,2022-07-17 10:53:26.753,2022-07-17 10:53:27.753,1.2,detected,1.0,1,1.0_0.1,27.649469116299766,1.0_0.1,1.0_0.1,"q=0.9995,k=3",2
fault_2,2022-07-17 10:51:23.615,True,2022-07-17 10:51:23.815,2022-07-17 10:51:24.815,1.2,detected,1.0,1,1.0_0.1,27.649469116299766,1.0_0.1,1.0_0.1,"q=0.9995,k=3",2
fault_16,2022-07-17 10:53:18.444,True,2022-07-17 10:53:18.644,2022-07-17 10:53:19.644,1.2,detected,1.0,2,1.0_0.1,54.887851598504135,1.0_0.1,1.0_0.1,"q=0.9995,k=3",2
fault_18,2022-07-17 10:53:34.639,True,2022-07-17 10:53:34.839,2022-07-17 10:53:35.839,1.2,detected,1.0,2,1.0_0.1,54.887851598504135,1.0_0.1,1.0_0.1,"q=0.9995,k=3",2
fault_3,2022-07-17 10:51:31.734,True,2022-07-17 10:51:32.034,2022-07-17 10:51:33.034,1.3,detected,1.0,2,1.0_0.1,54.887851598504135,1.0_0.1,1.0_0.1,"q=0.9995,k=3",2
fault_6,2022-07-17 10:51:56.684,True,2022-07-17 10:51:56.884,2022-07-17 10:51:57.884,1.2,detected,1.0,2,1.0_0.1,54.887851598504135,1.0_0.1,1.0_0.1,"q=0.9995,k=3",2
fault_11,2022-07-17 10:52:38.172,True,2022-07-17 10:52:38.372,2022-07-17 10:52:39.372,1.2,detected,1.0,3,1.0_0.1,34.221565317917936,1.0_0.1,1.0_0.1,"q=0.9995,k=3",2
fault_15,2022-07-17 10:53:11.764,True,2022-07-17 10:53:12.764,2022-07-17 10:53:13.764,2.0,detected,1.0,3,1.0_0.1,34.221565317917936,1.0_0.1,1.0_0.1,"q=0.9995,k=3",2
fault_7,2022-07-17 10:52:04.407,True,2022-07-17 10:52:04.607,2022-07-17 10:52:05.607,1.2,detected,1.0,3,1.0_0.1,34.221565317917936,1.0_0.1,1.0_0.1,"q=0.9995,k=3",2
fault_8,2022-07-17 10:52:12.567,True,2022-07-17 10:52:12.767,2022-07-17 10:52:13.767,1.2,detected,1.0,3,1.0_0.1,34.221565317917936,1.0_0.1,1.0_0.1,"q=0.9995,k=3",2
fault_12,2022-07-17 10:52:45.655,True,2022-07-17 10:52:45.655,2022-07-17 10:52:46.655,1.0,detected,1.0,0,1.0_0.1,49.03559595288937,1.0_0.1,1.0_0.1,"f1,k=1",2
fault_13,2022-07-17 10:52:53.769,True,2022-07-17 10:52:53.769,2022-07-17 10:52:54.769,1.0,detected,1.0,0,1.0_0.1,49.03559595288937,1.0_0.1,1.0_0.1,"f1,k=1",2
fault_20,2022-07-17 10:53:52.140,True,2022-07-17 10:53:52.140,2022-07-17 10:53:53.140,1.0,detected,1.0,0,1.0_0.1,49.03559595288937,1.0_0.1,1.0_0.1,"f1,k=1",2
fault_4,2022-07-17 10:51:39.999,True,2022-07-17 10:51:39.999,2022-07-17 10:51:40.999,1.0,detected,1.0,0,1.0_0.1,49.03559595288937,1.0_0.1,1.0_0.1,"f1,k=1",2
fault_1,2022-07-17 10:51:16.724,True,2022-07-17 10:51:16.724,2022-07-17 10:51:17.724,1.0,detected,1.0,1,1.0_0.1,37.59105386606655,1.0_0.1,1.0_0.1,"f1,k=1",2
fault_14,2022-07-17 10:53:01.909,True,2022-07-17 10:53:01.909,2022-07-17 10:53:02.909,1.0,detected,1.0,1,1.0_0.1,37.59105386606655,1.0_0.1,1.0_0.1,"f1,k=1",2
fault_17,2022-07-17 10:53:26.553,True,2022-07-17 10:53:26.553,2022-07-17 10:53:27.553,1.0,detected,1.0,1,1.0_0.1,37.59105386606655,1.0_0.1,1.0_0.1,"f1,k=1",2
fault_2,2022-07-17 10:51:23.615,True,2022-07-17 10:51:23.615,2022-07-17 10:51:24.615,1.0,detected,1.0,1,1.0_0.1,37.59105386606655,1.0_0.1,1.0_0.1,"f1,k=1",2
fault_16,2022-07-17 10:53:18.444,True,2022-07-17 10:53:18.444,2022-07-17 10:53:19.444,1.0,detected,1.0,2,1.0_0.1,56.02863151165861,1.0_0.1,1.0_0.1,"f1,k=1",2
fault_18,2022-07-17 10:53:34.639,True,2022-07-17 10:53:34.639,2022-07-17 10:53:35.639,1.0,detected,1.0,2,1.0_0.1,56.02863151165861,1.0_0.1,1.0_0.1,"f1,k=1",2
fault_3,2022-07-17 10:51:31.734,True,2022-07-17 10:51:31.934,2022-07-17 10:51:32.934,1.2,detected,1.0,2,1.0_0.1,56.02863151165861,1.0_0.1,1.0_0.1,"f1,k=1",2
fault_6,2022-07-17 10:51:56.684,True,2022-07-17 10:51:56.684,2022-07-17 10:51:57.684,1.0,detected,1.0,2,1.0_0.1,56.02863151165861,1.0_0.1,1.0_0.1,"f1,k=1",2
fault_11,2022-07-17 10:52:38.172,True,2022-07-17 10:52:38.172,2022-07-17 10:52:39.172,1.0,detected,1.0,3,1.0_0.1,43.77582923177344,1.0_0.1,1.0_0.1,"f1,k=1",2
fault_15,2022-07-17 10:53:11.764,True,2022-07-17 10:53:12.364,2022-07-17 10:53:13.364,1.6,detected,1.0,3,1.0_0.1,43.77582923177344,1.0_0.1,1.0_0.1,"f1,k=1",2
fault_7,2022-07-17 10:52:04.407,True,2022-07-17 10:52:04.407,2022-07-17 10:52:05.407,1.0,detected,1.0,3,1.0_0.1,43.77582923177344,1.0_0.1,1.0_0.1,"f1,k=1",2
fault_8,2022-07-17 10:52:12.567,True,2022-07-17 10:52:12.567,2022-07-17 10:52:13.567,1.0,detected,1.0,3,1.0_0.1,43.77582923177344,1.0_0.1,1.0_0.1,"f1,k=1",2
fault_12,2022-07-17 10:52:45.655,True,2022-07-17 10:52:45.755,2022-07-17 10:52:46.755,1.1,detected,1.0,0,1.0_0.1,49.03559595288937,1.0_0.1,1.0_0.1,"f1,k=2",2
fault_13,2022-07-17 10:52:53.769,True,2022-07-17 10:52:53.869,2022-07-17 10:52:54.869,1.1,detected,1.0,0,1.0_0.1,49.03559595288937,1.0_0.1,1.0_0.1,"f1,k=2",2
fault_20,2022-07-17 10:53:52.140,True,2022-07-17 10:53:52.240,2022-07-17 10:53:53.240,1.1,detected,1.0,0,1.0_0.1,49.03559595288937,1.0_0.1,1.0_0.1,"f1,k=2",2
fault_4,2022-07-17 10:51:39.999,True,2022-07-17 10:51:40.099,2022-07-17 10:51:41.099,1.1,detected,1.0,0,1.0_0.1,49.03559595288937,1.0_0.1,1.0_0.1,"f1,k=2",2
fault_1,2022-07-17 10:51:16.724,True,2022-07-17 10:51:16.824,2022-07-17 10:51:17.824,1.1,detected,1.0,1,1.0_0.1,37.59105386606655,1.0_0.1,1.0_0.1,"f1,k=2",2
fault_14,2022-07-17 10:53:01.909,True,2022-07-17 10:53:02.009,2022-07-17 10:53:03.009,1.1,detected,1.0,1,1.0_0.1,37.59105386606655,1.0_0.1,1.0_0.1,"f1,k=2",2
fault_17,2022-07-17 10:53:26.553,True,2022-07-17 10:53:26.653,2022-07-17 10:53:27.653,1.1,detected,1.0,1,1.0_0.1,37.59105386606655,1.0_0.1,1.0_0.1,"f1,k=2",2
fault_2,2022-07-17 10:51:23.615,True,2022-07-17 10:51:23.715,2022-07-17 10:51:24.715,1.1,detected,1.0,1,1.0_0.1,37.59105386606655,1.0_0.1,1.0_0.1,"f1,k=2",2
fault_16,2022-07-17 10:53:18.444,True,2022-07-17 10:53:18.544,2022-07-17 10:53:19.544,1.1,detected,1.0,2,1.0_0.1,56.02863151165861,1.0_0.1,1.0_0.1,"f1,k=2",2
fault_18,2022-07-17 10:53:34.639,True,2022-07-17 10:53:34.739,2022-07-17 10:53:35.739,1.1,detected,1.0,2,1.0_0.1,56.02863151165861,1.0_0.1,1.0_0.1,"f1,k=2",2
fault_3,2022-07-17 10:51:31.734,True,2022-07-17 10:51:32.034,2022-07-17 10:51:33.034,1.3,detected,1.0,2,1.0_0.1,56.02863151165861,1.0_0.1,1.0_0.1,"f1,k=2",2
fault_6,2022-07-17 10:51:56.684,True,2022-07-17 10:51:56.784,2022-07-17 10:51:57.784,1.1,detected,1.0,2,1.0_0.1,56.02863151165861,1.0_0.1,1.0_0.1,"f1,k=2",2
fault_11,2022-07-17 10:52:38.172,True,2022-07-17 10:52:38.272,2022-07-17 10:52:39.272,1.1,detected,1.0,3,1.0_0.1,43.77582923177344,1.0_0.1,1.0_0.1,"f1,k=2",2
fault_15,2022-07-17 10:53:11.764,True,2022-07-17 10:53:12.964,2022-07-17 10:53:13.964,2.2,detected,1.0,3,1.0_0.1,43.77582923177344,1.0_0.1,1.0_0.1,"f1,k=2",2
fault_7,2022-07-17 10:52:04.407,True,2022-07-17 10:52:04.507,2022-07-17 10:52:05.507,1.1,detected,1.0,3,1.0_0.1,43.77582923177344,1.0_0.1,1.0_0.1,"f1,k=2",2
fault_8,2022-07-17 10:52:12.567,True,2022-07-17 10:52:12.667,2022-07-17 10:52:13.667,1.1,detected,1.0,3,1.0_0.1,43.77582923177344,1.0_0.1,1.0_0.1,"f1,k=2",2
fault_1,2022-07-17 10:51:16.724,True,2022-07-17 10:51:16.724,2022-07-17 10:51:17.724,1.0,detected,1.0,0,1.0_0.1,58.87713733186368,1.0_0.1,1.0_0.1,NESTED,3
fault_3,2022-07-17 10:51:31.734,True,2022-07-17 10:51:31.934,2022-07-17 10:51:32.934,1.2,detected,1.0,0,1.0_0.1,58.87713733186368,1.0_0.1,1.0_0.1,NESTED,3
fault_4,2022-07-17 10:51:39.999,True,2022-07-17 10:51:39.999,2022-07-17 10:51:40.999,1.0,detected,1.0,0,1.0_0.1,58.87713733186368,1.0_0.1,1.0_0.1,NESTED,3
fault_6,2022-07-17 10:51:56.684,True,2022-07-17 10:51:56.684,2022-07-17 10:51:57.684,1.0,detected,1.0,0,1.0_0.1,58.87713733186368,1.0_0.1,1.0_0.1,NESTED,3
fault_12,2022-07-17 10:52:45.655,True,2022-07-17 10:52:45.755,2022-07-17 10:52:46.755,1.1,detected,1.0,1,1.0_0.1,31.315160556907607,1.0_0.1,1.0_0.1,NESTED,3
fault_14,2022-07-17 10:53:01.909,True,2022-07-17 10:53:02.009,2022-07-17 10:53:03.009,1.1,detected,1.0,1,1.0_0.1,31.315160556907607,1.0_0.1,1.0_0.1,NESTED,3
fault_15,2022-07-17 10:53:11.764,True,2022-07-17 10:53:12.364,2022-07-17 10:53:13.364,1.6,detected,1.0,1,1.0_0.1,31.315160556907607,1.0_0.1,1.0_0.1,NESTED,3
fault_8,2022-07-17 10:52:12.567,True,2022-07-17 10:52:12.667,2022-07-17 10:52:13.667,1.1,detected,1.0,1,1.0_0.1,31.315160556907607,1.0_0.1,1.0_0.1,NESTED,3
fault_13,2022-07-17 10:52:53.769,True,2022-07-17 10:52:53.969,2022-07-17 10:52:54.969,1.2,detected,1.0,2,1.0_0.1,30.44596778266842,1.0_0.1,1.0_0.1,NESTED,3
fault_17,2022-07-17 10:53:26.553,True,2022-07-17 10:53:26.753,2022-07-17 10:53:27.753,1.2,detected,1.0,2,1.0_0.1,30.44596778266842,1.0_0.1,1.0_0.1,NESTED,3
fault_2,2022-07-17 10:51:23.615,True,2022-07-17 10:51:23.815,2022-07-17 10:51:24.815,1.2,detected,1.0,2,1.0_0.1,30.44596778266842,1.0_0.1,1.0_0.1,NESTED,3
fault_7,2022-07-17 10:52:04.407,True,2022-07-17 10:52:04.607,2022-07-17 10:52:05.607,1.2,detected,1.0,2,1.0_0.1,30.44596778266842,1.0_0.1,1.0_0.1,NESTED,3
fault_11,2022-07-17 10:52:38.172,True,2022-07-17 10:52:38.272,2022-07-17 10:52:39.272,1.1,detected,1.0,3,1.0_0.1,49.04162551764074,1.0_0.1,1.0_0.1,NESTED,3
fault_16,2022-07-17 10:53:18.444,True,2022-07-17 10:53:18.544,2022-07-17 10:53:19.544,1.1,detected,1.0,3,1.0_0.1,49.04162551764074,1.0_0.1,1.0_0.1,NESTED,3
fault_18,2022-07-17 10:53:34.639,True,2022-07-17 10:53:34.739,2022-07-17 10:53:35.739,1.1,detected,1.0,3,1.0_0.1,49.04162551764074,1.0_0.1,1.0_0.1,NESTED,3
fault_20,2022-07-17 10:53:52.140,True,2022-07-17 10:53:52.240,2022-07-17 10:53:53.240,1.1,detected,1.0,3,1.0_0.1,49.04162551764074,1.0_0.1,1.0_0.1,NESTED,3
fault_1,2022-07-17 10:51:16.724,True,2022-07-17 10:51:16.724,2022-07-17 10:51:17.724,1.0,detected,1.0,0,1.0_0.1,36.770170054214454,1.0_0.1,1.0_0.1,"q=0.99,k=1",3
fault_3,2022-07-17 10:51:31.734,True,2022-07-17 10:51:31.734,2022-07-17 10:51:32.734,1.0,detected,1.0,0,1.0_0.1,36.770170054214454,1.0_0.1,1.0_0.1,"q=0.99,k=1",3
fault_4,2022-07-17 10:51:39.999,True,2022-07-17 10:51:39.999,2022-07-17 10:51:40.999,1.0,detected,1.0,0,1.0_0.1,36.770170054214454,1.0_0.1,1.0_0.1,"q=0.99,k=1",3
fault_6,2022-07-17 10:51:56.684,True,2022-07-17 10:51:56.684,2022-07-17 10:51:57.684,1.0,detected,1.0,0,1.0_0.1,36.770170054214454,1.0_0.1,1.0_0.1,"q=0.99,k=1",3
fault_12,2022-07-17 10:52:45.655,True,2022-07-17 10:52:45.655,2022-07-17 10:52:46.655,1.0,detected,1.0,1,1.0_0.1,22.762794611588983,1.0_0.1,1.0_0.1,"q=0.99,k=1",3
fault_14,2022-07-17 10:53:01.909,True,2022-07-17 10:53:01.909,2022-07-17 10:53:02.909,1.0,detected,1.0,1,1.0_0.1,22.762794611588983,1.0_0.1,1.0_0.1,"q=0.99,k=1",3
fault_15,2022-07-17 10:53:11.764,True,2022-07-17 10:53:12.064,2022-07-17 10:53:13.064,1.3,detected,1.0,1,1.0_0.1,22.762794611588983,1.0_0.1,1.0_0.1,"q=0.99,k=1",3
fault_8,2022-07-17 10:52:12.567,True,2022-07-17 10:52:12.567,2022-07-17 10:52:13.567,1.0,detected,1.0,1,1.0_0.1,22.762794611588983,1.0_0.1,1.0_0.1,"q=0.99,k=1",3
fault_13,2022-07-17 10:52:53.769,True,2022-07-17 10:52:53.769,2022-07-17 10:52:54.769,1.0,detected,1.0,2,1.0_0.1,21.943434125410214,1.0_0.1,1.0_0.1,"q=0.99,k=1",3
fault_17,2022-07-17 10:53:26.553,True,2022-07-17 10:53:26.553,2022-07-17 10:53:27.553,1.0,detected,1.0,2,1.0_0.1,21.943434125410214,1.0_0.1,1.0_0.1,"q=0.99,k=1",3
fault_2,2022-07-17 10:51:23.615,True,2022-07-17 10:51:23.615,2022-07-17 10:51:24.615,1.0,detected,1.0,2,1.0_0.1,21.943434125410214,1.0_0.1,1.0_0.1,"q=0.99,k=1",3
fault_7,2022-07-17 10:52:04.407,True,2022-07-17 10:52:04.407,2022-07-17 10:52:05.407,1.0,detected,1.0,2,1.0_0.1,21.943434125410214,1.0_0.1,1.0_0.1,"q=0.99,k=1",3
fault_11,2022-07-17 10:52:38.172,True,2022-07-17 10:52:38.172,2022-07-17 10:52:39.172,1.0,detected,1.0,3,1.0_0.1,24.313481355703537,1.0_0.1,1.0_0.1,"q=0.99,k=1",3
fault_16,2022-07-17 10:53:18.444,True,2022-07-17 10:53:18.444,2022-07-17 10:53:19.444,1.0,detected,1.0,3,1.0_0.1,24.313481355703537,1.0_0.1,1.0_0.1,"q=0.99,k=1",3
fault_18,2022-07-17 10:53:34.639,True,2022-07-17 10:53:34.639,2022-07-17 10:53:35.639,1.0,detected,1.0,3,1.0_0.1,24.313481355703537,1.0_0.1,1.0_0.1,"q=0.99,k=1",3
fault_20,2022-07-17 10:53:52.140,True,2022-07-17 10:53:52.140,2022-07-17 10:53:53.140,1.0,detected,1.0,3,1.0_0.1,24.313481355703537,1.0_0.1,1.0_0.1,"q=0.99,k=1",3
fault_1,2022-07-17 10:51:16.724,True,2022-07-17 10:51:16.824,2022-07-17 10:51:17.824,1.1,detected,1.0,0,1.0_0.1,36.770170054214454,1.0_0.1,1.0_0.1,"q=0.99,k=2",3
fault_3,2022-07-17 10:51:31.734,True,2022-07-17 10:51:31.834,2022-07-17 10:51:32.834,1.1,detected,1.0,0,1.0_0.1,36.770170054214454,1.0_0.1,1.0_0.1,"q=0.99,k=2",3
fault_4,2022-07-17 10:51:39.999,True,2022-07-17 10:51:40.099,2022-07-17 10:51:41.099,1.1,detected,1.0,0,1.0_0.1,36.770170054214454,1.0_0.1,1.0_0.1,"q=0.99,k=2",3
fault_6,2022-07-17 10:51:56.684,True,2022-07-17 10:51:56.784,2022-07-17 10:51:57.784,1.1,detected,1.0,0,1.0_0.1,36.770170054214454,1.0_0.1,1.0_0.1,"q=0.99,k=2",3
fault_12,2022-07-17 10:52:45.655,True,2022-07-17 10:52:45.755,2022-07-17 10:52:46.755,1.1,detected,1.0,1,1.0_0.1,22.762794611588983,1.0_0.1,1.0_0.1,"q=0.99,k=2",3
fault_14,2022-07-17 10:53:01.909,True,2022-07-17 10:53:02.009,2022-07-17 10:53:03.009,1.1,detected,1.0,1,1.0_0.1,22.762794611588983,1.0_0.1,1.0_0.1,"q=0.99,k=2",3
fault_15,2022-07-17 10:53:11.764,True,2022-07-17 10:53:12.364,2022-07-17 10:53:13.364,1.6,detected,1.0,1,1.0_0.1,22.762794611588983,1.0_0.1,1.0_0.1,"q=0.99,k=2",3
fault_8,2022-07-17 10:52:12.567,True,2022-07-17 10:52:12.667,2022-07-17 10:52:13.667,1.1,detected,1.0,1,1.0_0.1,22.762794611588983,1.0_0.1,1.0_0.1,"q=0.99,k=2",3
fault_13,2022-07-17 10:52:53.769,True,2022-07-17 10:52:53.869,2022-07-17 10:52:54.869,1.1,detected,1.0,2,1.0_0.1,21.943434125410214,1.0_0.1,1.0_0.1,"q=0.99,k=2",3
fault_17,2022-07-17 10:53:26.553,True,2022-07-17 10:53:26.653,2022-07-17 10:53:27.653,1.1,detected,1.0,2,1.0_0.1,21.943434125410214,1.0_0.1,1.0_0.1,"q=0.99,k=2",3
fault_2,2022-07-17 10:51:23.615,True,2022-07-17 10:51:23.715,2022-07-17 10:51:24.715,1.1,detected,1.0,2,1.0_0.1,21.943434125410214,1.0_0.1,1.0_0.1,"q=0.99,k=2",3
fault_7,2022-07-17 10:52:04.407,True,2022-07-17 10:52:04.507,2022-07-17 10:52:05.507,1.1,detected,1.0,2,1.0_0.1,21.943434125410214,1.0_0.1,1.0_0.1,"q=0.99,k=2",3
fault_11,2022-07-17 10:52:38.172,True,2022-07-17 10:52:38.272,2022-07-17 10:52:39.272,1.1,detected,1.0,3,1.0_0.1,24.313481355703537,1.0_0.1,1.0_0.1,"q=0.99,k=2",3
fault_16,2022-07-17 10:53:18.444,True,2022-07-17 10:53:18.544,2022-07-17 10:53:19.544,1.1,detected,1.0,3,1.0_0.1,24.313481355703537,1.0_0.1,1.0_0.1,"q=0.99,k=2",3
fault_18,2022-07-17 10:53:34.639,True,2022-07-17 10:53:34.739,2022-07-17 10:53:35.739,1.1,detected,1.0,3,1.0_0.1,24.313481355703537,1.0_0.1,1.0_0.1,"q=0.99,k=2",3
fault_20,2022-07-17 10:53:52.140,True,2022-07-17 10:53:52.240,2022-07-17 10:53:53.240,1.1,detected,1.0,3,1.0_0.1,24.313481355703537,1.0_0.1,1.0_0.1,"q=0.99,k=2",3
fault_1,2022-07-17 10:51:16.724,True,2022-07-17 10:51:16.924,2022-07-17 10:51:17.924,1.2,detected,1.0,0,1.0_0.1,36.770170054214454,1.0_0.1,1.0_0.1,"q=0.99,k=3",3
fault_3,2022-07-17 10:51:31.734,True,2022-07-17 10:51:31.934,2022-07-17 10:51:32.934,1.2,detected,1.0,0,1.0_0.1,36.770170054214454,1.0_0.1,1.0_0.1,"q=0.99,k=3",3
fault_4,2022-07-17 10:51:39.999,True,2022-07-17 10:51:40.199,2022-07-17 10:51:41.199,1.2,detected,1.0,0,1.0_0.1,36.770170054214454,1.0_0.1,1.0_0.1,"q=0.99,k=3",3
fault_6,2022-07-17 10:51:56.684,True,2022-07-17 10:51:56.884,2022-07-17 10:51:57.884,1.2,detected,1.0,0,1.0_0.1,36.770170054214454,1.0_0.1,1.0_0.1,"q=0.99,k=3",3
fault_12,2022-07-17 10:52:45.655,True,2022-07-17 10:52:45.855,2022-07-17 10:52:46.855,1.2,detected,1.0,1,1.0_0.1,22.762794611588983,1.0_0.1,1.0_0.1,"q=0.99,k=3",3
fault_14,2022-07-17 10:53:01.909,True,2022-07-17 10:53:02.109,2022-07-17 10:53:03.109,1.2,detected,1.0,1,1.0_0.1,22.762794611588983,1.0_0.1,1.0_0.1,"q=0.99,k=3",3
fault_15,2022-07-17 10:53:11.764,True,2022-07-17 10:53:12.464,2022-07-17 10:53:13.464,1.7,detected,1.0,1,1.0_0.1,22.762794611588983,1.0_0.1,1.0_0.1,"q=0.99,k=3",3
fault_8,2022-07-17 10:52:12.567,True,2022-07-17 10:52:12.767,2022-07-17 10:52:13.767,1.2,detected,1.0,1,1.0_0.1,22.762794611588983,1.0_0.1,1.0_0.1,"q=0.99,k=3",3
fault_13,2022-07-17 10:52:53.769,True,2022-07-17 10:52:53.969,2022-07-17 10:52:54.969,1.2,detected,1.0,2,1.0_0.1,21.943434125410214,1.0_0.1,1.0_0.1,"q=0.99,k=3",3
fault_17,2022-07-17 10:53:26.553,True,2022-07-17 10:53:26.753,2022-07-17 10:53:27.753,1.2,detected,1.0,2,1.0_0.1,21.943434125410214,1.0_0.1,1.0_0.1,"q=0.99,k=3",3
fault_2,2022-07-17 10:51:23.615,True,2022-07-17 10:51:23.815,2022-07-17 10:51:24.815,1.2,detected,1.0,2,1.0_0.1,21.943434125410214,1.0_0.1,1.0_0.1,"q=0.99,k=3",3
fault_7,2022-07-17 10:52:04.407,True,2022-07-17 10:52:04.607,2022-07-17 10:52:05.607,1.2,detected,1.0,2,1.0_0.1,21.943434125410214,1.0_0.1,1.0_0.1,"q=0.99,k=3",3
fault_11,2022-07-17 10:52:38.172,True,2022-07-17 10:52:38.372,2022-07-17 10:52:39.372,1.2,detected,1.0,3,1.0_0.1,24.313481355703537,1.0_0.1,1.0_0.1,"q=0.99,k=3",3
fault_16,2022-07-17 10:53:18.444,True,2022-07-17 10:53:18.644,2022-07-17 10:53:19.644,1.2,detected,1.0,3,1.0_0.1,24.313481355703537,1.0_0.1,1.0_0.1,"q=0.99,k=3",3
fault_18,2022-07-17 10:53:34.639,True,2022-07-17 10:53:34.839,2022-07-17 10:53:35.839,1.2,detected,1.0,3,1.0_0.1,24.313481355703537,1.0_0.1,1.0_0.1,"q=0.99,k=3",3
fault_20,2022-07-17 10:53:52.140,True,2022-07-17 10:53:52.340,2022-07-17 10:53:53.340,1.2,detected,1.0,3,1.0_0.1,24.313481355703537,1.0_0.1,1.0_0.1,"q=0.99,k=3",3
fault_1,2022-07-17 10:51:16.724,True,2022-07-17 10:51:16.724,2022-07-17 10:51:17.724,1.0,detected,1.0,0,1.0_0.1,47.40778238591917,1.0_0.1,1.0_0.1,"q=0.995,k=1",3
fault_3,2022-07-17 10:51:31.734,True,2022-07-17 10:51:31.734,2022-07-17 10:51:32.734,1.0,detected,1.0,0,1.0_0.1,47.40778238591917,1.0_0.1,1.0_0.1,"q=0.995,k=1",3
fault_4,2022-07-17 10:51:39.999,True,2022-07-17 10:51:39.999,2022-07-17 10:51:40.999,1.0,detected,1.0,0,1.0_0.1,47.40778238591917,1.0_0.1,1.0_0.1,"q=0.995,k=1",3
fault_6,2022-07-17 10:51:56.684,True,2022-07-17 10:51:56.684,2022-07-17 10:51:57.684,1.0,detected,1.0,0,1.0_0.1,47.40778238591917,1.0_0.1,1.0_0.1,"q=0.995,k=1",3
fault_12,2022-07-17 10:52:45.655,True,2022-07-17 10:52:45.655,2022-07-17 10:52:46.655,1.0,detected,1.0,1,1.0_0.1,26.09932465429952,1.0_0.1,1.0_0.1,"q=0.995,k=1",3
fault_14,2022-07-17 10:53:01.909,True,2022-07-17 10:53:01.909,2022-07-17 10:53:02.909,1.0,detected,1.0,1,1.0_0.1,26.09932465429952,1.0_0.1,1.0_0.1,"q=0.995,k=1",3
fault_15,2022-07-17 10:53:11.764,True,2022-07-17 10:53:12.264,2022-07-17 10:53:13.264,1.5,detected,1.0,1,1.0_0.1,26.09932465429952,1.0_0.1,1.0_0.1,"q=0.995,k=1",3
fault_8,2022-07-17 10:52:12.567,True,2022-07-17 10:52:12.567,2022-07-17 10:52:13.567,1.0,detected,1.0,1,1.0_0.1,26.09932465429952,1.0_0.1,1.0_0.1,"q=0.995,k=1",3
fault_13,2022-07-17 10:52:53.769,True,2022-07-17 10:52:53.769,2022-07-17 10:52:54.769,1.0,detected,1.0,2,1.0_0.1,24.345022206793097,1.0_0.1,1.0_0.1,"q=0.995,k=1",3
fault_17,2022-07-17 10:53:26.553,True,2022-07-17 10:53:26.553,2022-07-17 10:53:27.553,1.0,detected,1.0,2,1.0_0.1,24.345022206793097,1.0_0.1,1.0_0.1,"q=0.995,k=1",3
fault_2,2022-07-17 10:51:23.615,True,2022-07-17 10:51:23.615,2022-07-17 10:51:24.615,1.0,detected,1.0,2,1.0_0.1,24.345022206793097,1.0_0.1,1.0_0.1,"q=0.995,k=1",3
fault_7,2022-07-17 10:52:04.407,True,2022-07-17 10:52:04.407,2022-07-17 10:52:05.407,1.0,detected,1.0,2,1.0_0.1,24.345022206793097,1.0_0.1,1.0_0.1,"q=0.995,k=1",3
fault_11,2022-07-17 10:52:38.172,True,2022-07-17 10:52:38.172,2022-07-17 10:52:39.172,1.0,detected,1.0,3,1.0_0.1,27.23910933583149,1.0_0.1,1.0_0.1,"q=0.995,k=1",3
fault_16,2022-07-17 10:53:18.444,True,2022-07-17 10:53:18.444,2022-07-17 10:53:19.444,1.0,detected,1.0,3,1.0_0.1,27.23910933583149,1.0_0.1,1.0_0.1,"q=0.995,k=1",3
fault_18,2022-07-17 10:53:34.639,True,2022-07-17 10:53:34.639,2022-07-17 10:53:35.639,1.0,detected,1.0,3,1.0_0.1,27.23910933583149,1.0_0.1,1.0_0.1,"q=0.995,k=1",3
fault_20,2022-07-17 10:53:52.140,True,2022-07-17 10:53:52.140,2022-07-17 10:53:53.140,1.0,detected,1.0,3,1.0_0.1,27.23910933583149,1.0_0.1,1.0_0.1,"q=0.995,k=1",3
fault_1,2022-07-17 10:51:16.724,True,2022-07-17 10:51:16.824,2022-07-17 10:51:17.824,1.1,detected,1.0,0,1.0_0.1,47.40778238591917,1.0_0.1,1.0_0.1,"q=0.995,k=2",3
fault_3,2022-07-17 10:51:31.734,True,2022-07-17 10:51:31.834,2022-07-17 10:51:32.834,1.1,detected,1.0,0,1.0_0.1,47.40778238591917,1.0_0.1,1.0_0.1,"q=0.995,k=2",3
fault_4,2022-07-17 10:51:39.999,True,2022-07-17 10:51:40.099,2022-07-17 10:51:41.099,1.1,detected,1.0,0,1.0_0.1,47.40778238591917,1.0_0.1,1.0_0.1,"q=0.995,k=2",3
fault_6,2022-07-17 10:51:56.684,True,2022-07-17 10:51:56.784,2022-07-17 10:51:57.784,1.1,detected,1.0,0,1.0_0.1,47.40778238591917,1.0_0.1,1.0_0.1,"q=0.995,k=2",3
fault_12,2022-07-17 10:52:45.655,True,2022-07-17 10:52:45.755,2022-07-17 10:52:46.755,1.1,detected,1.0,1,1.0_0.1,26.09932465429952,1.0_0.1,1.0_0.1,"q=0.995,k=2",3
fault_14,2022-07-17 10:53:01.909,True,2022-07-17 10:53:02.009,2022-07-17 10:53:03.009,1.1,detected,1.0,1,1.0_0.1,26.09932465429952,1.0_0.1,1.0_0.1,"q=0.995,k=2",3
fault_15,2022-07-17 10:53:11.764,True,2022-07-17 10:53:12.364,2022-07-17 10:53:13.364,1.6,detected,1.0,1,1.0_0.1,26.09932465429952,1.0_0.1,1.0_0.1,"q=0.995,k=2",3
fault_8,2022-07-17 10:52:12.567,True,2022-07-17 10:52:12.667,2022-07-17 10:52:13.667,1.1,detected,1.0,1,1.0_0.1,26.09932465429952,1.0_0.1,1.0_0.1,"q=0.995,k=2",3
fault_13,2022-07-17 10:52:53.769,True,2022-07-17 10:52:53.869,2022-07-17 10:52:54.869,1.1,detected,1.0,2,1.0_0.1,24.345022206793097,1.0_0.1,1.0_0.1,"q=0.995,k=2",3
fault_17,2022-07-17 10:53:26.553,True,2022-07-17 10:53:26.653,2022-07-17 10:53:27.653,1.1,detected,1.0,2,1.0_0.1,24.345022206793097,1.0_0.1,1.0_0.1,"q=0.995,k=2",3
fault_2,2022-07-17 10:51:23.615,True,2022-07-17 10:51:23.715,2022-07-17 10:51:24.715,1.1,detected,1.0,2,1.0_0.1,24.345022206793097,1.0_0.1,1.0_0.1,"q=0.995,k=2",3
fault_7,2022-07-17 10:52:04.407,True,2022-07-17 10:52:04.507,2022-07-17 10:52:05.507,1.1,detected,1.0,2,1.0_0.1,24.345022206793097,1.0_0.1,1.0_0.1,"q=0.995,k=2",3
fault_11,2022-07-17 10:52:38.172,True,2022-07-17 10:52:38.272,2022-07-17 10:52:39.272,1.1,detected,1.0,3,1.0_0.1,27.23910933583149,1.0_0.1,1.0_0.1,"q=0.995,k=2",3
fault_16,2022-07-17 10:53:18.444,True,2022-07-17 10:53:18.544,2022-07-17 10:53:19.544,1.1,detected,1.0,3,1.0_0.1,27.23910933583149,1.0_0.1,1.0_0.1,"q=0.995,k=2",3
fault_18,2022-07-17 10:53:34.639,True,2022-07-17 10:53:34.739,2022-07-17 10:53:35.739,1.1,detected,1.0,3,1.0_0.1,27.23910933583149,1.0_0.1,1.0_0.1,"q=0.995,k=2",3
fault_20,2022-07-17 10:53:52.140,True,2022-07-17 10:53:52.240,2022-07-17 10:53:53.240,1.1,detected,1.0,3,1.0_0.1,27.23910933583149,1.0_0.1,1.0_0.1,"q=0.995,k=2",3
fault_1,2022-07-17 10:51:16.724,True,2022-07-17 10:51:16.924,2022-07-17 10:51:17.924,1.2,detected,1.0,0,1.0_0.1,47.40778238591917,1.0_0.1,1.0_0.1,"q=0.995,k=3",3
fault_3,2022-07-17 10:51:31.734,True,2022-07-17 10:51:31.934,2022-07-17 10:51:32.934,1.2,detected,1.0,0,1.0_0.1,47.40778238591917,1.0_0.1,1.0_0.1,"q=0.995,k=3",3
fault_4,2022-07-17 10:51:39.999,True,2022-07-17 10:51:40.199,2022-07-17 10:51:41.199,1.2,detected,1.0,0,1.0_0.1,47.40778238591917,1.0_0.1,1.0_0.1,"q=0.995,k=3",3
fault_6,2022-07-17 10:51:56.684,True,2022-07-17 10:51:56.884,2022-07-17 10:51:57.884,1.2,detected,1.0,0,1.0_0.1,47.40778238591917,1.0_0.1,1.0_0.1,"q=0.995,k=3",3
fault_12,2022-07-17 10:52:45.655,True,2022-07-17 10:52:45.855,2022-07-17 10:52:46.855,1.2,detected,1.0,1,1.0_0.1,26.09932465429952,1.0_0.1,1.0_0.1,"q=0.995,k=3",3
fault_14,2022-07-17 10:53:01.909,True,2022-07-17 10:53:02.109,2022-07-17 10:53:03.109,1.2,detected,1.0,1,1.0_0.1,26.09932465429952,1.0_0.1,1.0_0.1,"q=0.995,k=3",3
fault_15,2022-07-17 10:53:11.764,True,2022-07-17 10:53:12.464,2022-07-17 10:53:13.464,1.7,detected,1.0,1,1.0_0.1,26.09932465429952,1.0_0.1,1.0_0.1,"q=0.995,k=3",3
fault_8,2022-07-17 10:52:12.567,True,2022-07-17 10:52:12.767,2022-07-17 10:52:13.767,1.2,detected,1.0,1,1.0_0.1,26.09932465429952,1.0_0.1,1.0_0.1,"q=0.995,k=3",3
fault_13,2022-07-17 10:52:53.769,True,2022-07-17 10:52:53.969,2022-07-17 10:52:54.969,1.2,detected,1.0,2,1.0_0.1,24.345022206793097,1.0_0.1,1.0_0.1,"q=0.995,k=3",3
fault_17,2022-07-17 10:53:26.553,True,2022-07-17 10:53:26.753,2022-07-17 10:53:27.753,1.2,detected,1.0,2,1.0_0.1,24.345022206793097,1.0_0.1,1.0_0.1,"q=0.995,k=3",3
fault_2,2022-07-17 10:51:23.615,True,2022-07-17 10:51:23.815,2022-07-17 10:51:24.815,1.2,detected,1.0,2,1.0_0.1,24.345022206793097,1.0_0.1,1.0_0.1,"q=0.995,k=3",3
fault_7,2022-07-17 10:52:04.407,True,2022-07-17 10:52:04.607,2022-07-17 10:52:05.607,1.2,detected,1.0,2,1.0_0.1,24.345022206793097,1.0_0.1,1.0_0.1,"q=0.995,k=3",3
fault_11,2022-07-17 10:52:38.172,True,2022-07-17 10:52:38.372,2022-07-17 10:52:39.372,1.2,detected,1.0,3,1.0_0.1,27.23910933583149,1.0_0.1,1.0_0.1,"q=0.995,k=3",3
fault_16,2022-07-17 10:53:18.444,True,2022-07-17 10:53:18.644,2022-07-17 10:53:19.644,1.2,detected,1.0,3,1.0_0.1,27.23910933583149,1.0_0.1,1.0_0.1,"q=0.995,k=3",3
fault_18,2022-07-17 10:53:34.639,True,2022-07-17 10:53:34.839,2022-07-17 10:53:35.839,1.2,detected,1.0,3,1.0_0.1,27.23910933583149,1.0_0.1,1.0_0.1,"q=0.995,k=3",3
fault_20,2022-07-17 10:53:52.140,True,2022-07-17 10:53:52.340,2022-07-17 10:53:53.340,1.2,detected,1.0,3,1.0_0.1,27.23910933583149,1.0_0.1,1.0_0.1,"q=0.995,k=3",3
fault_1,2022-07-17 10:51:16.724,True,2022-07-17 10:51:16.724,2022-07-17 10:51:17.724,1.0,detected,1.0,0,1.0_0.1,53.03211027829853,1.0_0.1,1.0_0.1,"q=0.998,k=1",3
fault_3,2022-07-17 10:51:31.734,True,2022-07-17 10:51:31.734,2022-07-17 10:51:32.734,1.0,detected,1.0,0,1.0_0.1,53.03211027829853,1.0_0.1,1.0_0.1,"q=0.998,k=1",3
fault_4,2022-07-17 10:51:39.999,True,2022-07-17 10:51:39.999,2022-07-17 10:51:40.999,1.0,detected,1.0,0,1.0_0.1,53.03211027829853,1.0_0.1,1.0_0.1,"q=0.998,k=1",3
fault_6,2022-07-17 10:51:56.684,True,2022-07-17 10:51:56.684,2022-07-17 10:51:57.684,1.0,detected,1.0,0,1.0_0.1,53.03211027829853,1.0_0.1,1.0_0.1,"q=0.998,k=1",3
fault_12,2022-07-17 10:52:45.655,True,2022-07-17 10:52:45.655,2022-07-17 10:52:46.655,1.0,detected,1.0,1,1.0_0.1,28.726602316324538,1.0_0.1,1.0_0.1,"q=0.998,k=1",3
fault_14,2022-07-17 10:53:01.909,True,2022-07-17 10:53:01.909,2022-07-17 10:53:02.909,1.0,detected,1.0,1,1.0_0.1,28.726602316324538,1.0_0.1,1.0_0.1,"q=0.998,k=1",3
fault_15,2022-07-17 10:53:11.764,True,2022-07-17 10:53:12.264,2022-07-17 10:53:13.264,1.5,detected,1.0,1,1.0_0.1,28.726602316324538,1.0_0.1,1.0_0.1,"q=0.998,k=1",3
fault_8,2022-07-17 10:52:12.567,True,2022-07-17 10:52:12.567,2022-07-17 10:52:13.567,1.0,detected,1.0,1,1.0_0.1,28.726602316324538,1.0_0.1,1.0_0.1,"q=0.998,k=1",3
fault_13,2022-07-17 10:52:53.769,True,2022-07-17 10:52:53.769,2022-07-17 10:52:54.769,1.0,detected,1.0,2,1.0_0.1,26.243945913369622,1.0_0.1,1.0_0.1,"q=0.998,k=1",3
fault_17,2022-07-17 10:53:26.553,True,2022-07-17 10:53:26.553,2022-07-17 10:53:27.553,1.0,detected,1.0,2,1.0_0.1,26.243945913369622,1.0_0.1,1.0_0.1,"q=0.998,k=1",3
fault_2,2022-07-17 10:51:23.615,True,2022-07-17 10:51:23.615,2022-07-17 10:51:24.615,1.0,detected,1.0,2,1.0_0.1,26.243945913369622,1.0_0.1,1.0_0.1,"q=0.998,k=1",3
fault_7,2022-07-17 10:52:04.407,True,2022-07-17 10:52:04.407,2022-07-17 10:52:05.407,1.0,detected,1.0,2,1.0_0.1,26.243945913369622,1.0_0.1,1.0_0.1,"q=0.998,k=1",3
fault_11,2022-07-17 10:52:38.172,True,2022-07-17 10:52:38.172,2022-07-17 10:52:39.172,1.0,detected,1.0,3,1.0_0.1,37.520501843501485,1.0_0.1,1.0_0.1,"q=0.998,k=1",3
fault_16,2022-07-17 10:53:18.444,True,2022-07-17 10:53:18.444,2022-07-17 10:53:19.444,1.0,detected,1.0,3,1.0_0.1,37.520501843501485,1.0_0.1,1.0_0.1,"q=0.998,k=1",3
fault_18,2022-07-17 10:53:34.639,True,2022-07-17 10:53:34.639,2022-07-17 10:53:35.639,1.0,detected,1.0,3,1.0_0.1,37.520501843501485,1.0_0.1,1.0_0.1,"q=0.998,k=1",3
fault_20,2022-07-17 10:53:52.140,True,2022-07-17 10:53:52.140,2022-07-17 10:53:53.140,1.0,detected,1.0,3,1.0_0.1,37.520501843501485,1.0_0.1,1.0_0.1,"q=0.998,k=1",3
fault_1,2022-07-17 10:51:16.724,True,2022-07-17 10:51:16.824,2022-07-17 10:51:17.824,1.1,detected,1.0,0,1.0_0.1,53.03211027829853,1.0_0.1,1.0_0.1,"q=0.998,k=2",3
fault_3,2022-07-17 10:51:31.734,True,2022-07-17 10:51:31.834,2022-07-17 10:51:32.834,1.1,detected,1.0,0,1.0_0.1,53.03211027829853,1.0_0.1,1.0_0.1,"q=0.998,k=2",3
fault_4,2022-07-17 10:51:39.999,True,2022-07-17 10:51:40.099,2022-07-17 10:51:41.099,1.1,detected,1.0,0,1.0_0.1,53.03211027829853,1.0_0.1,1.0_0.1,"q=0.998,k=2",3
fault_6,2022-07-17 10:51:56.684,True,2022-07-17 10:51:56.784,2022-07-17 10:51:57.784,1.1,detected,1.0,0,1.0_0.1,53.03211027829853,1.0_0.1,1.0_0.1,"q=0.998,k=2",3
fault_12,2022-07-17 10:52:45.655,True,2022-07-17 10:52:45.755,2022-07-17 10:52:46.755,1.1,detected,1.0,1,1.0_0.1,28.726602316324538,1.0_0.1,1.0_0.1,"q=0.998,k=2",3
fault_14,2022-07-17 10:53:01.909,True,2022-07-17 10:53:02.009,2022-07-17 10:53:03.009,1.1,detected,1.0,1,1.0_0.1,28.726602316324538,1.0_0.1,1.0_0.1,"q=0.998,k=2",3
fault_15,2022-07-17 10:53:11.764,True,2022-07-17 10:53:12.364,2022-07-17 10:53:13.364,1.6,detected,1.0,1,1.0_0.1,28.726602316324538,1.0_0.1,1.0_0.1,"q=0.998,k=2",3
fault_8,2022-07-17 10:52:12.567,True,2022-07-17 10:52:12.667,2022-07-17 10:52:13.667,1.1,detected,1.0,1,1.0_0.1,28.726602316324538,1.0_0.1,1.0_0.1,"q=0.998,k=2",3
fault_13,2022-07-17 10:52:53.769,True,2022-07-17 10:52:53.869,2022-07-17 10:52:54.869,1.1,detected,1.0,2,1.0_0.1,26.243945913369622,1.0_0.1,1.0_0.1,"q=0.998,k=2",3
fault_17,2022-07-17 10:53:26.553,True,2022-07-17 10:53:26.653,2022-07-17 10:53:27.653,1.1,detected,1.0,2,1.0_0.1,26.243945913369622,1.0_0.1,1.0_0.1,"q=0.998,k=2",3
fault_2,2022-07-17 10:51:23.615,True,2022-07-17 10:51:23.715,2022-07-17 10:51:24.715,1.1,detected,1.0,2,1.0_0.1,26.243945913369622,1.0_0.1,1.0_0.1,"q=0.998,k=2",3
fault_7,2022-07-17 10:52:04.407,True,2022-07-17 10:52:04.507,2022-07-17 10:52:05.507,1.1,detected,1.0,2,1.0_0.1,26.243945913369622,1.0_0.1,1.0_0.1,"q=0.998,k=2",3
fault_11,2022-07-17 10:52:38.172,True,2022-07-17 10:52:38.272,2022-07-17 10:52:39.272,1.1,detected,1.0,3,1.0_0.1,37.520501843501485,1.0_0.1,1.0_0.1,"q=0.998,k=2",3
fault_16,2022-07-17 10:53:18.444,True,2022-07-17 10:53:18.544,2022-07-17 10:53:19.544,1.1,detected,1.0,3,1.0_0.1,37.520501843501485,1.0_0.1,1.0_0.1,"q=0.998,k=2",3
fault_18,2022-07-17 10:53:34.639,True,2022-07-17 10:53:34.739,2022-07-17 10:53:35.739,1.1,detected,1.0,3,1.0_0.1,37.520501843501485,1.0_0.1,1.0_0.1,"q=0.998,k=2",3
fault_20,2022-07-17 10:53:52.140,True,2022-07-17 10:53:52.240,2022-07-17 10:53:53.240,1.1,detected,1.0,3,1.0_0.1,37.520501843501485,1.0_0.1,1.0_0.1,"q=0.998,k=2",3
fault_1,2022-07-17 10:51:16.724,True,2022-07-17 10:51:16.924,2022-07-17 10:51:17.924,1.2,detected,1.0,0,1.0_0.1,53.03211027829853,1.0_0.1,1.0_0.1,"q=0.998,k=3",3
fault_3,2022-07-17 10:51:31.734,True,2022-07-17 10:51:31.934,2022-07-17 10:51:32.934,1.2,detected,1.0,0,1.0_0.1,53.03211027829853,1.0_0.1,1.0_0.1,"q=0.998,k=3",3
fault_4,2022-07-17 10:51:39.999,True,2022-07-17 10:51:40.199,2022-07-17 10:51:41.199,1.2,detected,1.0,0,1.0_0.1,53.03211027829853,1.0_0.1,1.0_0.1,"q=0.998,k=3",3
fault_6,2022-07-17 10:51:56.684,True,2022-07-17 10:51:56.884,2022-07-17 10:51:57.884,1.2,detected,1.0,0,1.0_0.1,53.03211027829853,1.0_0.1,1.0_0.1,"q=0.998,k=3",3
fault_12,2022-07-17 10:52:45.655,True,2022-07-17 10:52:45.855,2022-07-17 10:52:46.855,1.2,detected,1.0,1,1.0_0.1,28.726602316324538,1.0_0.1,1.0_0.1,"q=0.998,k=3",3
fault_14,2022-07-17 10:53:01.909,True,2022-07-17 10:53:02.109,2022-07-17 10:53:03.109,1.2,detected,1.0,1,1.0_0.1,28.726602316324538,1.0_0.1,1.0_0.1,"q=0.998,k=3",3
fault_15,2022-07-17 10:53:11.764,True,2022-07-17 10:53:12.464,2022-07-17 10:53:13.464,1.7,detected,1.0,1,1.0_0.1,28.726602316324538,1.0_0.1,1.0_0.1,"q=0.998,k=3",3
fault_8,2022-07-17 10:52:12.567,True,2022-07-17 10:52:12.767,2022-07-17 10:52:13.767,1.2,detected,1.0,1,1.0_0.1,28.726602316324538,1.0_0.1,1.0_0.1,"q=0.998,k=3",3
fault_13,2022-07-17 10:52:53.769,True,2022-07-17 10:52:53.969,2022-07-17 10:52:54.969,1.2,detected,1.0,2,1.0_0.1,26.243945913369622,1.0_0.1,1.0_0.1,"q=0.998,k=3",3
fault_17,2022-07-17 10:53:26.553,True,2022-07-17 10:53:26.753,2022-07-17 10:53:27.753,1.2,detected,1.0,2,1.0_0.1,26.243945913369622,1.0_0.1,1.0_0.1,"q=0.998,k=3",3
fault_2,2022-07-17 10:51:23.615,True,2022-07-17 10:51:23.815,2022-07-17 10:51:24.815,1.2,detected,1.0,2,1.0_0.1,26.243945913369622,1.0_0.1,1.0_0.1,"q=0.998,k=3",3
fault_7,2022-07-17 10:52:04.407,True,2022-07-17 10:52:04.607,2022-07-17 10:52:05.607,1.2,detected,1.0,2,1.0_0.1,26.243945913369622,1.0_0.1,1.0_0.1,"q=0.998,k=3",3
fault_11,2022-07-17 10:52:38.172,True,2022-07-17 10:52:38.372,2022-07-17 10:52:39.372,1.2,detected,1.0,3,1.0_0.1,37.520501843501485,1.0_0.1,1.0_0.1,"q=0.998,k=3",3
fault_16,2022-07-17 10:53:18.444,True,2022-07-17 10:53:18.644,2022-07-17 10:53:19.644,1.2,detected,1.0,3,1.0_0.1,37.520501843501485,1.0_0.1,1.0_0.1,"q=0.998,k=3",3
fault_18,2022-07-17 10:53:34.639,True,2022-07-17 10:53:34.839,2022-07-17 10:53:35.839,1.2,detected,1.0,3,1.0_0.1,37.520501843501485,1.0_0.1,1.0_0.1,"q=0.998,k=3",3
fault_20,2022-07-17 10:53:52.140,True,2022-07-17 10:53:52.340,2022-07-17 10:53:53.340,1.2,detected,1.0,3,1.0_0.1,37.520501843501485,1.0_0.1,1.0_0.1,"q=0.998,k=3",3
fault_1,2022-07-17 10:51:16.724,True,2022-07-17 10:51:16.724,2022-07-17 10:51:17.724,1.0,detected,1.0,0,1.0_0.1,57.104927362361344,1.0_0.1,1.0_0.1,"q=0.999,k=1",3
fault_3,2022-07-17 10:51:31.734,True,2022-07-17 10:51:31.934,2022-07-17 10:51:32.934,1.2,detected,1.0,0,1.0_0.1,57.104927362361344,1.0_0.1,1.0_0.1,"q=0.999,k=1",3
fault_4,2022-07-17 10:51:39.999,True,2022-07-17 10:51:39.999,2022-07-17 10:51:40.999,1.0,detected,1.0,0,1.0_0.1,57.104927362361344,1.0_0.1,1.0_0.1,"q=0.999,k=1",3
fault_6,2022-07-17 10:51:56.684,True,2022-07-17 10:51:56.684,2022-07-17 10:51:57.684,1.0,detected,1.0,0,1.0_0.1,57.104927362361344,1.0_0.1,1.0_0.1,"q=0.999,k=1",3
fault_12,2022-07-17 10:52:45.655,True,2022-07-17 10:52:45.655,2022-07-17 10:52:46.655,1.0,detected,1.0,1,1.0_0.1,31.315160556907607,1.0_0.1,1.0_0.1,"q=0.999,k=1",3
fault_14,2022-07-17 10:53:01.909,True,2022-07-17 10:53:01.909,2022-07-17 10:53:02.909,1.0,detected,1.0,1,1.0_0.1,31.315160556907607,1.0_0.1,1.0_0.1,"q=0.999,k=1",3
fault_15,2022-07-17 10:53:11.764,True,2022-07-17 10:53:12.264,2022-07-17 10:53:13.264,1.5,detected,1.0,1,1.0_0.1,31.315160556907607,1.0_0.1,1.0_0.1,"q=0.999,k=1",3
fault_8,2022-07-17 10:52:12.567,True,2022-07-17 10:52:12.567,2022-07-17 10:52:13.567,1.0,detected,1.0,1,1.0_0.1,31.315160556907607,1.0_0.1,1.0_0.1,"q=0.999,k=1",3
fault_13,2022-07-17 10:52:53.769,True,2022-07-17 10:52:53.769,2022-07-17 10:52:54.769,1.0,detected,1.0,2,1.0_0.1,27.92729475175876,1.0_0.1,1.0_0.1,"q=0.999,k=1",3
fault_17,2022-07-17 10:53:26.553,True,2022-07-17 10:53:26.553,2022-07-17 10:53:27.553,1.0,detected,1.0,2,1.0_0.1,27.92729475175876,1.0_0.1,1.0_0.1,"q=0.999,k=1",3
fault_2,2022-07-17 10:51:23.615,True,2022-07-17 10:51:23.615,2022-07-17 10:51:24.615,1.0,detected,1.0,2,1.0_0.1,27.92729475175876,1.0_0.1,1.0_0.1,"q=0.999,k=1",3
fault_7,2022-07-17 10:52:04.407,True,2022-07-17 10:52:04.407,2022-07-17 10:52:05.407,1.0,detected,1.0,2,1.0_0.1,27.92729475175876,1.0_0.1,1.0_0.1,"q=0.999,k=1",3
fault_11,2022-07-17 10:52:38.172,True,2022-07-17 10:52:38.172,2022-07-17 10:52:39.172,1.0,detected,1.0,3,1.0_0.1,41.91186049218128,1.0_0.1,1.0_0.1,"q=0.999,k=1",3
fault_16,2022-07-17 10:53:18.444,True,2022-07-17 10:53:18.444,2022-07-17 10:53:19.444,1.0,detected,1.0,3,1.0_0.1,41.91186049218128,1.0_0.1,1.0_0.1,"q=0.999,k=1",3
fault_18,2022-07-17 10:53:34.639,True,2022-07-17 10:53:34.639,2022-07-17 10:53:35.639,1.0,detected,1.0,3,1.0_0.1,41.91186049218128,1.0_0.1,1.0_0.1,"q=0.999,k=1",3
fault_20,2022-07-17 10:53:52.140,True,2022-07-17 10:53:52.140,2022-07-17 10:53:53.140,1.0,detected,1.0,3,1.0_0.1,41.91186049218128,1.0_0.1,1.0_0.1,"q=0.999,k=1",3
fault_1,2022-07-17 10:51:16.724,True,2022-07-17 10:51:16.824,2022-07-17 10:51:17.824,1.1,detected,1.0,0,1.0_0.1,57.104927362361344,1.0_0.1,1.0_0.1,"q=0.999,k=2",3
fault_3,2022-07-17 10:51:31.734,True,2022-07-17 10:51:32.034,2022-07-17 10:51:33.034,1.3,detected,1.0,0,1.0_0.1,57.104927362361344,1.0_0.1,1.0_0.1,"q=0.999,k=2",3
fault_4,2022-07-17 10:51:39.999,True,2022-07-17 10:51:40.099,2022-07-17 10:51:41.099,1.1,detected,1.0,0,1.0_0.1,57.104927362361344,1.0_0.1,1.0_0.1,"q=0.999,k=2",3
fault_6,2022-07-17 10:51:56.684,True,2022-07-17 10:51:56.784,2022-07-17 10:51:57.784,1.1,detected,1.0,0,1.0_0.1,57.104927362361344,1.0_0.1,1.0_0.1,"q=0.999,k=2",3
fault_12,2022-07-17 10:52:45.655,True,2022-07-17 10:52:45.755,2022-07-17 10:52:46.755,1.1,detected,1.0,1,1.0_0.1,31.315160556907607,1.0_0.1,1.0_0.1,"q=0.999,k=2",3
fault_14,2022-07-17 10:53:01.909,True,2022-07-17 10:53:02.009,2022-07-17 10:53:03.009,1.1,detected,1.0,1,1.0_0.1,31.315160556907607,1.0_0.1,1.0_0.1,"q=0.999,k=2",3
fault_15,2022-07-17 10:53:11.764,True,2022-07-17 10:53:12.364,2022-07-17 10:53:13.364,1.6,detected,1.0,1,1.0_0.1,31.315160556907607,1.0_0.1,1.0_0.1,"q=0.999,k=2",3
fault_8,2022-07-17 10:52:12.567,True,2022-07-17 10:52:12.667,2022-07-17 10:52:13.667,1.1,detected,1.0,1,1.0_0.1,31.315160556907607,1.0_0.1,1.0_0.1,"q=0.999,k=2",3
fault_13,2022-07-17 10:52:53.769,True,2022-07-17 10:52:53.869,2022-07-17 10:52:54.869,1.1,detected,1.0,2,1.0_0.1,27.92729475175876,1.0_0.1,1.0_0.1,"q=0.999,k=2",3
fault_17,2022-07-17 10:53:26.553,True,2022-07-17 10:53:26.653,2022-07-17 10:53:27.653,1.1,detected,1.0,2,1.0_0.1,27.92729475175876,1.0_0.1,1.0_0.1,"q=0.999,k=2",3
fault_2,2022-07-17 10:51:23.615,True,2022-07-17 10:51:23.715,2022-07-17 10:51:24.715,1.1,detected,1.0,2,1.0_0.1,27.92729475175876,1.0_0.1,1.0_0.1,"q=0.999,k=2",3
fault_7,2022-07-17 10:52:04.407,True,2022-07-17 10:52:04.507,2022-07-17 10:52:05.507,1.1,detected,1.0,2,1.0_0.1,27.92729475175876,1.0_0.1,1.0_0.1,"q=0.999,k=2",3
fault_11,2022-07-17 10:52:38.172,True,2022-07-17 10:52:38.272,2022-07-17 10:52:39.272,1.1,detected,1.0,3,1.0_0.1,41.91186049218128,1.0_0.1,1.0_0.1,"q=0.999,k=2",3
fault_16,2022-07-17 10:53:18.444,True,2022-07-17 10:53:18.544,2022-07-17 10:53:19.544,1.1,detected,1.0,3,1.0_0.1,41.91186049218128,1.0_0.1,1.0_0.1,"q=0.999,k=2",3
fault_18,2022-07-17 10:53:34.639,True,2022-07-17 10:53:34.739,2022-07-17 10:53:35.739,1.1,detected,1.0,3,1.0_0.1,41.91186049218128,1.0_0.1,1.0_0.1,"q=0.999,k=2",3
fault_20,2022-07-17 10:53:52.140,True,2022-07-17 10:53:52.240,2022-07-17 10:53:53.240,1.1,detected,1.0,3,1.0_0.1,41.91186049218128,1.0_0.1,1.0_0.1,"q=0.999,k=2",3
fault_1,2022-07-17 10:51:16.724,True,2022-07-17 10:51:16.924,2022-07-17 10:51:17.924,1.2,detected,1.0,0,1.0_0.1,57.104927362361344,1.0_0.1,1.0_0.1,"q=0.999,k=3",3
fault_3,2022-07-17 10:51:31.734,True,2022-07-17 10:51:32.134,2022-07-17 10:51:33.134,1.4,detected,1.0,0,1.0_0.1,57.104927362361344,1.0_0.1,1.0_0.1,"q=0.999,k=3",3
fault_4,2022-07-17 10:51:39.999,True,2022-07-17 10:51:40.199,2022-07-17 10:51:41.199,1.2,detected,1.0,0,1.0_0.1,57.104927362361344,1.0_0.1,1.0_0.1,"q=0.999,k=3",3
fault_6,2022-07-17 10:51:56.684,True,2022-07-17 10:51:56.884,2022-07-17 10:51:57.884,1.2,detected,1.0,0,1.0_0.1,57.104927362361344,1.0_0.1,1.0_0.1,"q=0.999,k=3",3
fault_12,2022-07-17 10:52:45.655,True,2022-07-17 10:52:45.855,2022-07-17 10:52:46.855,1.2,detected,1.0,1,1.0_0.1,31.315160556907607,1.0_0.1,1.0_0.1,"q=0.999,k=3",3
fault_14,2022-07-17 10:53:01.909,True,2022-07-17 10:53:02.109,2022-07-17 10:53:03.109,1.2,detected,1.0,1,1.0_0.1,31.315160556907607,1.0_0.1,1.0_0.1,"q=0.999,k=3",3
fault_15,2022-07-17 10:53:11.764,True,2022-07-17 10:53:12.464,2022-07-17 10:53:13.464,1.7,detected,1.0,1,1.0_0.1,31.315160556907607,1.0_0.1,1.0_0.1,"q=0.999,k=3",3
fault_8,2022-07-17 10:52:12.567,True,2022-07-17 10:52:12.767,2022-07-17 10:52:13.767,1.2,detected,1.0,1,1.0_0.1,31.315160556907607,1.0_0.1,1.0_0.1,"q=0.999,k=3",3
fault_13,2022-07-17 10:52:53.769,True,2022-07-17 10:52:53.969,2022-07-17 10:52:54.969,1.2,detected,1.0,2,1.0_0.1,27.92729475175876,1.0_0.1,1.0_0.1,"q=0.999,k=3",3
fault_17,2022-07-17 10:53:26.553,True,2022-07-17 10:53:26.753,2022-07-17 10:53:27.753,1.2,detected,1.0,2,1.0_0.1,27.92729475175876,1.0_0.1,1.0_0.1,"q=0.999,k=3",3
fault_2,2022-07-17 10:51:23.615,True,2022-07-17 10:51:23.815,2022-07-17 10:51:24.815,1.2,detected,1.0,2,1.0_0.1,27.92729475175876,1.0_0.1,1.0_0.1,"q=0.999,k=3",3
fault_7,2022-07-17 10:52:04.407,True,2022-07-17 10:52:04.607,2022-07-17 10:52:05.607,1.2,detected,1.0,2,1.0_0.1,27.92729475175876,1.0_0.1,1.0_0.1,"q=0.999,k=3",3
fault_11,2022-07-17 10:52:38.172,True,2022-07-17 10:52:38.372,2022-07-17 10:52:39.372,1.2,detected,1.0,3,1.0_0.1,41.91186049218128,1.0_0.1,1.0_0.1,"q=0.999,k=3",3
fault_16,2022-07-17 10:53:18.444,True,2022-07-17 10:53:18.644,2022-07-17 10:53:19.644,1.2,detected,1.0,3,1.0_0.1,41.91186049218128,1.0_0.1,1.0_0.1,"q=0.999,k=3",3
fault_18,2022-07-17 10:53:34.639,True,2022-07-17 10:53:34.839,2022-07-17 10:53:35.839,1.2,detected,1.0,3,1.0_0.1,41.91186049218128,1.0_0.1,1.0_0.1,"q=0.999,k=3",3
fault_20,2022-07-17 10:53:52.140,True,2022-07-17 10:53:52.340,2022-07-17 10:53:53.340,1.2,detected,1.0,3,1.0_0.1,41.91186049218128,1.0_0.1,1.0_0.1,"q=0.999,k=3",3
fault_1,2022-07-17 10:51:16.724,True,2022-07-17 10:51:16.724,2022-07-17 10:51:17.724,1.0,detected,1.0,0,1.0_0.1,58.87713733186368,1.0_0.1,1.0_0.1,"q=0.9995,k=1",3
fault_3,2022-07-17 10:51:31.734,True,2022-07-17 10:51:31.934,2022-07-17 10:51:32.934,1.2,detected,1.0,0,1.0_0.1,58.87713733186368,1.0_0.1,1.0_0.1,"q=0.9995,k=1",3
fault_4,2022-07-17 10:51:39.999,True,2022-07-17 10:51:39.999,2022-07-17 10:51:40.999,1.0,detected,1.0,0,1.0_0.1,58.87713733186368,1.0_0.1,1.0_0.1,"q=0.9995,k=1",3
fault_6,2022-07-17 10:51:56.684,True,2022-07-17 10:51:56.684,2022-07-17 10:51:57.684,1.0,detected,1.0,0,1.0_0.1,58.87713733186368,1.0_0.1,1.0_0.1,"q=0.9995,k=1",3
fault_12,2022-07-17 10:52:45.655,True,2022-07-17 10:52:45.655,2022-07-17 10:52:46.655,1.0,detected,1.0,1,1.0_0.1,32.19157866816936,1.0_0.1,1.0_0.1,"q=0.9995,k=1",3
fault_14,2022-07-17 10:53:01.909,True,2022-07-17 10:53:01.909,2022-07-17 10:53:02.909,1.0,detected,1.0,1,1.0_0.1,32.19157866816936,1.0_0.1,1.0_0.1,"q=0.9995,k=1",3
fault_15,2022-07-17 10:53:11.764,True,2022-07-17 10:53:12.264,2022-07-17 10:53:13.264,1.5,detected,1.0,1,1.0_0.1,32.19157866816936,1.0_0.1,1.0_0.1,"q=0.9995,k=1",3
fault_8,2022-07-17 10:52:12.567,True,2022-07-17 10:52:12.567,2022-07-17 10:52:13.567,1.0,detected,1.0,1,1.0_0.1,32.19157866816936,1.0_0.1,1.0_0.1,"q=0.9995,k=1",3
fault_13,2022-07-17 10:52:53.769,True,2022-07-17 10:52:53.769,2022-07-17 10:52:54.769,1.0,detected,1.0,2,1.0_0.1,30.44596778266842,1.0_0.1,1.0_0.1,"q=0.9995,k=1",3
fault_17,2022-07-17 10:53:26.553,True,2022-07-17 10:53:26.553,2022-07-17 10:53:27.553,1.0,detected,1.0,2,1.0_0.1,30.44596778266842,1.0_0.1,1.0_0.1,"q=0.9995,k=1",3
fault_2,2022-07-17 10:51:23.615,True,2022-07-17 10:51:23.615,2022-07-17 10:51:24.615,1.0,detected,1.0,2,1.0_0.1,30.44596778266842,1.0_0.1,1.0_0.1,"q=0.9995,k=1",3
fault_7,2022-07-17 10:52:04.407,True,2022-07-17 10:52:04.407,2022-07-17 10:52:05.407,1.0,detected,1.0,2,1.0_0.1,30.44596778266842,1.0_0.1,1.0_0.1,"q=0.9995,k=1",3
fault_11,2022-07-17 10:52:38.172,True,2022-07-17 10:52:38.172,2022-07-17 10:52:39.172,1.0,detected,1.0,3,1.0_0.1,49.04162551764074,1.0_0.1,1.0_0.1,"q=0.9995,k=1",3
fault_16,2022-07-17 10:53:18.444,True,2022-07-17 10:53:18.444,2022-07-17 10:53:19.444,1.0,detected,1.0,3,1.0_0.1,49.04162551764074,1.0_0.1,1.0_0.1,"q=0.9995,k=1",3
fault_18,2022-07-17 10:53:34.639,True,2022-07-17 10:53:34.639,2022-07-17 10:53:35.639,1.0,detected,1.0,3,1.0_0.1,49.04162551764074,1.0_0.1,1.0_0.1,"q=0.9995,k=1",3
fault_20,2022-07-17 10:53:52.140,True,2022-07-17 10:53:52.140,2022-07-17 10:53:53.140,1.0,detected,1.0,3,1.0_0.1,49.04162551764074,1.0_0.1,1.0_0.1,"q=0.9995,k=1",3
fault_1,2022-07-17 10:51:16.724,True,2022-07-17 10:51:16.824,2022-07-17 10:51:17.824,1.1,detected,1.0,0,1.0_0.1,58.87713733186368,1.0_0.1,1.0_0.1,"q=0.9995,k=2",3
fault_3,2022-07-17 10:51:31.734,True,2022-07-17 10:51:32.034,2022-07-17 10:51:33.034,1.3,detected,1.0,0,1.0_0.1,58.87713733186368,1.0_0.1,1.0_0.1,"q=0.9995,k=2",3
fault_4,2022-07-17 10:51:39.999,True,2022-07-17 10:51:40.099,2022-07-17 10:51:41.099,1.1,detected,1.0,0,1.0_0.1,58.87713733186368,1.0_0.1,1.0_0.1,"q=0.9995,k=2",3
fault_6,2022-07-17 10:51:56.684,True,2022-07-17 10:51:56.784,2022-07-17 10:51:57.784,1.1,detected,1.0,0,1.0_0.1,58.87713733186368,1.0_0.1,1.0_0.1,"q=0.9995,k=2",3
fault_12,2022-07-17 10:52:45.655,True,2022-07-17 10:52:45.755,2022-07-17 10:52:46.755,1.1,detected,1.0,1,1.0_0.1,32.19157866816936,1.0_0.1,1.0_0.1,"q=0.9995,k=2",3
fault_14,2022-07-17 10:53:01.909,True,2022-07-17 10:53:02.009,2022-07-17 10:53:03.009,1.1,detected,1.0,1,1.0_0.1,32.19157866816936,1.0_0.1,1.0_0.1,"q=0.9995,k=2",3
fault_15,2022-07-17 10:53:11.764,True,2022-07-17 10:53:12.364,2022-07-17 10:53:13.364,1.6,detected,1.0,1,1.0_0.1,32.19157866816936,1.0_0.1,1.0_0.1,"q=0.9995,k=2",3
fault_8,2022-07-17 10:52:12.567,True,2022-07-17 10:52:12.667,2022-07-17 10:52:13.667,1.1,detected,1.0,1,1.0_0.1,32.19157866816936,1.0_0.1,1.0_0.1,"q=0.9995,k=2",3
fault_13,2022-07-17 10:52:53.769,True,2022-07-17 10:52:53.869,2022-07-17 10:52:54.869,1.1,detected,1.0,2,1.0_0.1,30.44596778266842,1.0_0.1,1.0_0.1,"q=0.9995,k=2",3
fault_17,2022-07-17 10:53:26.553,True,2022-07-17 10:53:26.653,2022-07-17 10:53:27.653,1.1,detected,1.0,2,1.0_0.1,30.44596778266842,1.0_0.1,1.0_0.1,"q=0.9995,k=2",3
fault_2,2022-07-17 10:51:23.615,True,2022-07-17 10:51:23.715,2022-07-17 10:51:24.715,1.1,detected,1.0,2,1.0_0.1,30.44596778266842,1.0_0.1,1.0_0.1,"q=0.9995,k=2",3
fault_7,2022-07-17 10:52:04.407,True,2022-07-17 10:52:04.507,2022-07-17 10:52:05.507,1.1,detected,1.0,2,1.0_0.1,30.44596778266842,1.0_0.1,1.0_0.1,"q=0.9995,k=2",3
fault_11,2022-07-17 10:52:38.172,True,2022-07-17 10:52:38.272,2022-07-17 10:52:39.272,1.1,detected,1.0,3,1.0_0.1,49.04162551764074,1.0_0.1,1.0_0.1,"q=0.9995,k=2",3
fault_16,2022-07-17 10:53:18.444,True,2022-07-17 10:53:18.544,2022-07-17 10:53:19.544,1.1,detected,1.0,3,1.0_0.1,49.04162551764074,1.0_0.1,1.0_0.1,"q=0.9995,k=2",3
fault_18,2022-07-17 10:53:34.639,True,2022-07-17 10:53:34.739,2022-07-17 10:53:35.739,1.1,detected,1.0,3,1.0_0.1,49.04162551764074,1.0_0.1,1.0_0.1,"q=0.9995,k=2",3
fault_20,2022-07-17 10:53:52.140,True,2022-07-17 10:53:52.240,2022-07-17 10:53:53.240,1.1,detected,1.0,3,1.0_0.1,49.04162551764074,1.0_0.1,1.0_0.1,"q=0.9995,k=2",3
fault_1,2022-07-17 10:51:16.724,True,2022-07-17 10:51:16.924,2022-07-17 10:51:17.924,1.2,detected,1.0,0,1.0_0.1,58.87713733186368,1.0_0.1,1.0_0.1,"q=0.9995,k=3",3
fault_3,2022-07-17 10:51:31.734,True,2022-07-17 10:51:32.134,2022-07-17 10:51:33.134,1.4,detected,1.0,0,1.0_0.1,58.87713733186368,1.0_0.1,1.0_0.1,"q=0.9995,k=3",3
fault_4,2022-07-17 10:51:39.999,True,2022-07-17 10:51:40.199,2022-07-17 10:51:41.199,1.2,detected,1.0,0,1.0_0.1,58.87713733186368,1.0_0.1,1.0_0.1,"q=0.9995,k=3",3
fault_6,2022-07-17 10:51:56.684,True,2022-07-17 10:51:56.884,2022-07-17 10:51:57.884,1.2,detected,1.0,0,1.0_0.1,58.87713733186368,1.0_0.1,1.0_0.1,"q=0.9995,k=3",3
fault_12,2022-07-17 10:52:45.655,True,2022-07-17 10:52:45.855,2022-07-17 10:52:46.855,1.2,detected,1.0,1,1.0_0.1,32.19157866816936,1.0_0.1,1.0_0.1,"q=0.9995,k=3",3
fault_14,2022-07-17 10:53:01.909,True,2022-07-17 10:53:02.109,2022-07-17 10:53:03.109,1.2,detected,1.0,1,1.0_0.1,32.19157866816936,1.0_0.1,1.0_0.1,"q=0.9995,k=3",3
fault_15,2022-07-17 10:53:11.764,True,2022-07-17 10:53:12.464,2022-07-17 10:53:13.464,1.7,detected,1.0,1,1.0_0.1,32.19157866816936,1.0_0.1,1.0_0.1,"q=0.9995,k=3",3
fault_8,2022-07-17 10:52:12.567,True,2022-07-17 10:52:12.767,2022-07-17 10:52:13.767,1.2,detected,1.0,1,1.0_0.1,32.19157866816936,1.0_0.1,1.0_0.1,"q=0.9995,k=3",3
fault_13,2022-07-17 10:52:53.769,True,2022-07-17 10:52:53.969,2022-07-17 10:52:54.969,1.2,detected,1.0,2,1.0_0.1,30.44596778266842,1.0_0.1,1.0_0.1,"q=0.9995,k=3",3
fault_17,2022-07-17 10:53:26.553,True,2022-07-17 10:53:26.753,2022-07-17 10:53:27.753,1.2,detected,1.0,2,1.0_0.1,30.44596778266842,1.0_0.1,1.0_0.1,"q=0.9995,k=3",3
fault_2,2022-07-17 10:51:23.615,True,2022-07-17 10:51:23.815,2022-07-17 10:51:24.815,1.2,detected,1.0,2,1.0_0.1,30.44596778266842,1.0_0.1,1.0_0.1,"q=0.9995,k=3",3
fault_7,2022-07-17 10:52:04.407,True,2022-07-17 10:52:04.607,2022-07-17 10:52:05.607,1.2,detected,1.0,2,1.0_0.1,30.44596778266842,1.0_0.1,1.0_0.1,"q=0.9995,k=3",3
fault_11,2022-07-17 10:52:38.172,True,2022-07-17 10:52:38.372,2022-07-17 10:52:39.372,1.2,detected,1.0,3,1.0_0.1,49.04162551764074,1.0_0.1,1.0_0.1,"q=0.9995,k=3",3
fault_16,2022-07-17 10:53:18.444,True,2022-07-17 10:53:18.644,2022-07-17 10:53:19.644,1.2,detected,1.0,3,1.0_0.1,49.04162551764074,1.0_0.1,1.0_0.1,"q=0.9995,k=3",3
fault_18,2022-07-17 10:53:34.639,True,2022-07-17 10:53:34.839,2022-07-17 10:53:35.839,1.2,detected,1.0,3,1.0_0.1,49.04162551764074,1.0_0.1,1.0_0.1,"q=0.9995,k=3",3
fault_20,2022-07-17 10:53:52.140,True,2022-07-17 10:53:52.340,2022-07-17 10:53:53.340,1.2,detected,1.0,3,1.0_0.1,49.04162551764074,1.0_0.1,1.0_0.1,"q=0.9995,k=3",3
fault_1,2022-07-17 10:51:16.724,True,2022-07-17 10:51:16.724,2022-07-17 10:51:17.724,1.0,detected,1.0,0,1.0_0.1,53.51334372874608,1.0_0.1,1.0_0.1,"f1,k=1",3
fault_3,2022-07-17 10:51:31.734,True,2022-07-17 10:51:31.834,2022-07-17 10:51:32.834,1.1,detected,1.0,0,1.0_0.1,53.51334372874608,1.0_0.1,1.0_0.1,"f1,k=1",3
fault_4,2022-07-17 10:51:39.999,True,2022-07-17 10:51:39.999,2022-07-17 10:51:40.999,1.0,detected,1.0,0,1.0_0.1,53.51334372874608,1.0_0.1,1.0_0.1,"f1,k=1",3
fault_6,2022-07-17 10:51:56.684,True,2022-07-17 10:51:56.684,2022-07-17 10:51:57.684,1.0,detected,1.0,0,1.0_0.1,53.51334372874608,1.0_0.1,1.0_0.1,"f1,k=1",3
fault_12,2022-07-17 10:52:45.655,True,2022-07-17 10:52:45.655,2022-07-17 10:52:46.655,1.0,detected,1.0,1,1.0_0.1,62.619935017088984,1.0_0.1,1.0_0.1,"f1,k=1",3
fault_14,2022-07-17 10:53:01.909,True,2022-07-17 10:53:01.909,2022-07-17 10:53:02.909,1.0,detected,1.0,1,1.0_0.1,62.619935017088984,1.0_0.1,1.0_0.1,"f1,k=1",3
fault_15,2022-07-17 10:53:11.764,True,2022-07-17 10:53:13.164,2022-07-17 10:53:14.164,2.4,detected,1.0,1,1.0_0.1,62.619935017088984,1.0_0.1,1.0_0.1,"f1,k=1",3
fault_8,2022-07-17 10:52:12.567,True,2022-07-17 10:52:12.567,2022-07-17 10:52:13.567,1.0,detected,1.0,1,1.0_0.1,62.619935017088984,1.0_0.1,1.0_0.1,"f1,k=1",3
fault_13,2022-07-17 10:52:53.769,True,2022-07-17 10:52:53.769,2022-07-17 10:52:54.769,1.0,detected,1.0,2,1.0_0.1,87.5390950517659,1.0_0.1,1.0_0.1,"f1,k=1",3
fault_17,2022-07-17 10:53:26.553,True,2022-07-17 10:53:26.553,2022-07-17 10:53:27.553,1.0,detected,1.0,2,1.0_0.1,87.5390950517659,1.0_0.1,1.0_0.1,"f1,k=1",3
fault_2,2022-07-17 10:51:23.615,True,2022-07-17 10:51:24.015,2022-07-17 10:51:25.015,1.4,detected,1.0,2,1.0_0.1,87.5390950517659,1.0_0.1,1.0_0.1,"f1,k=1",3
fault_7,2022-07-17 10:52:04.407,True,2022-07-17 10:52:04.407,2022-07-17 10:52:05.407,1.0,detected,1.0,2,1.0_0.1,87.5390950517659,1.0_0.1,1.0_0.1,"f1,k=1",3
fault_11,2022-07-17 10:52:38.172,True,2022-07-17 10:52:38.172,2022-07-17 10:52:39.172,1.0,detected,1.0,3,1.0_0.1,40.904772930177884,1.0_0.1,1.0_0.1,"f1,k=1",3
fault_16,2022-07-17 10:53:18.444,True,2022-07-17 10:53:18.444,2022-07-17 10:53:19.444,1.0,detected,1.0,3,1.0_0.1,40.904772930177884,1.0_0.1,1.0_0.1,"f1,k=1",3
fault_18,2022-07-17 10:53:34.639,True,2022-07-17 10:53:34.639,2022-07-17 10:53:35.639,1.0,detected,1.0,3,1.0_0.1,40.904772930177884,1.0_0.1,1.0_0.1,"f1,k=1",3
fault_20,2022-07-17 10:53:52.140,True,2022-07-17 10:53:52.140,2022-07-17 10:53:53.140,1.0,detected,1.0,3,1.0_0.1,40.904772930177884,1.0_0.1,1.0_0.1,"f1,k=1",3
fault_1,2022-07-17 10:51:16.724,True,2022-07-17 10:51:16.824,2022-07-17 10:51:17.824,1.1,detected,1.0,0,1.0_0.1,53.51334372874608,1.0_0.1,1.0_0.1,"f1,k=2",3
fault_3,2022-07-17 10:51:31.734,True,2022-07-17 10:51:31.934,2022-07-17 10:51:32.934,1.2,detected,1.0,0,1.0_0.1,53.51334372874608,1.0_0.1,1.0_0.1,"f1,k=2",3
fault_4,2022-07-17 10:51:39.999,True,2022-07-17 10:51:40.099,2022-07-17 10:51:41.099,1.1,detected,1.0,0,1.0_0.1,53.51334372874608,1.0_0.1,1.0_0.1,"f1,k=2",3
fault_6,2022-07-17 10:51:56.684,True,2022-07-17 10:51:56.784,2022-07-17 10:51:57.784,1.1,detected,1.0,0,1.0_0.1,53.51334372874608,1.0_0.1,1.0_0.1,"f1,k=2",3
fault_12,2022-07-17 10:52:45.655,True,2022-07-17 10:52:45.755,2022-07-17 10:52:46.755,1.1,detected,1.0,1,1.0_0.1,62.619935017088984,1.0_0.1,1.0_0.1,"f1,k=2",3
fault_14,2022-07-17 10:53:01.909,False,,,,not_detected,1.0,1,1.0_0.1,62.619935017088984,1.0_0.1,1.0_0.1,"f1,k=2",3
fault_15,2022-07-17 10:53:11.764,True,2022-07-17 10:53:13.264,2022-07-17 10:53:14.264,2.5,detected,1.0,1,1.0_0.1,62.619935017088984,1.0_0.1,1.0_0.1,"f1,k=2",3
fault_8,2022-07-17 10:52:12.567,True,2022-07-17 10:52:12.667,2022-07-17 10:52:13.667,1.1,detected,1.0,1,1.0_0.1,62.619935017088984,1.0_0.1,1.0_0.1,"f1,k=2",3
fault_13,2022-07-17 10:52:53.769,True,2022-07-17 10:52:53.869,2022-07-17 10:52:54.869,1.1,detected,1.0,2,1.0_0.1,87.5390950517659,1.0_0.1,1.0_0.1,"f1,k=2",3
fault_17,2022-07-17 10:53:26.553,True,2022-07-17 10:53:26.653,2022-07-17 10:53:27.653,1.1,detected,1.0,2,1.0_0.1,87.5390950517659,1.0_0.1,1.0_0.1,"f1,k=2",3
fault_2,2022-07-17 10:51:23.615,True,2022-07-17 10:51:24.115,2022-07-17 10:51:25.115,1.5,detected,1.0,2,1.0_0.1,87.5390950517659,1.0_0.1,1.0_0.1,"f1,k=2",3
fault_7,2022-07-17 10:52:04.407,True,2022-07-17 10:52:04.507,2022-07-17 10:52:05.507,1.1,detected,1.0,2,1.0_0.1,87.5390950517659,1.0_0.1,1.0_0.1,"f1,k=2",3
fault_11,2022-07-17 10:52:38.172,True,2022-07-17 10:52:38.272,2022-07-17 10:52:39.272,1.1,detected,1.0,3,1.0_0.1,40.904772930177884,1.0_0.1,1.0_0.1,"f1,k=2",3
fault_16,2022-07-17 10:53:18.444,True,2022-07-17 10:53:18.544,2022-07-17 10:53:19.544,1.1,detected,1.0,3,1.0_0.1,40.904772930177884,1.0_0.1,1.0_0.1,"f1,k=2",3
fault_18,2022-07-17 10:53:34.639,True,2022-07-17 10:53:34.739,2022-07-17 10:53:35.739,1.1,detected,1.0,3,1.0_0.1,40.904772930177884,1.0_0.1,1.0_0.1,"f1,k=2",3
fault_20,2022-07-17 10:53:52.140,True,2022-07-17 10:53:52.240,2022-07-17 10:53:53.240,1.1,detected,1.0,3,1.0_0.1,40.904772930177884,1.0_0.1,1.0_0.1,"f1,k=2",3
fault_12,2022-07-17 10:52:45.655,True,2022-07-17 10:52:45.755,2022-07-17 10:52:46.755,1.1,detected,1.0,0,1.0_0.1,53.3062267559863,1.0_0.1,1.0_0.1,NESTED,4
fault_4,2022-07-17 10:51:39.999,True,2022-07-17 10:51:40.099,2022-07-17 10:51:41.099,1.1,detected,1.0,0,1.0_0.1,53.3062267559863,1.0_0.1,1.0_0.1,NESTED,4
fault_6,2022-07-17 10:51:56.684,True,2022-07-17 10:51:56.784,2022-07-17 10:51:57.784,1.1,detected,1.0,0,1.0_0.1,53.3062267559863,1.0_0.1,1.0_0.1,NESTED,4
fault_8,2022-07-17 10:52:12.567,True,2022-07-17 10:52:12.667,2022-07-17 10:52:13.667,1.1,detected,1.0,0,1.0_0.1,53.3062267559863,1.0_0.1,1.0_0.1,NESTED,4
fault_11,2022-07-17 10:52:38.172,True,2022-07-17 10:52:38.272,2022-07-17 10:52:39.272,1.1,detected,1.0,1,1.0_0.1,31.40346947397256,1.0_0.1,1.0_0.1,NESTED,4
fault_15,2022-07-17 10:53:11.764,True,2022-07-17 10:53:12.364,2022-07-17 10:53:13.364,1.6,detected,1.0,1,1.0_0.1,31.40346947397256,1.0_0.1,1.0_0.1,NESTED,4
fault_16,2022-07-17 10:53:18.444,True,2022-07-17 10:53:18.544,2022-07-17 10:53:19.544,1.1,detected,1.0,1,1.0_0.1,31.40346947397256,1.0_0.1,1.0_0.1,NESTED,4
fault_17,2022-07-17 10:53:26.553,True,2022-07-17 10:53:26.653,2022-07-17 10:53:27.653,1.1,detected,1.0,1,1.0_0.1,31.40346947397256,1.0_0.1,1.0_0.1,NESTED,4
fault_14,2022-07-17 10:53:01.909,False,,,,not_detected,1.0,2,1.0_0.1,48.20215661578932,1.0_0.1,1.0_0.1,NESTED,4
fault_2,2022-07-17 10:51:23.615,True,2022-07-17 10:51:23.815,2022-07-17 10:51:24.815,1.2,detected,1.0,2,1.0_0.1,48.20215661578932,1.0_0.1,1.0_0.1,NESTED,4
fault_20,2022-07-17 10:53:52.140,True,2022-07-17 10:53:52.340,2022-07-17 10:53:53.340,1.2,detected,1.0,2,1.0_0.1,48.20215661578932,1.0_0.1,1.0_0.1,NESTED,4
fault_3,2022-07-17 10:51:31.734,True,2022-07-17 10:51:31.934,2022-07-17 10:51:32.934,1.2,detected,1.0,2,1.0_0.1,48.20215661578932,1.0_0.1,1.0_0.1,NESTED,4
fault_1,2022-07-17 10:51:16.724,True,2022-07-17 10:51:16.824,2022-07-17 10:51:17.824,1.1,detected,1.0,3,1.0_0.1,56.06278354167801,1.0_0.1,1.0_0.1,NESTED,4
fault_13,2022-07-17 10:52:53.769,True,2022-07-17 10:52:53.869,2022-07-17 10:52:54.869,1.1,detected,1.0,3,1.0_0.1,56.06278354167801,1.0_0.1,1.0_0.1,NESTED,4
fault_18,2022-07-17 10:53:34.639,True,2022-07-17 10:53:34.739,2022-07-17 10:53:35.739,1.1,detected,1.0,3,1.0_0.1,56.06278354167801,1.0_0.1,1.0_0.1,NESTED,4
fault_7,2022-07-17 10:52:04.407,True,2022-07-17 10:52:04.507,2022-07-17 10:52:05.507,1.1,detected,1.0,3,1.0_0.1,56.06278354167801,1.0_0.1,1.0_0.1,NESTED,4
fault_12,2022-07-17 10:52:45.655,True,2022-07-17 10:52:45.655,2022-07-17 10:52:46.655,1.0,detected,1.0,0,1.0_0.1,24.19183099237557,1.0_0.1,1.0_0.1,"q=0.99,k=1",4
fault_4,2022-07-17 10:51:39.999,True,2022-07-17 10:51:39.999,2022-07-17 10:51:40.999,1.0,detected,1.0,0,1.0_0.1,24.19183099237557,1.0_0.1,1.0_0.1,"q=0.99,k=1",4
fault_6,2022-07-17 10:51:56.684,True,2022-07-17 10:51:56.684,2022-07-17 10:51:57.684,1.0,detected,1.0,0,1.0_0.1,24.19183099237557,1.0_0.1,1.0_0.1,"q=0.99,k=1",4
fault_8,2022-07-17 10:52:12.567,True,2022-07-17 10:52:12.567,2022-07-17 10:52:13.567,1.0,detected,1.0,0,1.0_0.1,24.19183099237557,1.0_0.1,1.0_0.1,"q=0.99,k=1",4
fault_11,2022-07-17 10:52:38.172,True,2022-07-17 10:52:38.172,2022-07-17 10:52:39.172,1.0,detected,1.0,1,1.0_0.1,23.040405420671515,1.0_0.1,1.0_0.1,"q=0.99,k=1",4
fault_15,2022-07-17 10:53:11.764,True,2022-07-17 10:53:12.064,2022-07-17 10:53:13.064,1.3,detected,1.0,1,1.0_0.1,23.040405420671515,1.0_0.1,1.0_0.1,"q=0.99,k=1",4
fault_16,2022-07-17 10:53:18.444,True,2022-07-17 10:53:18.444,2022-07-17 10:53:19.444,1.0,detected,1.0,1,1.0_0.1,23.040405420671515,1.0_0.1,1.0_0.1,"q=0.99,k=1",4
fault_17,2022-07-17 10:53:26.553,True,2022-07-17 10:53:26.553,2022-07-17 10:53:27.553,1.0,detected,1.0,1,1.0_0.1,23.040405420671515,1.0_0.1,1.0_0.1,"q=0.99,k=1",4
fault_14,2022-07-17 10:53:01.909,True,2022-07-17 10:53:01.909,2022-07-17 10:53:02.909,1.0,detected,1.0,2,1.0_0.1,23.693479468600252,1.0_0.1,1.0_0.1,"q=0.99,k=1",4
fault_2,2022-07-17 10:51:23.615,True,2022-07-17 10:51:23.615,2022-07-17 10:51:24.615,1.0,detected,1.0,2,1.0_0.1,23.693479468600252,1.0_0.1,1.0_0.1,"q=0.99,k=1",4
fault_20,2022-07-17 10:53:52.140,True,2022-07-17 10:53:52.140,2022-07-17 10:53:53.140,1.0,detected,1.0,2,1.0_0.1,23.693479468600252,1.0_0.1,1.0_0.1,"q=0.99,k=1",4
fault_3,2022-07-17 10:51:31.734,True,2022-07-17 10:51:31.734,2022-07-17 10:51:32.734,1.0,detected,1.0,2,1.0_0.1,23.693479468600252,1.0_0.1,1.0_0.1,"q=0.99,k=1",4
fault_1,2022-07-17 10:51:16.724,True,2022-07-17 10:51:16.724,2022-07-17 10:51:17.724,1.0,detected,1.0,3,1.0_0.1,28.56661728887932,1.0_0.1,1.0_0.1,"q=0.99,k=1",4
fault_13,2022-07-17 10:52:53.769,True,2022-07-17 10:52:53.769,2022-07-17 10:52:54.769,1.0,detected,1.0,3,1.0_0.1,28.56661728887932,1.0_0.1,1.0_0.1,"q=0.99,k=1",4
fault_18,2022-07-17 10:53:34.639,True,2022-07-17 10:53:34.639,2022-07-17 10:53:35.639,1.0,detected,1.0,3,1.0_0.1,28.56661728887932,1.0_0.1,1.0_0.1,"q=0.99,k=1",4
fault_7,2022-07-17 10:52:04.407,True,2022-07-17 10:52:04.407,2022-07-17 10:52:05.407,1.0,detected,1.0,3,1.0_0.1,28.56661728887932,1.0_0.1,1.0_0.1,"q=0.99,k=1",4
fault_12,2022-07-17 10:52:45.655,True,2022-07-17 10:52:45.755,2022-07-17 10:52:46.755,1.1,detected,1.0,0,1.0_0.1,24.19183099237557,1.0_0.1,1.0_0.1,"q=0.99,k=2",4
fault_4,2022-07-17 10:51:39.999,True,2022-07-17 10:51:40.099,2022-07-17 10:51:41.099,1.1,detected,1.0,0,1.0_0.1,24.19183099237557,1.0_0.1,1.0_0.1,"q=0.99,k=2",4
fault_6,2022-07-17 10:51:56.684,True,2022-07-17 10:51:56.784,2022-07-17 10:51:57.784,1.1,detected,1.0,0,1.0_0.1,24.19183099237557,1.0_0.1,1.0_0.1,"q=0.99,k=2",4
fault_8,2022-07-17 10:52:12.567,True,2022-07-17 10:52:12.667,2022-07-17 10:52:13.667,1.1,detected,1.0,0,1.0_0.1,24.19183099237557,1.0_0.1,1.0_0.1,"q=0.99,k=2",4
fault_11,2022-07-17 10:52:38.172,True,2022-07-17 10:52:38.272,2022-07-17 10:52:39.272,1.1,detected,1.0,1,1.0_0.1,23.040405420671515,1.0_0.1,1.0_0.1,"q=0.99,k=2",4
fault_15,2022-07-17 10:53:11.764,True,2022-07-17 10:53:12.364,2022-07-17 10:53:13.364,1.6,detected,1.0,1,1.0_0.1,23.040405420671515,1.0_0.1,1.0_0.1,"q=0.99,k=2",4
fault_16,2022-07-17 10:53:18.444,True,2022-07-17 10:53:18.544,2022-07-17 10:53:19.544,1.1,detected,1.0,1,1.0_0.1,23.040405420671515,1.0_0.1,1.0_0.1,"q=0.99,k=2",4
fault_17,2022-07-17 10:53:26.553,True,2022-07-17 10:53:26.653,2022-07-17 10:53:27.653,1.1,detected,1.0,1,1.0_0.1,23.040405420671515,1.0_0.1,1.0_0.1,"q=0.99,k=2",4
fault_14,2022-07-17 10:53:01.909,True,2022-07-17 10:53:02.009,2022-07-17 10:53:03.009,1.1,detected,1.0,2,1.0_0.1,23.693479468600252,1.0_0.1,1.0_0.1,"q=0.99,k=2",4
fault_2,2022-07-17 10:51:23.615,True,2022-07-17 10:51:23.715,2022-07-17 10:51:24.715,1.1,detected,1.0,2,1.0_0.1,23.693479468600252,1.0_0.1,1.0_0.1,"q=0.99,k=2",4
fault_20,2022-07-17 10:53:52.140,True,2022-07-17 10:53:52.240,2022-07-17 10:53:53.240,1.1,detected,1.0,2,1.0_0.1,23.693479468600252,1.0_0.1,1.0_0.1,"q=0.99,k=2",4
fault_3,2022-07-17 10:51:31.734,True,2022-07-17 10:51:31.834,2022-07-17 10:51:32.834,1.1,detected,1.0,2,1.0_0.1,23.693479468600252,1.0_0.1,1.0_0.1,"q=0.99,k=2",4
fault_1,2022-07-17 10:51:16.724,True,2022-07-17 10:51:16.824,2022-07-17 10:51:17.824,1.1,detected,1.0,3,1.0_0.1,28.56661728887932,1.0_0.1,1.0_0.1,"q=0.99,k=2",4
fault_13,2022-07-17 10:52:53.769,True,2022-07-17 10:52:53.869,2022-07-17 10:52:54.869,1.1,detected,1.0,3,1.0_0.1,28.56661728887932,1.0_0.1,1.0_0.1,"q=0.99,k=2",4
fault_18,2022-07-17 10:53:34.639,True,2022-07-17 10:53:34.739,2022-07-17 10:53:35.739,1.1,detected,1.0,3,1.0_0.1,28.56661728887932,1.0_0.1,1.0_0.1,"q=0.99,k=2",4
fault_7,2022-07-17 10:52:04.407,True,2022-07-17 10:52:04.507,2022-07-17 10:52:05.507,1.1,detected,1.0,3,1.0_0.1,28.56661728887932,1.0_0.1,1.0_0.1,"q=0.99,k=2",4
fault_12,2022-07-17 10:52:45.655,True,2022-07-17 10:52:45.855,2022-07-17 10:52:46.855,1.2,detected,1.0,0,1.0_0.1,24.19183099237557,1.0_0.1,1.0_0.1,"q=0.99,k=3",4
fault_4,2022-07-17 10:51:39.999,True,2022-07-17 10:51:40.199,2022-07-17 10:51:41.199,1.2,detected,1.0,0,1.0_0.1,24.19183099237557,1.0_0.1,1.0_0.1,"q=0.99,k=3",4
fault_6,2022-07-17 10:51:56.684,True,2022-07-17 10:51:56.884,2022-07-17 10:51:57.884,1.2,detected,1.0,0,1.0_0.1,24.19183099237557,1.0_0.1,1.0_0.1,"q=0.99,k=3",4
fault_8,2022-07-17 10:52:12.567,True,2022-07-17 10:52:12.767,2022-07-17 10:52:13.767,1.2,detected,1.0,0,1.0_0.1,24.19183099237557,1.0_0.1,1.0_0.1,"q=0.99,k=3",4
fault_11,2022-07-17 10:52:38.172,True,2022-07-17 10:52:38.372,2022-07-17 10:52:39.372,1.2,detected,1.0,1,1.0_0.1,23.040405420671515,1.0_0.1,1.0_0.1,"q=0.99,k=3",4
fault_15,2022-07-17 10:53:11.764,True,2022-07-17 10:53:12.464,2022-07-17 10:53:13.464,1.7,detected,1.0,1,1.0_0.1,23.040405420671515,1.0_0.1,1.0_0.1,"q=0.99,k=3",4
fault_16,2022-07-17 10:53:18.444,True,2022-07-17 10:53:18.644,2022-07-17 10:53:19.644,1.2,detected,1.0,1,1.0_0.1,23.040405420671515,1.0_0.1,1.0_0.1,"q=0.99,k=3",4
fault_17,2022-07-17 10:53:26.553,True,2022-07-17 10:53:26.753,2022-07-17 10:53:27.753,1.2,detected,1.0,1,1.0_0.1,23.040405420671515,1.0_0.1,1.0_0.1,"q=0.99,k=3",4
fault_14,2022-07-17 10:53:01.909,True,2022-07-17 10:53:02.109,2022-07-17 10:53:03.109,1.2,detected,1.0,2,1.0_0.1,23.693479468600252,1.0_0.1,1.0_0.1,"q=0.99,k=3",4
fault_2,2022-07-17 10:51:23.615,True,2022-07-17 10:51:23.815,2022-07-17 10:51:24.815,1.2,detected,1.0,2,1.0_0.1,23.693479468600252,1.0_0.1,1.0_0.1,"q=0.99,k=3",4
fault_20,2022-07-17 10:53:52.140,True,2022-07-17 10:53:52.340,2022-07-17 10:53:53.340,1.2,detected,1.0,2,1.0_0.1,23.693479468600252,1.0_0.1,1.0_0.1,"q=0.99,k=3",4
fault_3,2022-07-17 10:51:31.734,True,2022-07-17 10:51:31.934,2022-07-17 10:51:32.934,1.2,detected,1.0,2,1.0_0.1,23.693479468600252,1.0_0.1,1.0_0.1,"q=0.99,k=3",4
fault_1,2022-07-17 10:51:16.724,True,2022-07-17 10:51:16.924,2022-07-17 10:51:17.924,1.2,detected,1.0,3,1.0_0.1,28.56661728887932,1.0_0.1,1.0_0.1,"q=0.99,k=3",4
fault_13,2022-07-17 10:52:53.769,True,2022-07-17 10:52:53.969,2022-07-17 10:52:54.969,1.2,detected,1.0,3,1.0_0.1,28.56661728887932,1.0_0.1,1.0_0.1,"q=0.99,k=3",4
fault_18,2022-07-17 10:53:34.639,True,2022-07-17 10:53:34.839,2022-07-17 10:53:35.839,1.2,detected,1.0,3,1.0_0.1,28.56661728887932,1.0_0.1,1.0_0.1,"q=0.99,k=3",4
fault_7,2022-07-17 10:52:04.407,True,2022-07-17 10:52:04.607,2022-07-17 10:52:05.607,1.2,detected,1.0,3,1.0_0.1,28.56661728887932,1.0_0.1,1.0_0.1,"q=0.99,k=3",4
fault_12,2022-07-17 10:52:45.655,True,2022-07-17 10:52:45.655,2022-07-17 10:52:46.655,1.0,detected,1.0,0,1.0_0.1,27.15692532508582,1.0_0.1,1.0_0.1,"q=0.995,k=1",4
fault_4,2022-07-17 10:51:39.999,True,2022-07-17 10:51:39.999,2022-07-17 10:51:40.999,1.0,detected,1.0,0,1.0_0.1,27.15692532508582,1.0_0.1,1.0_0.1,"q=0.995,k=1",4
fault_6,2022-07-17 10:51:56.684,True,2022-07-17 10:51:56.684,2022-07-17 10:51:57.684,1.0,detected,1.0,0,1.0_0.1,27.15692532508582,1.0_0.1,1.0_0.1,"q=0.995,k=1",4
fault_8,2022-07-17 10:52:12.567,True,2022-07-17 10:52:12.567,2022-07-17 10:52:13.567,1.0,detected,1.0,0,1.0_0.1,27.15692532508582,1.0_0.1,1.0_0.1,"q=0.995,k=1",4
fault_11,2022-07-17 10:52:38.172,True,2022-07-17 10:52:38.172,2022-07-17 10:52:39.172,1.0,detected,1.0,1,1.0_0.1,26.180350800784726,1.0_0.1,1.0_0.1,"q=0.995,k=1",4
fault_15,2022-07-17 10:53:11.764,True,2022-07-17 10:53:12.264,2022-07-17 10:53:13.264,1.5,detected,1.0,1,1.0_0.1,26.180350800784726,1.0_0.1,1.0_0.1,"q=0.995,k=1",4
fault_16,2022-07-17 10:53:18.444,True,2022-07-17 10:53:18.444,2022-07-17 10:53:19.444,1.0,detected,1.0,1,1.0_0.1,26.180350800784726,1.0_0.1,1.0_0.1,"q=0.995,k=1",4
fault_17,2022-07-17 10:53:26.553,True,2022-07-17 10:53:26.553,2022-07-17 10:53:27.553,1.0,detected,1.0,1,1.0_0.1,26.180350800784726,1.0_0.1,1.0_0.1,"q=0.995,k=1",4
fault_14,2022-07-17 10:53:01.909,True,2022-07-17 10:53:01.909,2022-07-17 10:53:02.909,1.0,detected,1.0,2,1.0_0.1,32.931298769534926,1.0_0.1,1.0_0.1,"q=0.995,k=1",4
fault_2,2022-07-17 10:51:23.615,True,2022-07-17 10:51:23.615,2022-07-17 10:51:24.615,1.0,detected,1.0,2,1.0_0.1,32.931298769534926,1.0_0.1,1.0_0.1,"q=0.995,k=1",4
fault_20,2022-07-17 10:53:52.140,True,2022-07-17 10:53:52.140,2022-07-17 10:53:53.140,1.0,detected,1.0,2,1.0_0.1,32.931298769534926,1.0_0.1,1.0_0.1,"q=0.995,k=1",4
fault_3,2022-07-17 10:51:31.734,True,2022-07-17 10:51:31.734,2022-07-17 10:51:32.734,1.0,detected,1.0,2,1.0_0.1,32.931298769534926,1.0_0.1,1.0_0.1,"q=0.995,k=1",4
fault_1,2022-07-17 10:51:16.724,True,2022-07-17 10:51:16.724,2022-07-17 10:51:17.724,1.0,detected,1.0,3,1.0_0.1,35.70487951073379,1.0_0.1,1.0_0.1,"q=0.995,k=1",4
fault_13,2022-07-17 10:52:53.769,True,2022-07-17 10:52:53.769,2022-07-17 10:52:54.769,1.0,detected,1.0,3,1.0_0.1,35.70487951073379,1.0_0.1,1.0_0.1,"q=0.995,k=1",4
fault_18,2022-07-17 10:53:34.639,True,2022-07-17 10:53:34.639,2022-07-17 10:53:35.639,1.0,detected,1.0,3,1.0_0.1,35.70487951073379,1.0_0.1,1.0_0.1,"q=0.995,k=1",4
fault_7,2022-07-17 10:52:04.407,True,2022-07-17 10:52:04.407,2022-07-17 10:52:05.407,1.0,detected,1.0,3,1.0_0.1,35.70487951073379,1.0_0.1,1.0_0.1,"q=0.995,k=1",4
fault_12,2022-07-17 10:52:45.655,True,2022-07-17 10:52:45.755,2022-07-17 10:52:46.755,1.1,detected,1.0,0,1.0_0.1,27.15692532508582,1.0_0.1,1.0_0.1,"q=0.995,k=2",4
fault_4,2022-07-17 10:51:39.999,True,2022-07-17 10:51:40.099,2022-07-17 10:51:41.099,1.1,detected,1.0,0,1.0_0.1,27.15692532508582,1.0_0.1,1.0_0.1,"q=0.995,k=2",4
fault_6,2022-07-17 10:51:56.684,True,2022-07-17 10:51:56.784,2022-07-17 10:51:57.784,1.1,detected,1.0,0,1.0_0.1,27.15692532508582,1.0_0.1,1.0_0.1,"q=0.995,k=2",4
fault_8,2022-07-17 10:52:12.567,True,2022-07-17 10:52:12.667,2022-07-17 10:52:13.667,1.1,detected,1.0,0,1.0_0.1,27.15692532508582,1.0_0.1,1.0_0.1,"q=0.995,k=2",4
fault_11,2022-07-17 10:52:38.172,True,2022-07-17 10:52:38.272,2022-07-17 10:52:39.272,1.1,detected,1.0,1,1.0_0.1,26.180350800784726,1.0_0.1,1.0_0.1,"q=0.995,k=2",4
fault_15,2022-07-17 10:53:11.764,True,2022-07-17 10:53:12.364,2022-07-17 10:53:13.364,1.6,detected,1.0,1,1.0_0.1,26.180350800784726,1.0_0.1,1.0_0.1,"q=0.995,k=2",4
fault_16,2022-07-17 10:53:18.444,True,2022-07-17 10:53:18.544,2022-07-17 10:53:19.544,1.1,detected,1.0,1,1.0_0.1,26.180350800784726,1.0_0.1,1.0_0.1,"q=0.995,k=2",4
fault_17,2022-07-17 10:53:26.553,True,2022-07-17 10:53:26.653,2022-07-17 10:53:27.653,1.1,detected,1.0,1,1.0_0.1,26.180350800784726,1.0_0.1,1.0_0.1,"q=0.995,k=2",4
fault_14,2022-07-17 10:53:01.909,True,2022-07-17 10:53:02.009,2022-07-17 10:53:03.009,1.1,detected,1.0,2,1.0_0.1,32.931298769534926,1.0_0.1,1.0_0.1,"q=0.995,k=2",4
fault_2,2022-07-17 10:51:23.615,True,2022-07-17 10:51:23.715,2022-07-17 10:51:24.715,1.1,detected,1.0,2,1.0_0.1,32.931298769534926,1.0_0.1,1.0_0.1,"q=0.995,k=2",4
fault_20,2022-07-17 10:53:52.140,True,2022-07-17 10:53:52.240,2022-07-17 10:53:53.240,1.1,detected,1.0,2,1.0_0.1,32.931298769534926,1.0_0.1,1.0_0.1,"q=0.995,k=2",4
fault_3,2022-07-17 10:51:31.734,True,2022-07-17 10:51:31.834,2022-07-17 10:51:32.834,1.1,detected,1.0,2,1.0_0.1,32.931298769534926,1.0_0.1,1.0_0.1,"q=0.995,k=2",4
fault_1,2022-07-17 10:51:16.724,True,2022-07-17 10:51:16.824,2022-07-17 10:51:17.824,1.1,detected,1.0,3,1.0_0.1,35.70487951073379,1.0_0.1,1.0_0.1,"q=0.995,k=2",4
fault_13,2022-07-17 10:52:53.769,True,2022-07-17 10:52:53.869,2022-07-17 10:52:54.869,1.1,detected,1.0,3,1.0_0.1,35.70487951073379,1.0_0.1,1.0_0.1,"q=0.995,k=2",4
fault_18,2022-07-17 10:53:34.639,True,2022-07-17 10:53:34.739,2022-07-17 10:53:35.739,1.1,detected,1.0,3,1.0_0.1,35.70487951073379,1.0_0.1,1.0_0.1,"q=0.995,k=2",4
fault_7,2022-07-17 10:52:04.407,True,2022-07-17 10:52:04.507,2022-07-17 10:52:05.507,1.1,detected,1.0,3,1.0_0.1,35.70487951073379,1.0_0.1,1.0_0.1,"q=0.995,k=2",4
fault_12,2022-07-17 10:52:45.655,True,2022-07-17 10:52:45.855,2022-07-17 10:52:46.855,1.2,detected,1.0,0,1.0_0.1,27.15692532508582,1.0_0.1,1.0_0.1,"q=0.995,k=3",4
fault_4,2022-07-17 10:51:39.999,True,2022-07-17 10:51:40.199,2022-07-17 10:51:41.199,1.2,detected,1.0,0,1.0_0.1,27.15692532508582,1.0_0.1,1.0_0.1,"q=0.995,k=3",4
fault_6,2022-07-17 10:51:56.684,True,2022-07-17 10:51:56.884,2022-07-17 10:51:57.884,1.2,detected,1.0,0,1.0_0.1,27.15692532508582,1.0_0.1,1.0_0.1,"q=0.995,k=3",4
fault_8,2022-07-17 10:52:12.567,True,2022-07-17 10:52:12.767,2022-07-17 10:52:13.767,1.2,detected,1.0,0,1.0_0.1,27.15692532508582,1.0_0.1,1.0_0.1,"q=0.995,k=3",4
fault_11,2022-07-17 10:52:38.172,True,2022-07-17 10:52:38.372,2022-07-17 10:52:39.372,1.2,detected,1.0,1,1.0_0.1,26.180350800784726,1.0_0.1,1.0_0.1,"q=0.995,k=3",4
fault_15,2022-07-17 10:53:11.764,True,2022-07-17 10:53:12.464,2022-07-17 10:53:13.464,1.7,detected,1.0,1,1.0_0.1,26.180350800784726,1.0_0.1,1.0_0.1,"q=0.995,k=3",4
fault_16,2022-07-17 10:53:18.444,True,2022-07-17 10:53:18.644,2022-07-17 10:53:19.644,1.2,detected,1.0,1,1.0_0.1,26.180350800784726,1.0_0.1,1.0_0.1,"q=0.995,k=3",4
fault_17,2022-07-17 10:53:26.553,True,2022-07-17 10:53:26.753,2022-07-17 10:53:27.753,1.2,detected,1.0,1,1.0_0.1,26.180350800784726,1.0_0.1,1.0_0.1,"q=0.995,k=3",4
fault_14,2022-07-17 10:53:01.909,True,2022-07-17 10:53:02.109,2022-07-17 10:53:03.109,1.2,detected,1.0,2,1.0_0.1,32.931298769534926,1.0_0.1,1.0_0.1,"q=0.995,k=3",4
fault_2,2022-07-17 10:51:23.615,True,2022-07-17 10:51:23.815,2022-07-17 10:51:24.815,1.2,detected,1.0,2,1.0_0.1,32.931298769534926,1.0_0.1,1.0_0.1,"q=0.995,k=3",4
fault_20,2022-07-17 10:53:52.140,True,2022-07-17 10:53:52.340,2022-07-17 10:53:53.340,1.2,detected,1.0,2,1.0_0.1,32.931298769534926,1.0_0.1,1.0_0.1,"q=0.995,k=3",4
fault_3,2022-07-17 10:51:31.734,True,2022-07-17 10:51:31.934,2022-07-17 10:51:32.934,1.2,detected,1.0,2,1.0_0.1,32.931298769534926,1.0_0.1,1.0_0.1,"q=0.995,k=3",4
fault_1,2022-07-17 10:51:16.724,True,2022-07-17 10:51:16.924,2022-07-17 10:51:17.924,1.2,detected,1.0,3,1.0_0.1,35.70487951073379,1.0_0.1,1.0_0.1,"q=0.995,k=3",4
fault_13,2022-07-17 10:52:53.769,True,2022-07-17 10:52:53.969,2022-07-17 10:52:54.969,1.2,detected,1.0,3,1.0_0.1,35.70487951073379,1.0_0.1,1.0_0.1,"q=0.995,k=3",4
fault_18,2022-07-17 10:53:34.639,True,2022-07-17 10:53:34.839,2022-07-17 10:53:35.839,1.2,detected,1.0,3,1.0_0.1,35.70487951073379,1.0_0.1,1.0_0.1,"q=0.995,k=3",4
fault_7,2022-07-17 10:52:04.407,True,2022-07-17 10:52:04.607,2022-07-17 10:52:05.607,1.2,detected,1.0,3,1.0_0.1,35.70487951073379,1.0_0.1,1.0_0.1,"q=0.995,k=3",4
fault_12,2022-07-17 10:52:45.655,True,2022-07-17 10:52:45.655,2022-07-17 10:52:46.655,1.0,detected,1.0,0,1.0_0.1,41.074405726951746,1.0_0.1,1.0_0.1,"q=0.998,k=1",4
fault_4,2022-07-17 10:51:39.999,True,2022-07-17 10:51:39.999,2022-07-17 10:51:40.999,1.0,detected,1.0,0,1.0_0.1,41.074405726951746,1.0_0.1,1.0_0.1,"q=0.998,k=1",4
fault_6,2022-07-17 10:51:56.684,True,2022-07-17 10:51:56.684,2022-07-17 10:51:57.684,1.0,detected,1.0,0,1.0_0.1,41.074405726951746,1.0_0.1,1.0_0.1,"q=0.998,k=1",4
fault_8,2022-07-17 10:52:12.567,True,2022-07-17 10:52:12.567,2022-07-17 10:52:13.567,1.0,detected,1.0,0,1.0_0.1,41.074405726951746,1.0_0.1,1.0_0.1,"q=0.998,k=1",4
fault_11,2022-07-17 10:52:38.172,True,2022-07-17 10:52:38.172,2022-07-17 10:52:39.172,1.0,detected,1.0,1,1.0_0.1,29.42653224815521,1.0_0.1,1.0_0.1,"q=0.998,k=1",4
fault_15,2022-07-17 10:53:11.764,True,2022-07-17 10:53:12.264,2022-07-17 10:53:13.264,1.5,detected,1.0,1,1.0_0.1,29.42653224815521,1.0_0.1,1.0_0.1,"q=0.998,k=1",4
fault_16,2022-07-17 10:53:18.444,True,2022-07-17 10:53:18.444,2022-07-17 10:53:19.444,1.0,detected,1.0,1,1.0_0.1,29.42653224815521,1.0_0.1,1.0_0.1,"q=0.998,k=1",4
fault_17,2022-07-17 10:53:26.553,True,2022-07-17 10:53:26.553,2022-07-17 10:53:27.553,1.0,detected,1.0,1,1.0_0.1,29.42653224815521,1.0_0.1,1.0_0.1,"q=0.998,k=1",4
fault_14,2022-07-17 10:53:01.909,True,2022-07-17 10:53:01.909,2022-07-17 10:53:02.909,1.0,detected,1.0,2,1.0_0.1,46.33257076160124,1.0_0.1,1.0_0.1,"q=0.998,k=1",4
fault_2,2022-07-17 10:51:23.615,True,2022-07-17 10:51:23.615,2022-07-17 10:51:24.615,1.0,detected,1.0,2,1.0_0.1,46.33257076160124,1.0_0.1,1.0_0.1,"q=0.998,k=1",4
fault_20,2022-07-17 10:53:52.140,True,2022-07-17 10:53:52.140,2022-07-17 10:53:53.140,1.0,detected,1.0,2,1.0_0.1,46.33257076160124,1.0_0.1,1.0_0.1,"q=0.998,k=1",4
fault_3,2022-07-17 10:51:31.734,True,2022-07-17 10:51:31.734,2022-07-17 10:51:32.734,1.0,detected,1.0,2,1.0_0.1,46.33257076160124,1.0_0.1,1.0_0.1,"q=0.998,k=1",4
fault_1,2022-07-17 10:51:16.724,True,2022-07-17 10:51:16.724,2022-07-17 10:51:17.724,1.0,detected,1.0,3,1.0_0.1,45.731203744094316,1.0_0.1,1.0_0.1,"q=0.998,k=1",4
fault_13,2022-07-17 10:52:53.769,True,2022-07-17 10:52:53.769,2022-07-17 10:52:54.769,1.0,detected,1.0,3,1.0_0.1,45.731203744094316,1.0_0.1,1.0_0.1,"q=0.998,k=1",4
fault_18,2022-07-17 10:53:34.639,True,2022-07-17 10:53:34.639,2022-07-17 10:53:35.639,1.0,detected,1.0,3,1.0_0.1,45.731203744094316,1.0_0.1,1.0_0.1,"q=0.998,k=1",4
fault_7,2022-07-17 10:52:04.407,True,2022-07-17 10:52:04.407,2022-07-17 10:52:05.407,1.0,detected,1.0,3,1.0_0.1,45.731203744094316,1.0_0.1,1.0_0.1,"q=0.998,k=1",4
fault_12,2022-07-17 10:52:45.655,True,2022-07-17 10:52:45.755,2022-07-17 10:52:46.755,1.1,detected,1.0,0,1.0_0.1,41.074405726951746,1.0_0.1,1.0_0.1,"q=0.998,k=2",4
fault_4,2022-07-17 10:51:39.999,True,2022-07-17 10:51:40.099,2022-07-17 10:51:41.099,1.1,detected,1.0,0,1.0_0.1,41.074405726951746,1.0_0.1,1.0_0.1,"q=0.998,k=2",4
fault_6,2022-07-17 10:51:56.684,True,2022-07-17 10:51:56.784,2022-07-17 10:51:57.784,1.1,detected,1.0,0,1.0_0.1,41.074405726951746,1.0_0.1,1.0_0.1,"q=0.998,k=2",4
fault_8,2022-07-17 10:52:12.567,True,2022-07-17 10:52:12.667,2022-07-17 10:52:13.667,1.1,detected,1.0,0,1.0_0.1,41.074405726951746,1.0_0.1,1.0_0.1,"q=0.998,k=2",4
fault_11,2022-07-17 10:52:38.172,True,2022-07-17 10:52:38.272,2022-07-17 10:52:39.272,1.1,detected,1.0,1,1.0_0.1,29.42653224815521,1.0_0.1,1.0_0.1,"q=0.998,k=2",4
fault_15,2022-07-17 10:53:11.764,True,2022-07-17 10:53:12.364,2022-07-17 10:53:13.364,1.6,detected,1.0,1,1.0_0.1,29.42653224815521,1.0_0.1,1.0_0.1,"q=0.998,k=2",4
fault_16,2022-07-17 10:53:18.444,True,2022-07-17 10:53:18.544,2022-07-17 10:53:19.544,1.1,detected,1.0,1,1.0_0.1,29.42653224815521,1.0_0.1,1.0_0.1,"q=0.998,k=2",4
fault_17,2022-07-17 10:53:26.553,True,2022-07-17 10:53:26.653,2022-07-17 10:53:27.653,1.1,detected,1.0,1,1.0_0.1,29.42653224815521,1.0_0.1,1.0_0.1,"q=0.998,k=2",4
fault_14,2022-07-17 10:53:01.909,True,2022-07-17 10:53:02.009,2022-07-17 10:53:03.009,1.1,detected,1.0,2,1.0_0.1,46.33257076160124,1.0_0.1,1.0_0.1,"q=0.998,k=2",4
fault_2,2022-07-17 10:51:23.615,True,2022-07-17 10:51:23.715,2022-07-17 10:51:24.715,1.1,detected,1.0,2,1.0_0.1,46.33257076160124,1.0_0.1,1.0_0.1,"q=0.998,k=2",4
fault_20,2022-07-17 10:53:52.140,True,2022-07-17 10:53:52.240,2022-07-17 10:53:53.240,1.1,detected,1.0,2,1.0_0.1,46.33257076160124,1.0_0.1,1.0_0.1,"q=0.998,k=2",4
fault_3,2022-07-17 10:51:31.734,True,2022-07-17 10:51:31.834,2022-07-17 10:51:32.834,1.1,detected,1.0,2,1.0_0.1,46.33257076160124,1.0_0.1,1.0_0.1,"q=0.998,k=2",4
fault_1,2022-07-17 10:51:16.724,True,2022-07-17 10:51:16.824,2022-07-17 10:51:17.824,1.1,detected,1.0,3,1.0_0.1,45.731203744094316,1.0_0.1,1.0_0.1,"q=0.998,k=2",4
fault_13,2022-07-17 10:52:53.769,True,2022-07-17 10:52:53.869,2022-07-17 10:52:54.869,1.1,detected,1.0,3,1.0_0.1,45.731203744094316,1.0_0.1,1.0_0.1,"q=0.998,k=2",4
fault_18,2022-07-17 10:53:34.639,True,2022-07-17 10:53:34.739,2022-07-17 10:53:35.739,1.1,detected,1.0,3,1.0_0.1,45.731203744094316,1.0_0.1,1.0_0.1,"q=0.998,k=2",4
fault_7,2022-07-17 10:52:04.407,True,2022-07-17 10:52:04.507,2022-07-17 10:52:05.507,1.1,detected,1.0,3,1.0_0.1,45.731203744094316,1.0_0.1,1.0_0.1,"q=0.998,k=2",4
fault_12,2022-07-17 10:52:45.655,True,2022-07-17 10:52:45.855,2022-07-17 10:52:46.855,1.2,detected,1.0,0,1.0_0.1,41.074405726951746,1.0_0.1,1.0_0.1,"q=0.998,k=3",4
fault_4,2022-07-17 10:51:39.999,True,2022-07-17 10:51:40.199,2022-07-17 10:51:41.199,1.2,detected,1.0,0,1.0_0.1,41.074405726951746,1.0_0.1,1.0_0.1,"q=0.998,k=3",4
fault_6,2022-07-17 10:51:56.684,True,2022-07-17 10:51:56.884,2022-07-17 10:51:57.884,1.2,detected,1.0,0,1.0_0.1,41.074405726951746,1.0_0.1,1.0_0.1,"q=0.998,k=3",4
fault_8,2022-07-17 10:52:12.567,True,2022-07-17 10:52:12.767,2022-07-17 10:52:13.767,1.2,detected,1.0,0,1.0_0.1,41.074405726951746,1.0_0.1,1.0_0.1,"q=0.998,k=3",4
fault_11,2022-07-17 10:52:38.172,True,2022-07-17 10:52:38.372,2022-07-17 10:52:39.372,1.2,detected,1.0,1,1.0_0.1,29.42653224815521,1.0_0.1,1.0_0.1,"q=0.998,k=3",4
fault_15,2022-07-17 10:53:11.764,True,2022-07-17 10:53:12.464,2022-07-17 10:53:13.464,1.7,detected,1.0,1,1.0_0.1,29.42653224815521,1.0_0.1,1.0_0.1,"q=0.998,k=3",4
fault_16,2022-07-17 10:53:18.444,True,2022-07-17 10:53:18.644,2022-07-17 10:53:19.644,1.2,detected,1.0,1,1.0_0.1,29.42653224815521,1.0_0.1,1.0_0.1,"q=0.998,k=3",4
fault_17,2022-07-17 10:53:26.553,True,2022-07-17 10:53:26.753,2022-07-17 10:53:27.753,1.2,detected,1.0,1,1.0_0.1,29.42653224815521,1.0_0.1,1.0_0.1,"q=0.998,k=3",4
fault_14,2022-07-17 10:53:01.909,True,2022-07-17 10:53:02.109,2022-07-17 10:53:03.109,1.2,detected,1.0,2,1.0_0.1,46.33257076160124,1.0_0.1,1.0_0.1,"q=0.998,k=3",4
fault_2,2022-07-17 10:51:23.615,True,2022-07-17 10:51:23.815,2022-07-17 10:51:24.815,1.2,detected,1.0,2,1.0_0.1,46.33257076160124,1.0_0.1,1.0_0.1,"q=0.998,k=3",4
fault_20,2022-07-17 10:53:52.140,True,2022-07-17 10:53:52.340,2022-07-17 10:53:53.340,1.2,detected,1.0,2,1.0_0.1,46.33257076160124,1.0_0.1,1.0_0.1,"q=0.998,k=3",4
fault_3,2022-07-17 10:51:31.734,True,2022-07-17 10:51:31.934,2022-07-17 10:51:32.934,1.2,detected,1.0,2,1.0_0.1,46.33257076160124,1.0_0.1,1.0_0.1,"q=0.998,k=3",4
fault_1,2022-07-17 10:51:16.724,True,2022-07-17 10:51:16.924,2022-07-17 10:51:17.924,1.2,detected,1.0,3,1.0_0.1,45.731203744094316,1.0_0.1,1.0_0.1,"q=0.998,k=3",4
fault_13,2022-07-17 10:52:53.769,True,2022-07-17 10:52:53.969,2022-07-17 10:52:54.969,1.2,detected,1.0,3,1.0_0.1,45.731203744094316,1.0_0.1,1.0_0.1,"q=0.998,k=3",4
fault_18,2022-07-17 10:53:34.639,True,2022-07-17 10:53:34.839,2022-07-17 10:53:35.839,1.2,detected,1.0,3,1.0_0.1,45.731203744094316,1.0_0.1,1.0_0.1,"q=0.998,k=3",4
fault_7,2022-07-17 10:52:04.407,True,2022-07-17 10:52:04.607,2022-07-17 10:52:05.607,1.2,detected,1.0,3,1.0_0.1,45.731203744094316,1.0_0.1,1.0_0.1,"q=0.998,k=3",4
fault_12,2022-07-17 10:52:45.655,True,2022-07-17 10:52:45.655,2022-07-17 10:52:46.655,1.0,detected,1.0,0,1.0_0.1,45.313799873410616,1.0_0.1,1.0_0.1,"q=0.999,k=1",4
fault_4,2022-07-17 10:51:39.999,True,2022-07-17 10:51:39.999,2022-07-17 10:51:40.999,1.0,detected,1.0,0,1.0_0.1,45.313799873410616,1.0_0.1,1.0_0.1,"q=0.999,k=1",4
fault_6,2022-07-17 10:51:56.684,True,2022-07-17 10:51:56.684,2022-07-17 10:51:57.684,1.0,detected,1.0,0,1.0_0.1,45.313799873410616,1.0_0.1,1.0_0.1,"q=0.999,k=1",4
fault_8,2022-07-17 10:52:12.567,True,2022-07-17 10:52:12.567,2022-07-17 10:52:13.567,1.0,detected,1.0,0,1.0_0.1,45.313799873410616,1.0_0.1,1.0_0.1,"q=0.999,k=1",4
fault_11,2022-07-17 10:52:38.172,True,2022-07-17 10:52:38.172,2022-07-17 10:52:39.172,1.0,detected,1.0,1,1.0_0.1,31.2221526186235,1.0_0.1,1.0_0.1,"q=0.999,k=1",4
fault_15,2022-07-17 10:53:11.764,True,2022-07-17 10:53:12.264,2022-07-17 10:53:13.264,1.5,detected,1.0,1,1.0_0.1,31.2221526186235,1.0_0.1,1.0_0.1,"q=0.999,k=1",4
fault_16,2022-07-17 10:53:18.444,True,2022-07-17 10:53:18.444,2022-07-17 10:53:19.444,1.0,detected,1.0,1,1.0_0.1,31.2221526186235,1.0_0.1,1.0_0.1,"q=0.999,k=1",4
fault_17,2022-07-17 10:53:26.553,True,2022-07-17 10:53:26.553,2022-07-17 10:53:27.553,1.0,detected,1.0,1,1.0_0.1,31.2221526186235,1.0_0.1,1.0_0.1,"q=0.999,k=1",4
fault_14,2022-07-17 10:53:01.909,True,2022-07-17 10:53:01.909,2022-07-17 10:53:02.909,1.0,detected,1.0,2,1.0_0.1,48.20215661578932,1.0_0.1,1.0_0.1,"q=0.999,k=1",4
fault_2,2022-07-17 10:51:23.615,True,2022-07-17 10:51:23.615,2022-07-17 10:51:24.615,1.0,detected,1.0,2,1.0_0.1,48.20215661578932,1.0_0.1,1.0_0.1,"q=0.999,k=1",4
fault_20,2022-07-17 10:53:52.140,True,2022-07-17 10:53:52.140,2022-07-17 10:53:53.140,1.0,detected,1.0,2,1.0_0.1,48.20215661578932,1.0_0.1,1.0_0.1,"q=0.999,k=1",4
fault_3,2022-07-17 10:51:31.734,True,2022-07-17 10:51:31.734,2022-07-17 10:51:32.734,1.0,detected,1.0,2,1.0_0.1,48.20215661578932,1.0_0.1,1.0_0.1,"q=0.999,k=1",4
fault_1,2022-07-17 10:51:16.724,True,2022-07-17 10:51:16.724,2022-07-17 10:51:17.724,1.0,detected,1.0,3,1.0_0.1,48.874609074327445,1.0_0.1,1.0_0.1,"q=0.999,k=1",4
fault_13,2022-07-17 10:52:53.769,True,2022-07-17 10:52:53.769,2022-07-17 10:52:54.769,1.0,detected,1.0,3,1.0_0.1,48.874609074327445,1.0_0.1,1.0_0.1,"q=0.999,k=1",4
fault_18,2022-07-17 10:53:34.639,True,2022-07-17 10:53:34.639,2022-07-17 10:53:35.639,1.0,detected,1.0,3,1.0_0.1,48.874609074327445,1.0_0.1,1.0_0.1,"q=0.999,k=1",4
fault_7,2022-07-17 10:52:04.407,True,2022-07-17 10:52:04.407,2022-07-17 10:52:05.407,1.0,detected,1.0,3,1.0_0.1,48.874609074327445,1.0_0.1,1.0_0.1,"q=0.999,k=1",4
fault_12,2022-07-17 10:52:45.655,True,2022-07-17 10:52:45.755,2022-07-17 10:52:46.755,1.1,detected,1.0,0,1.0_0.1,45.313799873410616,1.0_0.1,1.0_0.1,"q=0.999,k=2",4
fault_4,2022-07-17 10:51:39.999,True,2022-07-17 10:51:40.099,2022-07-17 10:51:41.099,1.1,detected,1.0,0,1.0_0.1,45.313799873410616,1.0_0.1,1.0_0.1,"q=0.999,k=2",4
fault_6,2022-07-17 10:51:56.684,True,2022-07-17 10:51:56.784,2022-07-17 10:51:57.784,1.1,detected,1.0,0,1.0_0.1,45.313799873410616,1.0_0.1,1.0_0.1,"q=0.999,k=2",4
fault_8,2022-07-17 10:52:12.567,True,2022-07-17 10:52:12.667,2022-07-17 10:52:13.667,1.1,detected,1.0,0,1.0_0.1,45.313799873410616,1.0_0.1,1.0_0.1,"q=0.999,k=2",4
fault_11,2022-07-17 10:52:38.172,True,2022-07-17 10:52:38.272,2022-07-17 10:52:39.272,1.1,detected,1.0,1,1.0_0.1,31.2221526186235,1.0_0.1,1.0_0.1,"q=0.999,k=2",4
fault_15,2022-07-17 10:53:11.764,True,2022-07-17 10:53:12.364,2022-07-17 10:53:13.364,1.6,detected,1.0,1,1.0_0.1,31.2221526186235,1.0_0.1,1.0_0.1,"q=0.999,k=2",4
fault_16,2022-07-17 10:53:18.444,True,2022-07-17 10:53:18.544,2022-07-17 10:53:19.544,1.1,detected,1.0,1,1.0_0.1,31.2221526186235,1.0_0.1,1.0_0.1,"q=0.999,k=2",4
fault_17,2022-07-17 10:53:26.553,True,2022-07-17 10:53:26.653,2022-07-17 10:53:27.653,1.1,detected,1.0,1,1.0_0.1,31.2221526186235,1.0_0.1,1.0_0.1,"q=0.999,k=2",4
fault_14,2022-07-17 10:53:01.909,True,2022-07-17 10:53:02.009,2022-07-17 10:53:03.009,1.1,detected,1.0,2,1.0_0.1,48.20215661578932,1.0_0.1,1.0_0.1,"q=0.999,k=2",4
fault_2,2022-07-17 10:51:23.615,True,2022-07-17 10:51:23.715,2022-07-17 10:51:24.715,1.1,detected,1.0,2,1.0_0.1,48.20215661578932,1.0_0.1,1.0_0.1,"q=0.999,k=2",4
fault_20,2022-07-17 10:53:52.140,True,2022-07-17 10:53:52.240,2022-07-17 10:53:53.240,1.1,detected,1.0,2,1.0_0.1,48.20215661578932,1.0_0.1,1.0_0.1,"q=0.999,k=2",4
fault_3,2022-07-17 10:51:31.734,True,2022-07-17 10:51:31.834,2022-07-17 10:51:32.834,1.1,detected,1.0,2,1.0_0.1,48.20215661578932,1.0_0.1,1.0_0.1,"q=0.999,k=2",4
fault_1,2022-07-17 10:51:16.724,True,2022-07-17 10:51:16.824,2022-07-17 10:51:17.824,1.1,detected,1.0,3,1.0_0.1,48.874609074327445,1.0_0.1,1.0_0.1,"q=0.999,k=2",4
fault_13,2022-07-17 10:52:53.769,True,2022-07-17 10:52:53.869,2022-07-17 10:52:54.869,1.1,detected,1.0,3,1.0_0.1,48.874609074327445,1.0_0.1,1.0_0.1,"q=0.999,k=2",4
fault_18,2022-07-17 10:53:34.639,True,2022-07-17 10:53:34.739,2022-07-17 10:53:35.739,1.1,detected,1.0,3,1.0_0.1,48.874609074327445,1.0_0.1,1.0_0.1,"q=0.999,k=2",4
fault_7,2022-07-17 10:52:04.407,True,2022-07-17 10:52:04.507,2022-07-17 10:52:05.507,1.1,detected,1.0,3,1.0_0.1,48.874609074327445,1.0_0.1,1.0_0.1,"q=0.999,k=2",4
fault_12,2022-07-17 10:52:45.655,True,2022-07-17 10:52:45.855,2022-07-17 10:52:46.855,1.2,detected,1.0,0,1.0_0.1,45.313799873410616,1.0_0.1,1.0_0.1,"q=0.999,k=3",4
fault_4,2022-07-17 10:51:39.999,True,2022-07-17 10:51:40.199,2022-07-17 10:51:41.199,1.2,detected,1.0,0,1.0_0.1,45.313799873410616,1.0_0.1,1.0_0.1,"q=0.999,k=3",4
fault_6,2022-07-17 10:51:56.684,True,2022-07-17 10:51:56.884,2022-07-17 10:51:57.884,1.2,detected,1.0,0,1.0_0.1,45.313799873410616,1.0_0.1,1.0_0.1,"q=0.999,k=3",4
fault_8,2022-07-17 10:52:12.567,True,2022-07-17 10:52:12.767,2022-07-17 10:52:13.767,1.2,detected,1.0,0,1.0_0.1,45.313799873410616,1.0_0.1,1.0_0.1,"q=0.999,k=3",4
fault_11,2022-07-17 10:52:38.172,True,2022-07-17 10:52:38.372,2022-07-17 10:52:39.372,1.2,detected,1.0,1,1.0_0.1,31.2221526186235,1.0_0.1,1.0_0.1,"q=0.999,k=3",4
fault_15,2022-07-17 10:53:11.764,True,2022-07-17 10:53:12.464,2022-07-17 10:53:13.464,1.7,detected,1.0,1,1.0_0.1,31.2221526186235,1.0_0.1,1.0_0.1,"q=0.999,k=3",4
fault_16,2022-07-17 10:53:18.444,True,2022-07-17 10:53:18.644,2022-07-17 10:53:19.644,1.2,detected,1.0,1,1.0_0.1,31.2221526186235,1.0_0.1,1.0_0.1,"q=0.999,k=3",4
fault_17,2022-07-17 10:53:26.553,True,2022-07-17 10:53:26.753,2022-07-17 10:53:27.753,1.2,detected,1.0,1,1.0_0.1,31.2221526186235,1.0_0.1,1.0_0.1,"q=0.999,k=3",4
fault_14,2022-07-17 10:53:01.909,False,,,,not_detected,1.0,2,1.0_0.1,48.20215661578932,1.0_0.1,1.0_0.1,"q=0.999,k=3",4
fault_2,2022-07-17 10:51:23.615,True,2022-07-17 10:51:23.815,2022-07-17 10:51:24.815,1.2,detected,1.0,2,1.0_0.1,48.20215661578932,1.0_0.1,1.0_0.1,"q=0.999,k=3",4
fault_20,2022-07-17 10:53:52.140,True,2022-07-17 10:53:52.340,2022-07-17 10:53:53.340,1.2,detected,1.0,2,1.0_0.1,48.20215661578932,1.0_0.1,1.0_0.1,"q=0.999,k=3",4
fault_3,2022-07-17 10:51:31.734,True,2022-07-17 10:51:31.934,2022-07-17 10:51:32.934,1.2,detected,1.0,2,1.0_0.1,48.20215661578932,1.0_0.1,1.0_0.1,"q=0.999,k=3",4
fault_1,2022-07-17 10:51:16.724,True,2022-07-17 10:51:16.924,2022-07-17 10:51:17.924,1.2,detected,1.0,3,1.0_0.1,48.874609074327445,1.0_0.1,1.0_0.1,"q=0.999,k=3",4
fault_13,2022-07-17 10:52:53.769,True,2022-07-17 10:52:53.969,2022-07-17 10:52:54.969,1.2,detected,1.0,3,1.0_0.1,48.874609074327445,1.0_0.1,1.0_0.1,"q=0.999,k=3",4
fault_18,2022-07-17 10:53:34.639,True,2022-07-17 10:53:34.839,2022-07-17 10:53:35.839,1.2,detected,1.0,3,1.0_0.1,48.874609074327445,1.0_0.1,1.0_0.1,"q=0.999,k=3",4
fault_7,2022-07-17 10:52:04.407,True,2022-07-17 10:52:04.607,2022-07-17 10:52:05.607,1.2,detected,1.0,3,1.0_0.1,48.874609074327445,1.0_0.1,1.0_0.1,"q=0.999,k=3",4
fault_12,2022-07-17 10:52:45.655,True,2022-07-17 10:52:45.655,2022-07-17 10:52:46.655,1.0,detected,1.0,0,1.0_0.1,53.3062267559863,1.0_0.1,1.0_0.1,"q=0.9995,k=1",4
fault_4,2022-07-17 10:51:39.999,True,2022-07-17 10:51:39.999,2022-07-17 10:51:40.999,1.0,detected,1.0,0,1.0_0.1,53.3062267559863,1.0_0.1,1.0_0.1,"q=0.9995,k=1",4
fault_6,2022-07-17 10:51:56.684,True,2022-07-17 10:51:56.684,2022-07-17 10:51:57.684,1.0,detected,1.0,0,1.0_0.1,53.3062267559863,1.0_0.1,1.0_0.1,"q=0.9995,k=1",4
fault_8,2022-07-17 10:52:12.567,True,2022-07-17 10:52:12.567,2022-07-17 10:52:13.567,1.0,detected,1.0,0,1.0_0.1,53.3062267559863,1.0_0.1,1.0_0.1,"q=0.9995,k=1",4
fault_11,2022-07-17 10:52:38.172,True,2022-07-17 10:52:38.172,2022-07-17 10:52:39.172,1.0,detected,1.0,1,1.0_0.1,31.40346947397256,1.0_0.1,1.0_0.1,"q=0.9995,k=1",4
fault_15,2022-07-17 10:53:11.764,True,2022-07-17 10:53:12.264,2022-07-17 10:53:13.264,1.5,detected,1.0,1,1.0_0.1,31.40346947397256,1.0_0.1,1.0_0.1,"q=0.9995,k=1",4
fault_16,2022-07-17 10:53:18.444,True,2022-07-17 10:53:18.444,2022-07-17 10:53:19.444,1.0,detected,1.0,1,1.0_0.1,31.40346947397256,1.0_0.1,1.0_0.1,"q=0.9995,k=1",4
fault_17,2022-07-17 10:53:26.553,True,2022-07-17 10:53:26.553,2022-07-17 10:53:27.553,1.0,detected,1.0,1,1.0_0.1,31.40346947397256,1.0_0.1,1.0_0.1,"q=0.9995,k=1",4
fault_14,2022-07-17 10:53:01.909,True,2022-07-17 10:53:01.909,2022-07-17 10:53:02.909,1.0,detected,1.0,2,1.0_0.1,49.73962320207717,1.0_0.1,1.0_0.1,"q=0.9995,k=1",4
fault_2,2022-07-17 10:51:23.615,True,2022-07-17 10:51:23.615,2022-07-17 10:51:24.615,1.0,detected,1.0,2,1.0_0.1,49.73962320207717,1.0_0.1,1.0_0.1,"q=0.9995,k=1",4
fault_20,2022-07-17 10:53:52.140,True,2022-07-17 10:53:52.140,2022-07-17 10:53:53.140,1.0,detected,1.0,2,1.0_0.1,49.73962320207717,1.0_0.1,1.0_0.1,"q=0.9995,k=1",4
fault_3,2022-07-17 10:51:31.734,True,2022-07-17 10:51:31.734,2022-07-17 10:51:32.734,1.0,detected,1.0,2,1.0_0.1,49.73962320207717,1.0_0.1,1.0_0.1,"q=0.9995,k=1",4
fault_1,2022-07-17 10:51:16.724,True,2022-07-17 10:51:16.724,2022-07-17 10:51:17.724,1.0,detected,1.0,3,1.0_0.1,56.06278354167801,1.0_0.1,1.0_0.1,"q=0.9995,k=1",4
fault_13,2022-07-17 10:52:53.769,True,2022-07-17 10:52:53.769,2022-07-17 10:52:54.769,1.0,detected,1.0,3,1.0_0.1,56.06278354167801,1.0_0.1,1.0_0.1,"q=0.9995,k=1",4
fault_18,2022-07-17 10:53:34.639,True,2022-07-17 10:53:34.639,2022-07-17 10:53:35.639,1.0,detected,1.0,3,1.0_0.1,56.06278354167801,1.0_0.1,1.0_0.1,"q=0.9995,k=1",4
fault_7,2022-07-17 10:52:04.407,True,2022-07-17 10:52:04.407,2022-07-17 10:52:05.407,1.0,detected,1.0,3,1.0_0.1,56.06278354167801,1.0_0.1,1.0_0.1,"q=0.9995,k=1",4
fault_12,2022-07-17 10:52:45.655,True,2022-07-17 10:52:45.755,2022-07-17 10:52:46.755,1.1,detected,1.0,0,1.0_0.1,53.3062267559863,1.0_0.1,1.0_0.1,"q=0.9995,k=2",4
fault_4,2022-07-17 10:51:39.999,True,2022-07-17 10:51:40.099,2022-07-17 10:51:41.099,1.1,detected,1.0,0,1.0_0.1,53.3062267559863,1.0_0.1,1.0_0.1,"q=0.9995,k=2",4
fault_6,2022-07-17 10:51:56.684,True,2022-07-17 10:51:56.784,2022-07-17 10:51:57.784,1.1,detected,1.0,0,1.0_0.1,53.3062267559863,1.0_0.1,1.0_0.1,"q=0.9995,k=2",4
fault_8,2022-07-17 10:52:12.567,True,2022-07-17 10:52:12.667,2022-07-17 10:52:13.667,1.1,detected,1.0,0,1.0_0.1,53.3062267559863,1.0_0.1,1.0_0.1,"q=0.9995,k=2",4
fault_11,2022-07-17 10:52:38.172,True,2022-07-17 10:52:38.272,2022-07-17 10:52:39.272,1.1,detected,1.0,1,1.0_0.1,31.40346947397256,1.0_0.1,1.0_0.1,"q=0.9995,k=2",4
fault_15,2022-07-17 10:53:11.764,True,2022-07-17 10:53:12.364,2022-07-17 10:53:13.364,1.6,detected,1.0,1,1.0_0.1,31.40346947397256,1.0_0.1,1.0_0.1,"q=0.9995,k=2",4
fault_16,2022-07-17 10:53:18.444,True,2022-07-17 10:53:18.544,2022-07-17 10:53:19.544,1.1,detected,1.0,1,1.0_0.1,31.40346947397256,1.0_0.1,1.0_0.1,"q=0.9995,k=2",4
fault_17,2022-07-17 10:53:26.553,True,2022-07-17 10:53:26.653,2022-07-17 10:53:27.653,1.1,detected,1.0,1,1.0_0.1,31.40346947397256,1.0_0.1,1.0_0.1,"q=0.9995,k=2",4
fault_14,2022-07-17 10:53:01.909,True,2022-07-17 10:53:02.009,2022-07-17 10:53:03.009,1.1,detected,1.0,2,1.0_0.1,49.73962320207717,1.0_0.1,1.0_0.1,"q=0.9995,k=2",4
fault_2,2022-07-17 10:51:23.615,True,2022-07-17 10:51:23.715,2022-07-17 10:51:24.715,1.1,detected,1.0,2,1.0_0.1,49.73962320207717,1.0_0.1,1.0_0.1,"q=0.9995,k=2",4
fault_20,2022-07-17 10:53:52.140,True,2022-07-17 10:53:52.240,2022-07-17 10:53:53.240,1.1,detected,1.0,2,1.0_0.1,49.73962320207717,1.0_0.1,1.0_0.1,"q=0.9995,k=2",4
fault_3,2022-07-17 10:51:31.734,True,2022-07-17 10:51:31.834,2022-07-17 10:51:32.834,1.1,detected,1.0,2,1.0_0.1,49.73962320207717,1.0_0.1,1.0_0.1,"q=0.9995,k=2",4
fault_1,2022-07-17 10:51:16.724,True,2022-07-17 10:51:16.824,2022-07-17 10:51:17.824,1.1,detected,1.0,3,1.0_0.1,56.06278354167801,1.0_0.1,1.0_0.1,"q=0.9995,k=2",4
fault_13,2022-07-17 10:52:53.769,True,2022-07-17 10:52:53.869,2022-07-17 10:52:54.869,1.1,detected,1.0,3,1.0_0.1,56.06278354167801,1.0_0.1,1.0_0.1,"q=0.9995,k=2",4
fault_18,2022-07-17 10:53:34.639,True,2022-07-17 10:53:34.739,2022-07-17 10:53:35.739,1.1,detected,1.0,3,1.0_0.1,56.06278354167801,1.0_0.1,1.0_0.1,"q=0.9995,k=2",4
fault_7,2022-07-17 10:52:04.407,True,2022-07-17 10:52:04.507,2022-07-17 10:52:05.507,1.1,detected,1.0,3,1.0_0.1,56.06278354167801,1.0_0.1,1.0_0.1,"q=0.9995,k=2",4
fault_12,2022-07-17 10:52:45.655,True,2022-07-17 10:52:45.855,2022-07-17 10:52:46.855,1.2,detected,1.0,0,1.0_0.1,53.3062267559863,1.0_0.1,1.0_0.1,"q=0.9995,k=3",4
fault_4,2022-07-17 10:51:39.999,True,2022-07-17 10:51:40.199,2022-07-17 10:51:41.199,1.2,detected,1.0,0,1.0_0.1,53.3062267559863,1.0_0.1,1.0_0.1,"q=0.9995,k=3",4
fault_6,2022-07-17 10:51:56.684,True,2022-07-17 10:51:56.884,2022-07-17 10:51:57.884,1.2,detected,1.0,0,1.0_0.1,53.3062267559863,1.0_0.1,1.0_0.1,"q=0.9995,k=3",4
fault_8,2022-07-17 10:52:12.567,True,2022-07-17 10:52:12.767,2022-07-17 10:52:13.767,1.2,detected,1.0,0,1.0_0.1,53.3062267559863,1.0_0.1,1.0_0.1,"q=0.9995,k=3",4
fault_11,2022-07-17 10:52:38.172,True,2022-07-17 10:52:38.372,2022-07-17 10:52:39.372,1.2,detected,1.0,1,1.0_0.1,31.40346947397256,1.0_0.1,1.0_0.1,"q=0.9995,k=3",4
fault_15,2022-07-17 10:53:11.764,True,2022-07-17 10:53:12.464,2022-07-17 10:53:13.464,1.7,detected,1.0,1,1.0_0.1,31.40346947397256,1.0_0.1,1.0_0.1,"q=0.9995,k=3",4
fault_16,2022-07-17 10:53:18.444,True,2022-07-17 10:53:18.644,2022-07-17 10:53:19.644,1.2,detected,1.0,1,1.0_0.1,31.40346947397256,1.0_0.1,1.0_0.1,"q=0.9995,k=3",4
fault_17,2022-07-17 10:53:26.553,True,2022-07-17 10:53:26.753,2022-07-17 10:53:27.753,1.2,detected,1.0,1,1.0_0.1,31.40346947397256,1.0_0.1,1.0_0.1,"q=0.9995,k=3",4
fault_14,2022-07-17 10:53:01.909,False,,,,not_detected,1.0,2,1.0_0.1,49.73962320207717,1.0_0.1,1.0_0.1,"q=0.9995,k=3",4
fault_2,2022-07-17 10:51:23.615,True,2022-07-17 10:51:23.815,2022-07-17 10:51:24.815,1.2,detected,1.0,2,1.0_0.1,49.73962320207717,1.0_0.1,1.0_0.1,"q=0.9995,k=3",4
fault_20,2022-07-17 10:53:52.140,True,2022-07-17 10:53:52.340,2022-07-17 10:53:53.340,1.2,detected,1.0,2,1.0_0.1,49.73962320207717,1.0_0.1,1.0_0.1,"q=0.9995,k=3",4
fault_3,2022-07-17 10:51:31.734,True,2022-07-17 10:51:31.934,2022-07-17 10:51:32.934,1.2,detected,1.0,2,1.0_0.1,49.73962320207717,1.0_0.1,1.0_0.1,"q=0.9995,k=3",4
fault_1,2022-07-17 10:51:16.724,True,2022-07-17 10:51:16.924,2022-07-17 10:51:17.924,1.2,detected,1.0,3,1.0_0.1,56.06278354167801,1.0_0.1,1.0_0.1,"q=0.9995,k=3",4
fault_13,2022-07-17 10:52:53.769,True,2022-07-17 10:52:53.969,2022-07-17 10:52:54.969,1.2,detected,1.0,3,1.0_0.1,56.06278354167801,1.0_0.1,1.0_0.1,"q=0.9995,k=3",4
fault_18,2022-07-17 10:53:34.639,True,2022-07-17 10:53:34.839,2022-07-17 10:53:35.839,1.2,detected,1.0,3,1.0_0.1,56.06278354167801,1.0_0.1,1.0_0.1,"q=0.9995,k=3",4
fault_7,2022-07-17 10:52:04.407,True,2022-07-17 10:52:04.607,2022-07-17 10:52:05.607,1.2,detected,1.0,3,1.0_0.1,56.06278354167801,1.0_0.1,1.0_0.1,"q=0.9995,k=3",4
fault_12,2022-07-17 10:52:45.655,True,2022-07-17 10:52:45.655,2022-07-17 10:52:46.655,1.0,detected,1.0,0,1.0_0.1,33.518465744051774,1.0_0.1,1.0_0.1,"f1,k=1",4
fault_4,2022-07-17 10:51:39.999,True,2022-07-17 10:51:39.999,2022-07-17 10:51:40.999,1.0,detected,1.0,0,1.0_0.1,33.518465744051774,1.0_0.1,1.0_0.1,"f1,k=1",4
fault_6,2022-07-17 10:51:56.684,True,2022-07-17 10:51:56.684,2022-07-17 10:51:57.684,1.0,detected,1.0,0,1.0_0.1,33.518465744051774,1.0_0.1,1.0_0.1,"f1,k=1",4
fault_8,2022-07-17 10:52:12.567,True,2022-07-17 10:52:12.567,2022-07-17 10:52:13.567,1.0,detected,1.0,0,1.0_0.1,33.518465744051774,1.0_0.1,1.0_0.1,"f1,k=1",4
fault_11,2022-07-17 10:52:38.172,True,2022-07-17 10:52:38.172,2022-07-17 10:52:39.172,1.0,detected,1.0,1,1.0_0.1,38.32287620168063,1.0_0.1,1.0_0.1,"f1,k=1",4
fault_15,2022-07-17 10:53:11.764,True,2022-07-17 10:53:12.364,2022-07-17 10:53:13.364,1.6,detected,1.0,1,1.0_0.1,38.32287620168063,1.0_0.1,1.0_0.1,"f1,k=1",4
fault_16,2022-07-17 10:53:18.444,True,2022-07-17 10:53:18.444,2022-07-17 10:53:19.444,1.0,detected,1.0,1,1.0_0.1,38.32287620168063,1.0_0.1,1.0_0.1,"f1,k=1",4
fault_17,2022-07-17 10:53:26.553,True,2022-07-17 10:53:26.553,2022-07-17 10:53:27.553,1.0,detected,1.0,1,1.0_0.1,38.32287620168063,1.0_0.1,1.0_0.1,"f1,k=1",4
fault_14,2022-07-17 10:53:01.909,True,2022-07-17 10:53:01.909,2022-07-17 10:53:02.909,1.0,detected,1.0,2,1.0_0.1,61.76148781181247,1.0_0.1,1.0_0.1,"f1,k=1",4
fault_2,2022-07-17 10:51:23.615,True,2022-07-17 10:51:23.615,2022-07-17 10:51:24.615,1.0,detected,1.0,2,1.0_0.1,61.76148781181247,1.0_0.1,1.0_0.1,"f1,k=1",4
fault_20,2022-07-17 10:53:52.140,True,2022-07-17 10:53:52.140,2022-07-17 10:53:53.140,1.0,detected,1.0,2,1.0_0.1,61.76148781181247,1.0_0.1,1.0_0.1,"f1,k=1",4
fault_3,2022-07-17 10:51:31.734,True,2022-07-17 10:51:31.934,2022-07-17 10:51:32.934,1.2,detected,1.0,2,1.0_0.1,61.76148781181247,1.0_0.1,1.0_0.1,"f1,k=1",4
fault_1,2022-07-17 10:51:16.724,True,2022-07-17 10:51:16.724,2022-07-17 10:51:17.724,1.0,detected,1.0,3,1.0_0.1,45.91980708836229,1.0_0.1,1.0_0.1,"f1,k=1",4
fault_13,2022-07-17 10:52:53.769,True,2022-07-17 10:52:53.769,2022-07-17 10:52:54.769,1.0,detected,1.0,3,1.0_0.1,45.91980708836229,1.0_0.1,1.0_0.1,"f1,k=1",4
fault_18,2022-07-17 10:53:34.639,True,2022-07-17 10:53:34.639,2022-07-17 10:53:35.639,1.0,detected,1.0,3,1.0_0.1,45.91980708836229,1.0_0.1,1.0_0.1,"f1,k=1",4
fault_7,2022-07-17 10:52:04.407,True,2022-07-17 10:52:04.407,2022-07-17 10:52:05.407,1.0,detected,1.0,3,1.0_0.1,45.91980708836229,1.0_0.1,1.0_0.1,"f1,k=1",4
fault_12,2022-07-17 10:52:45.655,True,2022-07-17 10:52:45.755,2022-07-17 10:52:46.755,1.1,detected,1.0,0,1.0_0.1,33.518465744051774,1.0_0.1,1.0_0.1,"f1,k=2",4
fault_4,2022-07-17 10:51:39.999,True,2022-07-17 10:51:40.099,2022-07-17 10:51:41.099,1.1,detected,1.0,0,1.0_0.1,33.518465744051774,1.0_0.1,1.0_0.1,"f1,k=2",4
fault_6,2022-07-17 10:51:56.684,True,2022-07-17 10:51:56.784,2022-07-17 10:51:57.784,1.1,detected,1.0,0,1.0_0.1,33.518465744051774,1.0_0.1,1.0_0.1,"f1,k=2",4
fault_8,2022-07-17 10:52:12.567,True,2022-07-17 10:52:12.667,2022-07-17 10:52:13.667,1.1,detected,1.0,0,1.0_0.1,33.518465744051774,1.0_0.1,1.0_0.1,"f1,k=2",4
fault_11,2022-07-17 10:52:38.172,True,2022-07-17 10:52:38.272,2022-07-17 10:52:39.272,1.1,detected,1.0,1,1.0_0.1,38.32287620168063,1.0_0.1,1.0_0.1,"f1,k=2",4
fault_15,2022-07-17 10:53:11.764,True,2022-07-17 10:53:12.664,2022-07-17 10:53:13.664,1.9,detected,1.0,1,1.0_0.1,38.32287620168063,1.0_0.1,1.0_0.1,"f1,k=2",4
fault_16,2022-07-17 10:53:18.444,True,2022-07-17 10:53:18.544,2022-07-17 10:53:19.544,1.1,detected,1.0,1,1.0_0.1,38.32287620168063,1.0_0.1,1.0_0.1,"f1,k=2",4
fault_17,2022-07-17 10:53:26.553,True,2022-07-17 10:53:26.653,2022-07-17 10:53:27.653,1.1,detected,1.0,1,1.0_0.1,38.32287620168063,1.0_0.1,1.0_0.1,"f1,k=2",4
fault_14,2022-07-17 10:53:01.909,False,,,,not_detected,1.0,2,1.0_0.1,61.76148781181247,1.0_0.1,1.0_0.1,"f1,k=2",4
fault_2,2022-07-17 10:51:23.615,True,2022-07-17 10:51:23.715,2022-07-17 10:51:24.715,1.1,detected,1.0,2,1.0_0.1,61.76148781181247,1.0_0.1,1.0_0.1,"f1,k=2",4
fault_20,2022-07-17 10:53:52.140,True,2022-07-17 10:53:52.240,2022-07-17 10:53:53.240,1.1,detected,1.0,2,1.0_0.1,61.76148781181247,1.0_0.1,1.0_0.1,"f1,k=2",4
fault_3,2022-07-17 10:51:31.734,True,2022-07-17 10:51:32.034,2022-07-17 10:51:33.034,1.3,detected,1.0,2,1.0_0.1,61.76148781181247,1.0_0.1,1.0_0.1,"f1,k=2",4
fault_1,2022-07-17 10:51:16.724,True,2022-07-17 10:51:16.824,2022-07-17 10:51:17.824,1.1,detected,1.0,3,1.0_0.1,45.91980708836229,1.0_0.1,1.0_0.1,"f1,k=2",4
fault_13,2022-07-17 10:52:53.769,True,2022-07-17 10:52:53.869,2022-07-17 10:52:54.869,1.1,detected,1.0,3,1.0_0.1,45.91980708836229,1.0_0.1,1.0_0.1,"f1,k=2",4
fault_18,2022-07-17 10:53:34.639,True,2022-07-17 10:53:34.739,2022-07-17 10:53:35.739,1.1,detected,1.0,3,1.0_0.1,45.91980708836229,1.0_0.1,1.0_0.1,"f1,k=2",4
fault_7,2022-07-17 10:52:04.407,True,2022-07-17 10:52:04.507,2022-07-17 10:52:05.507,1.1,detected,1.0,3,1.0_0.1,45.91980708836229,1.0_0.1,1.0_0.1,"f1,k=2",4
