stream_index,infer_ms,source,block,kind,TimeStamp,orig_TimeStamp,ground_truth_available,ground_truth,Idle,Equipment_state,segment_id,group_id,segment_reset,gap_seconds,AI0_Vibration,AI1_Vibration,AI2_Current,score_0.5s,threshold_0.5s,alarm_0.5s,score_1.0s,threshold_1.0s,alarm_1.0s,sample_score,sample_threshold,sample_alarm,OR_3,P2,state,active_detectors
0,0.972999998339219,external,external,normal,2022-07-12 00:00:00.019,2022-07-12 00:00:00.019,True,0,0,0,0,external_0,False,0.0,0.116967,-0.176403,192.33873,0.0,67.5011746172138,False,0.0,65.52940203030388,False,0.0,21.763479836543077,False,False,False,정상,
1,0.9353999994345941,external,external,normal,2022-07-12 00:00:00.119,2022-07-12 00:00:00.119,True,0,0,0,0,external_0,False,0.1,0.03008,-0.210895,217.00433,0.0,67.5011746172138,False,0.0,65.52940203030388,False,0.0,21.763479836543077,False,False,False,정상,
2,0.9165999981632922,external,external,normal,2022-07-12 00:00:00.219,2022-07-12 00:00:00.219,True,0,0,0,0,external_0,False,0.1,-0.045794,-0.029424,197.51062,0.0,67.5011746172138,False,0.0,65.52940203030388,False,8.669134290511371,21.763479836543077,False,False,False,정상,
3,0.7555000011052471,external,external,normal,2022-07-12 00:00:00.319,2022-07-12 00:00:00.319,True,0,0,0,0,external_0,False,0.1,0.047519,0.258642,156.60717,0.0,67.5011746172138,False,0.0,65.52940203030388,False,7.5393321516944125,21.763479836543077,False,False,False,정상,
4,3.0077000010351185,external,external,normal,2022-07-12 00:00:00.419,2022-07-12 00:00:00.419,True,0,0,0,0,external_0,False,0.1,0.020351,0.173777,93.236934,15.437174037584654,67.5011746172138,False,0.0,65.52940203030388,False,7.122358790202841,21.763479836543077,False,False,False,정상,
5,3.0435000007855706,external,external,normal,2022-07-12 00:00:00.519,2022-07-12 00:00:00.519,True,0,0,0,0,external_0,False,0.1,-0.039129,-0.124644,23.663881,8.094992030479359,67.5011746172138,False,0.0,65.52940203030388,False,7.125649228602288,21.763479836543077,False,False,False,정상,
6,2.406600000540493,external,external,normal,2022-07-12 00:00:00.619,2022-07-12 00:00:00.619,True,0,0,0,0,external_0,False,0.1,0.006727,-0.139971,-49.305445,9.276684718235582,67.5011746172138,False,0.0,65.52940203030388,False,6.131652120615942,21.763479836543077,False,False,False,정상,
7,2.317300000868272,external,external,normal,2022-07-12 00:00:00.719,2022-07-12 00:00:00.719,True,0,0,0,0,external_0,False,0.1,0.000142,-0.083375,-118.64366,12.325166135229956,67.5011746172138,False,0.0,65.52940203030388,False,4.966953962810371,21.763479836543077,False,False,False,정상,
8,2.219800000602845,external,external,normal,2022-07-12 00:00:00.819,2022-07-12 00:00:00.819,True,0,0,0,0,external_0,False,0.1,-0.10298,0.016477,-175.70963,6.626678966951449,67.5011746172138,False,0.0,65.52940203030388,False,4.520637002309042,21.763479836543077,False,False,False,정상,
9,3.860799999529263,external,external,normal,2022-07-12 00:00:00.919,2022-07-12 00:00:00.919,True,0,0,0,0,external_0,False,0.1,0.00172,0.215761,-213.79593,9.761083617612607,67.5011746172138,False,17.022168419946215,65.52940203030388,False,5.123109069789702,21.763479836543077,False,False,False,정상,
10,3.874900001392234,external,external,normal,2022-07-12 00:00:01.019,2022-07-12 00:00:01.019,True,0,0,0,0,external_0,False,0.1,0.110246,0.098777,-206.08881,9.300947128938107,67.5011746172138,False,7.707380802178102,65.52940203030388,False,5.988523654698564,21.763479836543077,False,False,False,정상,
11,3.7701000001106877,external,external,normal,2022-07-12 00:00:01.119,2022-07-12 00:00:01.119,True,0,0,0,0,external_0,False,0.1,-0.087199,-0.223065,-171.62802,7.425165367499924,67.5011746172138,False,6.797963278626053,65.52940203030388,False,6.9577413090657485,21.763479836543077,False,False,False,정상,
12,3.5110999997414183,external,external,normal,2022-07-12 00:00:01.219,2022-07-12 00:00:01.219,True,0,0,0,0,external_0,False,0.1,-0.070521,-0.21144,-115.67391,10.510080462676072,67.5011746172138,False,10.28953659698823,65.52940203030388,False,7.409299067998444,21.763479836543077,False,False,False,정상,
13,3.688299999339506,external,external,normal,2022-07-12 00:00:01.319,2022-07-12 00:00:01.319,True,0,0,0,0,external_0,False,0.1,-0.024177,0.017919,-46.253448,7.104174484495591,67.5011746172138,False,6.9837746571817405,65.52940203030388,False,7.107445274117642,21.763479836543077,False,False,False,정상,
14,3.7252000001899432,external,external,normal,2022-07-12 00:00:01.419,2022-07-12 00:00:01.419,True,0,0,0,0,external_0,False,0.1,-0.111733,0.139955,25.225046,9.602330789470109,67.5011746172138,False,16.70254208993083,65.52940203030388,False,6.709990983740478,21.763479836543077,False,False,False,정상,
15,3.5344999996596016,external,external,normal,2022-07-12 00:00:01.519,2022-07-12 00:00:01.519,True,0,0,0,0,external_0,False,0.1,0.037301,0.197857,99.004638,12.244223711410978,67.5011746172138,False,7.9418976290100325,65.52940203030388,False,6.52004750622329,21.763479836543077,False,False,False,정상,
16,3.6276000028010458,external,external,normal,2022-07-12 00:00:01.619,2022-07-12 00:00:01.619,True,0,0,0,0,external_0,False,0.1,0.06968,0.018351,159.9287,7.853037112931586,67.5011746172138,False,5.526001570205673,65.52940203030388,False,6.495954699719424,21.763479836543077,False,False,False,정상,
17,3.8607000024057925,external,external,normal,2022-07-12 00:00:01.719,2022-07-12 00:00:01.719,True,0,0,0,0,external_0,False,0.1,-0.054172,-0.226471,208.76339,7.829697649402488,67.5011746172138,False,6.380898001281907,65.52940203030388,False,6.190198912005237,21.763479836543077,False,False,False,정상,
18,3.9260999983525835,external,external,normal,2022-07-12 00:00:01.819,2022-07-12 00:00:01.819,True,0,0,0,0,external_0,False,0.1,-0.03628,-0.150756,217.32595,8.938399915192553,67.5011746172138,False,7.886031863426145,65.52940203030388,False,5.622424236546287,21.763479836543077,False,False,False,정상,
19,3.9813000003050547,external,external,normal,2022-07-12 00:00:01.919,2022-07-12 00:00:01.919,True,0,0,0,0,external_0,False,0.1,-0.067944,0.060755,188.27095,7.437308905475671,67.5011746172138,False,6.470470221752146,65.52940203030388,False,5.694054227453336,21.763479836543077,False,False,False,정상,
20,3.565099999832455,external,external,normal,2022-07-12 00:00:02.019,2022-07-12 00:00:02.019,True,0,0,0,0,external_0,False,0.1,-0.064345,0.166329,138.87979,10.69531577027178,67.5011746172138,False,9.91668185508006,65.52940203030388,False,5.767888224923812,21.763479836543077,False,False,False,정상,
21,3.8714999973308295,external,external,normal,2022-07-12 00:00:02.119,2022-07-12 00:00:02.119,True,0,0,0,0,external_0,False,0.1,-0.013789,0.15946,69.887766,15.358354105014488,67.5011746172138,False,9.666961514919347,65.52940203030388,False,6.171560326932305,21.763479836543077,False,False,False,정상,
22,3.967799999372801,external,external,normal,2022-07-12 00:00:02.219,2022-07-12 00:00:02.219,True,0,0,0,0,external_0,False,0.1,-0.035508,-0.05028,-1.156211,15.96246920506889,67.5011746172138,False,13.55645021417685,65.52940203030388,False,5.874978283752171,21.763479836543077,False,False,False,정상,
23,3.9567999992868863,external,external,normal,2022-07-12 00:00:02.319,2022-07-12 00:00:02.319,True,0,0,0,0,external_0,False,0.1,-0.010088,-0.2669,-76.082358,17.825648507178506,67.5011746172138,False,12.090840845049202,65.52940203030388,False,6.512153487071103,21.763479836543077,False,False,False,정상,
24,3.9245000007213093,external,external,normal,2022-07-12 00:00:02.419,2022-07-12 00:00:02.419,True,0,0,0,0,external_0,False,0.1,-0.062642,-0.129844,-141.2641,16.05551169343963,67.5011746172138,False,10.520264441636806,65.52940203030388,False,6.7212652167225455,21.763479836543077,False,False,False,정상,
25,3.482100000837818,external,external,normal,2022-07-12 00:00:02.519,2022-07-12 00:00:02.519,True,0,0,0,0,external_0,False,0.1,-0.006443,0.17674,-195.12775,10.136284734009891,67.5011746172138,False,9.512884390109162,65.52940203030388,False,7.362601931928084,21.763479836543077,False,False,False,정상,
26,3.5838000003423076,external,external,normal,2022-07-12 00:00:02.619,2022-07-12 00:00:02.619,True,0,0,0,0,external_0,False,0.1,0.072439,0.266851,-219.31734,10.786073243644578,67.5011746172138,False,15.339234119160878,65.52940203030388,False,6.7302541491378145,21.763479836543077,False,False,False,정상,
27,3.877800001646392,external,external,normal,2022-07-12 00:00:02.719,2022-07-12 00:00:02.719,True,0,0,0,0,external_0,False,0.1,-0.085008,0.015501,-199.54994,10.163146276220393,67.5011746172138,False,12.291267707096088,65.52940203030388,False,7.451983615203353,21.763479836543077,False,False,False,정상,
28,3.7222999999357853,external,external,normal,2022-07-12 00:00:02.819,2022-07-12 00:00:02.819,True,0,0,0,0,external_0,False,0.1,-0.056182,-0.168354,-157.70175,10.344548082838005,67.5011746172138,False,11.954720905995607,65.52940203030388,False,7.821020672299167,21.763479836543077,False,False,False,정상,
29,3.5499000005074777,external,external,normal,2022-07-12 00:00:02.919,2022-07-12 00:00:02.919,True,0,0,0,0,external_0,False,0.1,-0.015617,-0.147157,-93.02808,10.956550829801401,67.5011746172138,False,11.92274978185235,65.52940203030388,False,7.493881808662388,21.763479836543077,False,False,False,정상,
30,3.9139000000432134,external,external,normal,2022-07-12 00:00:03.019,2022-07-12 00:00:03.019,True,0,0,0,0,external_0,False,0.1,-0.128888,-0.035759,-22.295597,8.420491475477139,67.5011746172138,False,10.447455191948789,65.52940203030388,False,6.471984300358744,21.763479836543077,False,False,False,정상,
31,3.6805000017920975,external,external,normal,2022-07-12 00:00:03.119,2022-07-12 00:00:03.119,True,0,0,0,0,external_0,False,0.1,0.087891,0.191079,52.171356,7.628259133709215,67.5011746172138,False,10.07102455488328,65.52940203030388,False,6.153391544524575,21.763479836543077,False,False,False,정상,
32,3.4868000002461486,external,external,normal,2022-07-12 00:00:03.219,2022-07-12 00:00:03.219,True,0,0,0,0,external_0,False,0.1,0.19158,0.14998,122.96428,12.075893847132576,67.5011746172138,False,11.613691548487504,65.52940203030388,False,7.2556943612878975,21.763479836543077,False,False,False,정상,
33,3.745800000615418,external,external,normal,2022-07-12 00:00:03.319,2022-07-12 00:00:03.319,True,0,0,0,0,external_0,False,0.1,-0.007227,-0.135713,181.12554,9.07923406967966,67.5011746172138,False,8.752054936662203,65.52940203030388,False,8.040472094988418,21.763479836543077,False,False,False,정상,
34,3.884900001139613,external,external,normal,2022-07-12 00:00:03.419,2022-07-12 00:00:03.419,True,0,0,0,0,external_0,False,0.1,0.043114,-0.195659,219.93151,11.376805715435829,67.5011746172138,False,12.997442945758841,65.52940203030388,False,7.916491774015847,21.763479836543077,False,False,False,정상,
35,3.830599998764228,external,external,normal,2022-07-12 00:00:03.519,2022-07-12 00:00:03.519,True,0,0,0,0,external_0,False,0.1,0.018841,-0.08686,212.35695,12.831239574918802,67.5011746172138,False,12.307491102828717,65.52940203030388,False,6.944743345246086,21.763479836543077,False,False,False,정상,
36,3.7207999994279817,external,external,normal,2022-07-12 00:00:03.619,2022-07-12 00:00:03.619,True,0,0,0,0,external_0,False,0.1,-0.111597,0.091329,176.50463,13.98421859186944,67.5011746172138,False,9.80466385102185,65.52940203030388,False,6.9266110679407875,21.763479836543077,False,False,False,정상,
37,3.612999997130828,external,external,normal,2022-07-12 00:00:03.719,2022-07-12 00:00:03.719,True,0,0,0,0,external_0,False,0.1,0.034531,0.275627,118.0221,13.287797098268666,67.5011746172138,False,8.026087394018036,65.52940203030388,False,7.386688598218619,21.763479836543077,False,False,False,정상,
38,3.6657000018749386,external,external,normal,2022-07-12 00:00:03.819,2022-07-12 00:00:03.819,True,0,0,0,0,external_0,False,0.1,0.066967,0.096949,45.694237,11.560962249410437,67.5011746172138,False,8.324909911723374,65.52940203030388,False,7.899402085784513,21.763479836543077,False,False,False,정상,
39,3.6675000010291114,external,external,normal,2022-07-12 00:00:03.919,2022-07-12 00:00:03.919,True,0,0,0,0,external_0,False,0.1,-0.04576,-0.203526,-28.200987,6.265963577399496,67.5011746172138,False,13.708962844458151,65.52940203030388,False,7.146285095711677,21.763479836543077,False,False,False,정상,
40,3.6724999990838114,external,external,normal,2022-07-12 00:00:04.019,2022-07-12 00:00:04.019,True,0,0,0,0,external_0,False,0.1,0.041683,-0.178515,-103.07421,10.890756368634806,67.5011746172138,False,10.656679330477845,65.52940203030388,False,7.020744553281912,21.763479836543077,False,False,False,정상,
41,0.7560000012745149,external,external,normal,2022-07-12 00:00:07.224,2022-07-12 00:00:07.224,True,0,0,0,1,external_1,True,3.205,0.053575,0.159723,28.972868,0.0,67.5011746172138,False,0.0,65.52940203030388,False,0.0,21.763479836543077,False,False,False,정상,
42,0.8080000006884802,external,external,normal,2022-07-12 00:00:07.324,2022-07-12 00:00:07.324,True,0,0,0,1,external_1,False,0.1,0.098341,0.19796,-46.821004,0.0,67.5011746172138,False,0.0,65.52940203030388,False,0.0,21.763479836543077,False,False,False,정상,
43,0.7848999994166661,external,external,normal,2022-07-12 00:00:07.424,2022-07-12 00:00:07.424,True,0,0,0,1,external_1,False,0.1,-0.011195,-0.05675,-120.2773,0.0,67.5011746172138,False,0.0,65.52940203030388,False,4.88524658357562,21.763479836543077,False,False,False,정상,
44,0.7260999991558492,external,external,normal,2022-07-12 00:00:07.524,2022-07-12 00:00:07.524,True,0,0,0,1,external_1,False,0.1,0.082469,-0.116275,-166.03996,0.0,67.5011746172138,False,0.0,65.52940203030388,False,5.788139841003594,21.763479836543077,False,False,False,정상,
45,2.875300000596326,external,external,normal,2022-07-12 00:00:07.624,2022-07-12 00:00:07.624,True,0,0,0,1,external_1,False,0.1,-0.050659,-0.141934,-213.14469,9.445479655010796,67.5011746172138,False,0.0,65.52940203030388,False,5.701815566927652,21.763479836543077,False,False,False,정상,
46,3.0124000004434492,external,external,normal,2022-07-12 00:00:07.724,2022-07-12 00:00:07.724,True,0,0,0,1,external_1,False,0.1,-0.1161,-0.018944,-207.42025,9.477629295267821,67.5011746172138,False,0.0,65.52940203030388,False,5.410590797069538,21.763479836543077,False,False,False,정상,
47,2.24760000128299,external,external,normal,2022-07-12 00:00:07.824,2022-07-12 00:00:07.824,True,0,0,0,1,external_1,False,0.1,0.046536,0.244895,-168.09084,7.314767973105558,67.5011746172138,False,0.0,65.52940203030388,False,5.98712589137007,21.763479836543077,False,False,False,정상,
48,2.1306000016920734,external,external,normal,2022-07-12 00:00:07.924,2022-07-12 00:00:07.924,True,0,0,0,1,external_1,False,0.1,0.014611,0.107691,-118.82903,7.661750573069364,67.5011746172138,False,0.0,65.52940203030388,False,6.351076076830473,21.763479836543077,False,False,False,정상,
49,2.2869999993417878,external,external,normal,2022-07-12 00:00:08.024,2022-07-12 00:00:08.024,True,0,0,0,1,external_1,False,0.1,0.014588,-0.113948,-50.999647,6.749282020466337,67.5011746172138,False,0.0,65.52940203030388,False,6.392024156354012,21.763479836543077,False,False,False,정상,
50,3.6856000006082468,external,external,normal,2022-07-12 00:00:08.124,2022-07-12 00:00:08.124,True,0,0,0,1,external_1,False,0.1,0.024068,-0.133986,19.517901,7.285282459967761,67.5011746172138,False,13.86387883743801,65.52940203030388,False,5.130478759380129,21.763479836543077,False,False,False,정상,
51,3.5124999994877726,external,external,normal,2022-07-12 00:00:08.224,2022-07-12 00:00:08.224,True,0,0,0,1,external_1,False,0.1,-0.04504,-0.117365,100.21068,9.645681355119832,67.5011746172138,False,8.132478711138537,65.52940203030388,False,4.367130565294982,21.763479836543077,False,False,False,정상,
52,3.822399998171022,external,external,normal,2022-07-12 00:00:08.324,2022-07-12 00:00:08.324,True,0,0,0,1,external_1,False,0.1,0.018289,0.100197,150.56195,10.107329961679783,67.5011746172138,False,6.516285323758739,65.52940203030388,False,4.1112813708720175,21.763479836543077,False,False,False,정상,
53,3.5117000006721355,external,external,normal,2022-07-12 00:00:08.424,2022-07-12 00:00:08.424,True,0,0,0,1,external_1,False,0.1,0.002338,0.185347,199.9928,11.085686324539056,67.5011746172138,False,7.446617271042667,65.52940203030388,False,4.534683846737217,21.763479836543077,False,False,False,정상,
54,3.839400000288151,external,external,normal,2022-07-12 00:00:08.524,2022-07-12 00:00:08.524,True,0,0,0,1,external_1,False,0.1,0.05303,-0.002062,217.53814,9.924261504342027,67.5011746172138,False,8.78557962033205,65.52940203030388,False,4.92174185417063,21.763479836543077,False,False,False,정상,
55,3.731500000867527,external,external,normal,2022-07-12 00:00:08.624,2022-07-12 00:00:08.624,True,0,0,0,1,external_1,False,0.1,0.108161,-0.079672,181.39746,12.699291486884892,67.5011746172138,False,11.710709864551296,65.52940203030388,False,5.448279323172128,21.763479836543077,False,False,False,정상,
56,3.6150000014458783,external,external,normal,2022-07-12 00:00:08.724,2022-07-12 00:00:08.724,True,0,0,0,1,external_1,False,0.1,-0.103759,-0.14878,139.09234,8.015300281938748,67.5011746172138,False,7.021044534370258,65.52940203030388,False,6.107241455646867,21.763479836543077,False,False,False,정상,
57,3.5714999976335093,external,external,normal,2022-07-12 00:00:08.824,2022-07-12 00:00:08.824,True,0,0,0,1,external_1,False,0.1,-0.053986,-0.025517,75.148353,8.911445858627197,67.5011746172138,False,9.673693375394564,65.52940203030388,False,5.964730315664769,21.763479836543077,False,False,False,정상,
58,3.8432000001193956,external,external,normal,2022-07-12 00:00:08.924,2022-07-12 00:00:08.924,True,0,0,0,1,external_1,False,0.1,0.041461,0.219861,9.004713,7.38320106671073,67.5011746172138,False,9.831201260259293,65.52940203030388,False,5.728743315951262,21.763479836543077,False,False,False,정상,
59,3.940499998861924,external,external,normal,2022-07-12 00:00:09.024,2022-07-12 00:00:09.024,True,0,0,0,1,external_1,False,0.1,-0.06677,0.098767,-71.201691,8.102971372162633,67.5011746172138,False,10.291834890644607,65.52940203030388,False,5.90353804029823,21.763479836543077,False,False,False,정상,
60,3.670800000691088,external,external,normal,2022-07-12 00:00:09.124,2022-07-12 00:00:09.124,True,0,0,0,1,external_1,False,0.1,0.097296,-0.064118,-131.33849,5.514644707590129,67.5011746172138,False,7.136737749294536,65.52940203030388,False,7.263470938738492,21.763479836543077,False,False,False,정상,
61,3.6040999984834343,external,external,normal,2022-07-12 00:00:09.224,2022-07-12 00:00:09.224,True,0,0,0,1,external_1,False,0.1,0.080596,-0.149404,-177.07255,11.901356523405116,67.5011746172138,False,10.490392277254312,65.52940203030388,False,7.749965085925105,21.763479836543077,False,False,False,정상,
62,3.7859000003663823,external,external,normal,2022-07-12 00:00:09.324,2022-07-12 00:00:09.324,True,0,0,0,1,external_1,False,0.1,-0.110116,-0.180546,-216.01834,8.131029524814032,67.5011746172138,False,8.751274630652427,65.52940203030388,False,7.5790585487831095,21.763479836543077,False,False,False,정상,
63,4.066400000738213,external,external,normal,2022-07-12 00:00:09.424,2022-07-12 00:00:09.424,True,0,0,0,1,external_1,False,0.1,0.052792,0.107952,-191.47971,10.665607853782054,67.5011746172138,False,7.529326518368443,65.52940203030388,False,6.933871714964258,21.763479836543077,False,False,False,정상,
64,3.6089999994146638,external,external,normal,2022-07-12 00:00:09.524,2022-07-12 00:00:09.524,True,0,0,0,1,external_1,False,0.1,0.053178,0.230715,-153.05819,11.082971988680265,67.5011746172138,False,6.250238562906871,65.52940203030388,False,6.940843381833063,21.763479836543077,False,False,False,정상,
65,3.9976999978534877,external,external,normal,2022-07-12 00:00:09.624,2022-07-12 00:00:09.624,True,0,0,0,1,external_1,False,0.1,-0.085684,0.021156,-98.175776,10.712758417913046,67.5011746172138,False,6.695578055059394,65.52940203030388,False,7.3613547907534995,21.763479836543077,False,False,False,정상,
66,3.446400001848815,external,external,normal,2022-07-12 00:00:09.724,2022-07-12 00:00:09.724,True,0,0,0,1,external_1,False,0.1,0.052689,-0.0716,-33.267502,6.36689190794042,67.5011746172138,False,7.294108237874535,65.52940203030388,False,7.164767930789051,21.763479836543077,False,False,False,정상,
67,3.68749999688589,external,external,normal,2022-07-12 00:00:09.824,2022-07-12 00:00:09.824,True,0,0,0,1,external_1,False,0.1,-0.022776,-0.142013,40.96127,7.045369647399629,67.5011746172138,False,8.579957954498008,65.52940203030388,False,6.087331005822674,21.763479836543077,False,False,False,정상,
68,3.74549999833107,external,external,normal,2022-07-12 00:00:09.924,2022-07-12 00:00:09.924,True,0,0,0,1,external_1,False,0.1,-0.136729,-0.101607,113.25647,7.356158646945693,67.5011746172138,False,9.56550038344472,65.52940203030388,False,5.2788549969879615,21.763479836543077,False,False,False,정상,
69,3.5576000009314157,external,external,normal,2022-07-12 00:00:10.024,2022-07-12 00:00:10.024,True,0,0,0,1,external_1,False,0.1,0.092687,0.175413,156.39796,5.6934573161230935,67.5011746172138,False,7.934409818064668,65.52940203030388,False,5.732058033563626,21.763479836543077,False,False,False,정상,
70,3.9501999999629334,external,external,normal,2022-07-12 00:00:10.124,2022-07-12 00:00:10.124,True,0,0,0,1,external_1,False,0.1,0.092108,0.14133,206.93245,8.200632872551509,67.5011746172138,False,7.136591115089443,65.52940203030388,False,6.493955167770614,21.763479836543077,False,False,False,정상,
71,3.9498999976785854,external,external,normal,2022-07-12 00:00:10.224,2022-07-12 00:00:10.224,True,0,0,0,1,external_1,False,0.1,0.020594,-0.096521,203.8702,8.341664567420692,67.5011746172138,False,6.6335584061308674,65.52940203030388,False,6.065830062264342,21.763479836543077,False,False,False,정상,
72,3.7369000019680243,external,external,normal,2022-07-12 00:00:10.324,2022-07-12 00:00:10.324,True,0,0,0,1,external_1,False,0.1,0.090042,-0.09324,165.57028,11.566877496558458,67.5011746172138,False,8.470137174435218,65.52940203030388,False,5.478563779974184,21.763479836543077,False,False,False,정상,
73,3.5649999990710057,external,external,normal,2022-07-12 00:00:10.424,2022-07-12 00:00:10.424,True,0,0,0,1,external_1,False,0.1,-0.090532,-0.089584,120.3834,10.46925989007818,67.5011746172138,False,6.6578080257239165,65.52940203030388,False,5.6503930709967625,21.763479836543077,False,False,False,정상,
74,3.4885999994003214,external,external,normal,2022-07-12 00:00:10.524,2022-07-12 00:00:10.524,True,0,0,0,1,external_1,False,0.1,-0.135434,0.022802,56.760676,14.461340693904036,67.5011746172138,False,9.959593135767674,65.52940203030388,False,6.248742270809804,21.763479836543077,False,False,False,정상,
75,3.4631999988050666,external,external,normal,2022-07-12 00:00:10.624,2022-07-12 00:00:10.624,True,0,0,0,1,external_1,False,0.1,0.002394,0.209995,-9.568335,10.885982448032877,67.5011746172138,False,13.43232928888945,65.52940203030388,False,6.285748055344944,21.763479836543077,False,False,False,정상,
76,3.515000000334112,external,external,normal,2022-07-12 00:00:10.724,2022-07-12 00:00:10.724,True,0,0,0,1,external_1,False,0.1,0.004733,0.078535,-87.835918,8.73433867141708,67.5011746172138,False,9.091870341099519,65.52940203030388,False,6.0019254210320225,21.763479836543077,False,False,False,정상,
77,3.406100000574952,external,external,normal,2022-07-12 00:00:10.824,2022-07-12 00:00:10.824,True,0,0,0,1,external_1,False,0.1,0.093459,-0.106398,-134.96579,9.051418955152412,67.5011746172138,False,7.532436988947696,65.52940203030388,False,6.186192868500524,21.763479836543077,False,False,False,정상,
78,0.7163999980548397,external,external,normal,2022-07-12 00:00:15.267,2022-07-12 00:00:15.267,True,0,0,0,2,external_2,True,4.443,0.052827,0.028705,-109.87891,0.0,67.5011746172138,False,0.0,65.52940203030388,False,0.0,21.763479836543077,False,False,False,정상,
79,0.9104999990086071,external,external,normal,2022-07-12 00:00:15.367,2022-07-12 00:00:15.367,True,0,0,0,2,external_2,False,0.1,-0.012976,0.009166,-97.007763,0.0,67.5011746172138,False,0.0,65.52940203030388,False,0.0,21.763479836543077,False,False,False,정상,
80,0.727400001778733,external,external,normal,2022-07-12 00:00:15.467,2022-07-12 00:00:15.467,True,0,0,0,2,external_2,False,0.1,-0.056505,-0.062371,-77.23535,0.0,67.5011746172138,False,0.0,65.52940203030388,False,2.3300914132609307,21.763479836543077,False,False,False,정상,
81,0.7403999989037402,external,external,normal,2022-07-12 00:00:15.567,2022-07-12 00:00:15.567,True,0,0,0,2,external_2,False,0.1,-0.027418,0.046473,-42.368775,0.0,67.5011746172138,False,0.0,65.52940203030388,False,2.6291633994023287,21.763479836543077,False,False,False,정상,
82,2.4379999995289836,external,external,normal,2022-07-12 00:00:15.667,2022-07-12 00:00:15.667,True,0,0,0,2,external_2,False,0.1,-0.017291,0.083326,-2.476454,6.228273980971838,67.5011746172138,False,0.0,65.52940203030388,False,2.510165465571072,21.763479836543077,False,False,False,정상,
83,2.1541999994951766,external,external,normal,2022-07-12 00:00:15.767,2022-07-12 00:00:15.767,True,0,0,0,2,external_2,False,0.1,0.013568,-0.070079,43.260699,6.551560169387825,67.5011746172138,False,0.0,65.52940203030388,False,2.861393744136851,21.763479836543077,False,False,False,정상,
84,2.3421000005328096,external,external,normal,2022-07-12 00:00:15.867,2022-07-12 00:00:15.867,True,0,0,0,2,external_2,False,0.1,0.050375,-0.035543,93.215596,7.498755400481586,67.5011746172138,False,0.0,65.52940203030388,False,2.973363168964871,21.763479836543077,False,False,False,정상,
85,2.443099998345133,external,external,normal,2022-07-12 00:00:15.967,2022-07-12 00:00:15.967,True,0,0,0,2,external_2,False,0.1,-0.00814,0.028365,105.70873,10.484349115735784,67.5011746172138,False,0.0,65.52940203030388,False,3.1903819092705574,21.763479836543077,False,False,False,정상,
86,2.4486000002070796,external,external,normal,2022-07-12 00:00:16.067,2022-07-12 00:00:16.067,True,0,0,0,2,external_2,False,0.1,-0.044062,-0.067593,110.77358,5.637148446792477,67.5011746172138,False,0.0,65.52940203030388,False,2.660615381864208,21.763479836543077,False,False,False,정상,
87,3.8644000014755875,external,external,normal,2022-07-12 00:00:16.167,2022-07-12 00:00:16.167,True,0,0,0,2,external_2,False,0.1,-0.021593,-0.054503,104.4916,7.11403247740905,67.5011746172138,False,6.480819311958747,65.52940203030388,False,2.311840302388226,21.763479836543077,False,False,False,정상,
88,3.5616999994090293,external,external,normal,2022-07-12 00:00:16.267,2022-07-12 00:00:16.267,True,0,0,0,2,external_2,False,0.1,-0.086432,0.053138,85.335265,15.418680544560605,67.5011746172138,False,6.931021650616606,65.52940203030388,False,2.80964097766724,21.763479836543077,False,False,False,정상,
89,3.7193999996816274,external,external,normal,2022-07-12 00:00:16.367,2022-07-12 00:00:16.367,True,0,0,0,2,external_2,False,0.1,0.012194,0.053524,56.259639,6.157590027139615,67.5011746172138,False,5.959522079698482,65.52940203030388,False,3.372290419754432,21.763479836543077,False,False,False,정상,
90,3.9907999998831656,external,external,normal,2022-07-12 00:00:16.467,2022-07-12 00:00:16.467,True,0,0,0,2,external_2,False,0.1,0.034991,-0.037654,14.272215,5.403282079938064,67.5011746172138,False,8.52668214066627,65.52940203030388,False,3.488212970413892,21.763479836543077,False,False,False,정상,
91,3.6117999989073724,external,external,normal,2022-07-12 00:00:16.567,2022-07-12 00:00:16.567,True,0,0,0,2,external_2,False,0.1,-0.083253,-0.093092,-26.459339,5.302080277244755,67.5011746172138,False,8.986871961440784,65.52940203030388,False,3.124649842860972,21.763479836543077,False,False,False,정상,
92,3.88589999784017,external,external,normal,2022-07-12 00:00:16.667,2022-07-12 00:00:16.667,True,0,0,0,2,external_2,False,0.1,0.029315,0.020156,-79.973946,6.484080915403269,67.5011746172138,False,7.374847336733101,65.52940203030388,False,3.0766401381286372,21.763479836543077,False,False,False,정상,
93,4.19069999770727,external,external,normal,2022-07-12 00:00:16.767,2022-07-12 00:00:16.767,True,0,0,0,2,external_2,False,0.1,0.007074,0.08579,-103.85169,6.65436269142646,67.5011746172138,False,4.8613847616600925,65.52940203030388,False,3.1502880195202874,21.763479836543077,False,False,False,정상,
94,3.723000001627952,external,external,normal,2022-07-12 00:00:16.867,2022-07-12 00:00:16.867,True,0,0,0,2,external_2,False,0.1,-0.032231,-0.033817,-107.62216,7.571821834327662,67.5011746172138,False,7.437084045146103,65.52940203030388,False,2.8756236192045113,21.763479836543077,False,False,False,정상,
95,3.8693999995302875,external,external,normal,2022-07-12 00:00:16.967,2022-07-12 00:00:16.967,True,0,0,0,2,external_2,False,0.1,0.027805,-0.032341,-107.64517,6.804100896140229,67.5011746172138,False,8.184559963011525,65.52940203030388,False,2.2440112157423755,21.763479836543077,False,False,False,정상,
96,3.801999999268446,external,external,normal,2022-07-12 00:00:17.067,2022-07-12 00:00:17.067,True,0,0,0,2,external_2,False,0.1,-0.072093,-0.003368,-90.073477,13.806923709633121,67.5011746172138,False,5.94741276834029,65.52940203030388,False,2.49204609406811,21.763479836543077,False,False,False,정상,
97,3.4967999999935273,external,external,normal,2022-07-12 00:00:17.167,2022-07-12 00:00:17.167,True,0,0,0,2,external_2,False,0.1,-0.026237,-0.065935,-67.014225,8.690725348039724,67.5011746172138,False,5.6650736506272725,65.52940203030388,False,2.956477135578872,21.763479836543077,False,False,False,정상,
98,3.3135000012407545,external,external,normal,2022-07-12 00:00:17.267,2022-07-12 00:00:17.267,True,0,0,0,2,external_2,False,0.1,0.04203,-0.016254,-26.738408,6.762897581729487,67.5011746172138,False,7.4342965099596805,65.52940203030388,False,3.2719447333764897,21.763479836543077,False,False,False,정상,
99,3.6871000011160504,external,external,normal,2022-07-12 00:00:17.367,2022-07-12 00:00:17.367,True,0,0,0,2,external_2,False,0.1,-0.028008,0.022541,12.280942,5.263939719403396,67.5011746172138,False,18.83465529956756,65.52940203030388,False,2.8916815083345555,21.763479836543077,False,False,False,정상,
100,3.53269999686745,external,external,normal,2022-07-12 00:00:17.467,2022-07-12 00:00:17.467,True,0,0,0,2,external_2,False,0.1,0.012773,-0.008579,63.815482,6.223088889044374,67.5011746172138,False,8.797068461319693,65.52940203030388,False,2.443910553883015,21.763479836543077,False,False,False,정상,
101,3.5266999984742142,external,external,normal,2022-07-12 00:00:17.567,2022-07-12 00:00:17.567,True,0,0,0,2,external_2,False,0.1,-0.027259,-0.000177,102.46671,6.532336333301166,67.5011746172138,False,5.561797564515513,65.52940203030388,False,2.2591697629135634,21.763479836543077,False,False,False,정상,
102,0.7229000002553221,external,external,normal,2022-07-12 00:00:23.324,2022-07-12 00:00:23.324,True,0,0,0,3,external_3,True,5.757,-0.037767,-0.004662,200.49086,0.0,67.5011746172138,False,0.0,65.52940203030388,False,0.0,21.763479836543077,False,False,False,정상,
103,0.6950999995751772,external,external,normal,2022-07-12 00:00:23.424,2022-07-12 00:00:23.424,True,0,0,0,3,external_3,False,0.1,0.033736,0.176457,204.71635,0.0,67.5011746172138,False,0.0,65.52940203030388,False,0.0,21.763479836543077,False,False,False,정상,
104,0.7097000016074162,external,external,normal,2022-07-12 00:00:23.524,2022-07-12 00:00:23.524,True,0,0,0,3,external_3,False,0.1,0.021043,0.127513,175.57325,0.0,67.5011746172138,False,0.0,65.52940203030388,False,3.4391313744016307,21.763479836543077,False,False,False,정상,
105,0.7697000000916887,external,external,normal,2022-07-12 00:00:23.624,2022-07-12 00:00:23.624,True,0,0,0,3,external_3,False,0.1,0.015287,-0.086576,128.48319,0.0,67.5011746172138,False,0.0,65.52940203030388,False,4.564357581968257,21.763479836543077,False,False,False,정상,
106,2.1363999985624105,external,external,normal,2022-07-12 00:00:23.724,2022-07-12 00:00:23.724,True,0,0,0,3,external_3,False,0.1,0.035984,-0.140311,63.394792,10.96520844002274,67.5011746172138,False,0.0,65.52940203030388,False,4.902605825040564,21.763479836543077,False,False,False,정상,
107,2.1469999992405064,external,external,normal,2022-07-12 00:00:23.824,2022-07-12 00:00:23.824,True,0,0,0,3,external_3,False,0.1,-0.051357,-0.065845,-3.929377,8.38948487341743,67.5011746172138,False,0.0,65.52940203030388,False,4.567126351735343,21.763479836543077,False,False,False,정상,
108,2.132300000084797,external,external,normal,2022-07-12 00:00:23.924,2022-07-12 00:00:23.924,True,0,0,0,3,external_3,False,0.1,0.046849,0.111925,-77.562937,6.627893950280272,67.5011746172138,False,0.0,65.52940203030388,False,4.173977517063698,21.763479836543077,False,False,False,정상,
109,2.128899999661371,external,external,normal,2022-07-12 00:00:24.024,2022-07-12 00:00:24.024,True,0,0,0,3,external_3,False,0.1,0.108361,0.21348,-138.60585,8.457916385082067,67.5011746172138,False,0.0,65.52940203030388,False,4.664400362699575,21.763479836543077,False,False,False,정상,
110,2.1938999998383224,external,external,normal,2022-07-12 00:00:24.124,2022-07-12 00:00:24.124,True,0,0,0,3,external_3,False,0.1,0.008509,0.029137,-190.7182,8.38252929284447,67.5011746172138,False,0.0,65.52940203030388,False,5.406949463591755,21.763479836543077,False,False,False,정상,
111,3.5070000012638047,external,external,normal,2022-07-12 00:00:24.224,2022-07-12 00:00:24.224,True,0,0,0,3,external_3,False,0.1,0.098007,-0.148429,-211.22303,9.210538639929023,67.5011746172138,False,11.089727974440127,65.52940203030388,False,6.56088681121221,21.763479836543077,False,False,False,정상,
112,0.7005000006756745,external,external,normal,2022-07-12 00:00:32.752,2022-07-12 00:00:32.752,True,0,0,0,4,external_4,True,8.528,-0.043644,-0.027867,58.613784,0.0,67.5011746172138,False,0.0,65.52940203030388,False,0.0,21.763479836543077,False,False,False,정상,
113,0.7041999997454695,external,external,normal,2022-07-12 00:00:32.852,2022-07-12 00:00:32.852,True,0,0,0,4,external_4,False,0.1,-0.01316,-0.066775,17.58981,0.0,67.5011746172138,False,0.0,65.52940203030388,False,0.0,21.763479836543077,False,False,False,정상,
114,0.7375000022875611,external,external,normal,2022-07-12 00:00:32.952,2022-07-12 00:00:32.952,True,0,0,0,4,external_4,False,0.1,-0.009346,0.035722,-22.138717,0.0,67.5011746172138,False,0.0,65.52940203030388,False,1.9932993619707065,21.763479836543077,False,False,False,정상,
115,0.7666000019526109,external,external,normal,2022-07-12 00:00:33.052,2022-07-12 00:00:33.052,True,0,0,0,4,external_4,False,0.1,0.036135,-0.032749,-76.5133,0.0,67.5011746172138,False,0.0,65.52940203030388,False,2.4893933012616816,21.763479836543077,False,False,False,정상,
116,2.223999999841908,external,external,normal,2022-07-12 00:00:33.152,2022-07-12 00:00:33.152,True,0,0,0,4,external_4,False,0.1,0.066823,-0.014289,-104.15877,7.096333910875406,67.5011746172138,False,0.0,65.52940203030388,False,2.652446273194181,21.763479836543077,False,False,False,정상,
117,2.2203999978955835,external,external,normal,2022-07-12 00:00:33.252,2022-07-12 00:00:33.252,True,0,0,0,4,external_4,False,0.1,-0.020881,0.026322,-108.13714,7.7934194581679055,67.5011746172138,False,0.0,65.52940203030388,False,2.908739812412371,21.763479836543077,False,False,False,정상,
118,2.2172999997565057,external,external,normal,2022-07-12 00:00:33.352,2022-07-12 00:00:33.352,True,0,0,0,4,external_4,False,0.1,-0.062173,-0.086382,-108.30737,5.01007893472896,67.5011746172138,False,0.0,65.52940203030388,False,2.7995068656598083,21.763479836543077,False,False,False,정상,
119,2.4290000001201406,external,external,normal,2022-07-12 00:00:33.452,2022-07-12 00:00:33.452,True,0,0,0,4,external_4,False,0.1,-0.036469,0.01976,-91.560375,10.236976280929289,67.5011746172138,False,0.0,65.52940203030388,False,2.753075091623611,21.763479836543077,False,False,False,정상,
120,2.3725999999442138,external,external,normal,2022-07-12 00:00:33.552,2022-07-12 00:00:33.552,True,0,0,0,4,external_4,False,0.1,-0.033085,0.072813,-69.346317,9.417642735806451,67.5011746172138,False,0.0,65.52940203030388,False,2.7333982051866035,21.763479836543077,False,False,False,정상,
121,3.7792999974044506,external,external,normal,2022-07-12 00:00:33.652,2022-07-12 00:00:33.652,True,0,0,0,4,external_4,False,0.1,0.047659,-0.044216,-30.608896,5.040157439616311,67.5011746172138,False,5.5875945347503215,65.52940203030388,False,3.2740525720309037,21.763479836543077,False,False,False,정상,
122,3.4701000004133675,external,external,normal,2022-07-12 00:00:33.752,2022-07-12 00:00:33.752,True,0,0,0,4,external_4,False,0.1,0.065881,-0.030637,7.634641,6.526148845860144,67.5011746172138,False,15.334433615599508,65.52940203030388,False,3.218411662134302,21.763479836543077,False,False,False,정상,
123,3.4445999990566634,external,external,normal,2022-07-12 00:00:33.852,2022-07-12 00:00:33.852,True,0,0,0,4,external_4,False,0.1,-0.034675,-0.041253,58.809645,8.756968605616164,67.5011746172138,False,6.62644487516121,65.52940203030388,False,3.3326968149155327,21.763479836543077,False,False,False,정상,
124,3.455699999904027,external,external,normal,2022-07-12 00:00:33.952,2022-07-12 00:00:33.952,True,0,0,0,4,external_4,False,0.1,-0.01584,-0.004673,101.09378,7.851368165572396,67.5011746172138,False,6.060206573074028,65.52940203030388,False,2.6783491972882096,21.763479836543077,False,False,False,정상,
125,3.4946999985550065,external,external,normal,2022-07-12 00:00:34.052,2022-07-12 00:00:34.052,True,0,0,0,4,external_4,False,0.1,-0.029872,0.006726,107.80622,11.870486757103246,67.5011746172138,False,6.03540537451955,65.52940203030388,False,2.2715693975907087,21.763479836543077,False,False,False,정상,
126,3.4980999989784323,external,external,normal,2022-07-12 00:00:34.152,2022-07-12 00:00:34.152,True,0,0,0,4,external_4,False,0.1,-0.083278,-0.019273,111.29559,10.027606080054426,67.5011746172138,False,6.817474371105645,65.52940203030388,False,2.0816968546170678,21.763479836543077,False,False,False,정상,
127,3.4726999983831774,external,external,normal,2022-07-12 00:00:34.252,2022-07-12 00:00:34.252,True,0,0,0,4,external_4,False,0.1,0.022716,0.10408,99.122298,9.794080347938586,67.5011746172138,False,5.921404577364431,65.52940203030388,False,2.4278585616869517,21.763479836543077,False,False,False,정상,
128,3.410600002098363,external,external,normal,2022-07-12 00:00:34.352,2022-07-12 00:00:34.352,True,0,0,0,4,external_4,False,0.1,0.011624,0.03268,79.534421,16.297061020511443,67.5011746172138,False,4.6789425614579745,65.52940203030388,False,2.7877171648279693,21.763479836543077,False,False,False,정상,
129,3.4868000002461486,external,external,normal,2022-07-12 00:00:34.452,2022-07-12 00:00:34.452,True,0,0,0,4,external_4,False,0.1,-0.028056,-0.093955,45.624619,7.771214886593423,67.5011746172138,False,5.608176700511841,65.52940203030388,False,2.917299309699374,21.763479836543077,False,False,False,정상,
130,3.720100001373794,external,external,normal,2022-07-12 00:00:34.552,2022-07-12 00:00:34.552,True,0,0,0,4,external_4,False,0.1,0.008036,0.049948,5.942226,6.7096048988434305,67.5011746172138,False,8.256339495232602,65.52940203030388,False,2.6299077272964078,21.763479836543077,False,False,False,정상,
131,3.34139999904437,external,external,normal,2022-07-12 00:00:34.652,2022-07-12 00:00:34.652,True,0,0,0,4,external_4,False,0.1,-0.030781,0.060098,-38.492684,11.854783814674473,67.5011746172138,False,7.81753881433213,65.52940203030388,False,2.5970055354011996,21.763479836543077,False,False,False,정상,
132,3.3918999979505315,external,external,normal,2022-07-12 00:00:34.752,2022-07-12 00:00:34.752,True,0,0,0,4,external_4,False,0.1,0.013111,-0.073178,-90.70171,7.729676947293558,67.5011746172138,False,10.1949570005115,65.52940203030388,False,2.9798521499631776,21.763479836543077,False,False,False,정상,
133,3.469899998890469,external,external,normal,2022-07-12 00:00:34.852,2022-07-12 00:00:34.852,True,0,0,0,4,external_4,False,0.1,0.001088,-0.021998,-105.96777,7.237806183285727,67.5011746172138,False,7.1736461936973,65.52940203030388,False,2.876664474852904,21.763479836543077,False,False,False,정상,
134,3.4607999987201765,external,external,normal,2022-07-12 00:00:34.952,2022-07-12 00:00:34.952,True,0,0,0,4,external_4,False,0.1,-0.049094,-0.001437,-110.00527,7.836274493494999,67.5011746172138,False,8.1582890665798,65.52940203030388,False,2.6394858006529383,21.763479836543077,False,False,False,정상,
135,3.477900001598755,external,external,normal,2022-07-12 00:00:35.052,2022-07-12 00:00:35.052,True,0,0,0,4,external_4,False,0.1,-0.002874,-0.020624,-104.38098,8.975257170393018,67.5011746172138,False,7.859075887554528,65.52940203030388,False,1.9864130147735217,21.763479836543077,False,False,False,정상,
136,3.4687000006670132,external,external,normal,2022-07-12 00:00:35.152,2022-07-12 00:00:35.152,True,0,0,0,4,external_4,False,0.1,-0.008982,0.04527,-85.868369,16.04324052824429,67.5011746172138,False,9.104488003761302,65.52940203030388,False,2.044490193216156,21.763479836543077,False,False,False,정상,
137,3.34379999912926,external,external,normal,2022-07-12 00:00:35.252,2022-07-12 00:00:35.252,True,0,0,0,4,external_4,False,0.1,-0.00024,0.005614,-58.43497,7.124746932995895,67.5011746172138,False,6.867533476971509,65.52940203030388,False,2.166594882918539,21.763479836543077,False,False,False,정상,
138,3.4252999976160936,external,external,normal,2022-07-12 00:00:35.352,2022-07-12 00:00:35.352,True,0,0,0,4,external_4,False,0.1,0.016165,-0.038471,-17.731669,6.854064301461575,67.5011746172138,False,8.645882377552196,65.52940203030388,False,2.1116585203616083,21.763479836543077,False,False,False,정상,
139,3.5060999980487395,external,external,normal,2022-07-12 00:00:35.452,2022-07-12 00:00:35.452,True,0,0,0,4,external_4,False,0.1,-0.046233,-0.023076,21.420362,5.550908580118654,67.5011746172138,False,14.06520393707514,65.52940203030388,False,2.0364299724811006,21.763479836543077,False,False,False,정상,
140,3.526899999997113,external,external,normal,2022-07-12 00:00:35.552,2022-07-12 00:00:35.552,True,0,0,0,4,external_4,False,0.1,-0.066578,-0.06371,76.268324,8.235368471494287,67.5011746172138,False,8.76733898682256,65.52940203030388,False,2.383260214028052,21.763479836543077,False,False,False,정상,
141,3.413000002183253,external,external,normal,2022-07-12 00:00:35.652,2022-07-12 00:00:35.652,True,0,0,0,4,external_4,False,0.1,-0.030713,-0.012892,105.09123,8.928610131020069,67.5011746172138,False,7.309927693101338,65.52940203030388,False,2.602321580660678,21.763479836543077,False,False,False,정상,
142,3.4309000002394896,external,external,normal,2022-07-12 00:00:35.752,2022-07-12 00:00:35.752,True,0,0,0,4,external_4,False,0.1,0.009841,0.047711,108.90807,9.145373536500536,67.5011746172138,False,9.800136364510392,65.52940203030388,False,2.4169025369889465,21.763479836543077,False,False,False,정상,
143,3.6302999978943262,external,external,normal,2022-07-12 00:00:35.852,2022-07-12 00:00:35.852,True,0,0,0,4,external_4,False,0.1,0.051235,-0.008692,109.5704,8.081845270759452,67.5011746172138,False,8.526929676544713,65.52940203030388,False,1.9683154358748929,21.763479836543077,False,False,False,정상,
144,3.461500000412343,external,external,normal,2022-07-12 00:00:35.952,2022-07-12 00:00:35.952,True,0,0,0,4,external_4,False,0.1,0.033876,0.017864,93.602907,11.749026533687983,67.5011746172138,False,8.228086598326138,65.52940203030388,False,1.9556401689989007,21.763479836543077,False,False,False,정상,
145,3.4319000005780254,external,external,normal,2022-07-12 00:00:36.052,2022-07-12 00:00:36.052,True,0,0,0,4,external_4,False,0.1,-0.012298,-0.007182,71.555861,7.974866514262985,67.5011746172138,False,7.437695155681033,65.52940203030388,False,2.1681442714099153,21.763479836543077,False,False,False,정상,
146,3.4749000005831476,external,external,normal,2022-07-12 00:00:36.152,2022-07-12 00:00:36.152,True,0,0,0,4,external_4,False,0.1,-0.042316,-0.067331,32.342199,6.469602010533153,67.5011746172138,False,9.83464906067853,65.52940203030388,False,2.3696574430517807,21.763479836543077,False,False,False,정상,
147,3.4916000004159287,external,external,normal,2022-07-12 00:00:36.252,2022-07-12 00:00:36.252,True,0,0,0,4,external_4,False,0.1,-0.045313,0.042568,-5.83613,5.308681243407214,67.5011746172138,False,15.163773292085617,65.52940203030388,False,2.252486164351456,21.763479836543077,False,False,False,정상,
148,3.4427999999024905,external,external,normal,2022-07-12 00:00:36.352,2022-07-12 00:00:36.352,True,0,0,0,4,external_4,False,0.1,-0.013024,-0.00163,-56.937224,6.665846410035845,67.5011746172138,False,8.82167142868329,65.52940203030388,False,2.462941092304954,21.763479836543077,False,False,False,정상,
149,3.438399999140529,external,external,normal,2022-07-12 00:00:36.452,2022-07-12 00:00:36.452,True,0,0,0,4,external_4,False,0.1,0.067187,-0.095669,-99.654329,10.487669136253345,67.5011746172138,False,6.357993185572361,65.52940203030388,False,3.2185006335742457,21.763479836543077,False,False,False,정상,
150,3.528799999912735,external,external,normal,2022-07-12 00:00:36.552,2022-07-12 00:00:36.552,True,0,0,0,4,external_4,False,0.1,0.065279,0.030806,-106.13002,9.007544743269584,67.5011746172138,False,6.567117865137838,65.52940203030388,False,4.01079258418922,21.763479836543077,False,False,False,정상,
151,3.4981999997398816,external,external,normal,2022-07-12 00:00:36.652,2022-07-12 00:00:36.652,True,0,0,0,4,external_4,False,0.1,-0.010106,0.041115,-110.31391,8.109878868173396,67.5011746172138,False,7.071927293745696,65.52940203030388,False,3.9243837967674207,21.763479836543077,False,False,False,정상,
152,3.485599998384714,external,external,normal,2022-07-12 00:00:36.752,2022-07-12 00:00:36.752,True,0,0,0,4,external_4,False,0.1,0.026281,0.003059,-98.714125,8.949531095397553,67.5011746172138,False,6.459128346727476,65.52940203030388,False,3.053246197556297,21.763479836543077,False,False,False,정상,
153,3.5236000003351364,external,external,normal,2022-07-12 00:00:36.852,2022-07-12 00:00:36.852,True,0,0,0,4,external_4,False,0.1,-0.016703,0.079432,-79.239974,20.651109419637592,67.5011746172138,False,6.581038601381239,65.52940203030388,False,2.5556138298573607,21.763479836543077,False,False,False,정상,
154,3.3476999997219536,external,external,normal,2022-07-12 00:00:36.952,2022-07-12 00:00:36.952,True,0,0,0,4,external_4,False,0.1,-0.043485,0.033315,-45.080906,10.047091137029103,67.5011746172138,False,8.149819996529354,65.52940203030388,False,2.7562058919374146,21.763479836543077,False,False,False,정상,
155,3.36770000285469,external,external,normal,2022-07-12 00:00:37.052,2022-07-12 00:00:37.052,True,0,0,0,4,external_4,False,0.1,0.042323,0.007759,-5.251766,9.828566427433689,67.5011746172138,False,9.944166582093015,65.52940203030388,False,2.8774034101180708,21.763479836543077,False,False,False,정상,
156,3.926199999114033,external,external,normal,2022-07-12 00:00:37.152,2022-07-12 00:00:37.152,True,0,0,0,4,external_4,False,0.1,0.012407,0.007294,38.985257,9.338360074307193,67.5011746172138,False,12.405352703621446,65.52940203030388,False,2.5075961744228557,21.763479836543077,False,False,False,정상,
157,3.4788000011758413,external,external,normal,2022-07-12 00:00:37.252,2022-07-12 00:00:37.252,True,0,0,0,4,external_4,False,0.1,0.029267,-0.051176,91.815959,10.002038029769114,67.5011746172138,False,12.650485064686038,65.52940203030388,False,2.3449634308279927,21.763479836543077,False,False,False,정상,
158,3.5182999999960884,external,external,normal,2022-07-12 00:00:37.352,2022-07-12 00:00:37.352,True,0,0,0,4,external_4,False,0.1,0.078846,0.076923,106.75336,6.3407843825852845,67.5011746172138,False,7.546898878373209,65.52940203030388,False,2.743896977652568,21.763479836543077,False,False,False,정상,
159,3.4710999971139245,external,external,normal,2022-07-12 00:00:37.452,2022-07-12 00:00:37.452,True,0,0,0,4,external_4,False,0.1,0.043174,0.100686,110.48616,10.74955995973656,67.5011746172138,False,7.813213554207255,65.52940203030388,False,3.132840216271429,21.763479836543077,False,False,False,정상,
160,3.4479000023566186,external,external,normal,2022-07-12 00:00:37.552,2022-07-12 00:00:37.552,True,0,0,0,4,external_4,False,0.1,0.040472,-0.025018,104.99324,8.479514997084486,67.5011746172138,False,8.065100236053759,65.52940203030388,False,3.157885548903398,21.763479836543077,False,False,False,정상,
161,3.507800000079442,external,external,normal,2022-07-12 00:00:37.652,2022-07-12 00:00:37.652,True,0,0,0,4,external_4,False,0.1,0.039791,0.026583,86.765657,21.167194850847252,67.5011746172138,False,6.933706209563621,65.52940203030388,False,2.828307840819038,21.763479836543077,False,False,False,정상,
162,0.7459000007656869,external,external,normal,2022-07-12 00:00:39.756,2022-07-12 00:00:39.756,True,0,0,0,5,external_5,True,2.104,-0.076753,-0.194915,106.0542,0.0,67.5011746172138,False,0.0,65.52940203030388,False,0.0,21.763479836543077,False,False,False,정상,
163,0.7263999978022184,external,external,normal,2022-07-12 00:00:39.856,2022-07-12 00:00:39.856,True,0,0,0,5,external_5,False,0.1,-0.141375,-0.007507,166.24119,0.0,67.5011746172138,False,0.0,65.52940203030388,False,0.0,21.763479836543077,False,False,False,정상,
164,0.7783999972161837,external,external,normal,2022-07-12 00:00:39.956,2022-07-12 00:00:39.956,True,0,0,0,5,external_5,False,0.1,0.081784,0.24843,212.78777,0.0,67.5011746172138,False,0.0,65.52940203030388,False,6.968700430362648,21.763479836543077,False,False,False,정상,
165,0.7132999999157619,external,external,normal,2022-07-12 00:00:40.056,2022-07-12 00:00:40.056,True,0,0,0,5,external_5,False,0.1,0.050404,0.048294,215.503,0.0,67.5011746172138,False,0.0,65.52940203030388,False,7.083621526155388,21.763479836543077,False,False,False,정상,
166,2.175600002374267,external,external,normal,2022-07-12 00:00:40.156,2022-07-12 00:00:40.156,True,0,0,0,5,external_5,False,0.1,-0.045315,-0.148867,183.6324,7.1427218746027155,67.5011746172138,False,0.0,65.52940203030388,False,6.134938001660185,21.763479836543077,False,False,False,정상,
167,2.158300001610769,external,external,normal,2022-07-12 00:00:40.256,2022-07-12 00:00:40.256,True,0,0,0,5,external_5,False,0.1,0.005593,-0.145767,133.68632,9.018984633634663,67.5011746172138,False,0.0,65.52940203030388,False,5.184755935432819,21.763479836543077,False,False,False,정상,
168,2.1560000022873282,external,external,normal,2022-07-12 00:00:40.356,2022-07-12 00:00:40.356,True,0,0,0,5,external_5,False,0.1,-0.080715,-0.088444,65.312632,8.93991659994339,67.5011746172138,False,0.0,65.52940203030388,False,4.96472234801276,21.763479836543077,False,False,False,정상,
169,2.1124999984749593,external,external,normal,2022-07-12 00:00:40.456,2022-07-12 00:00:40.456,True,0,0,0,5,external_5,False,0.1,-0.068442,0.122295,-5.402089,11.491282697585211,67.5011746172138,False,0.0,65.52940203030388,False,5.0297008812844926,21.763479836543077,False,False,False,정상,
170,2.238299999589799,external,external,normal,2022-07-12 00:00:40.556,2022-07-12 00:00:40.556,True,0,0,0,5,external_5,False,0.1,0.009986,0.122942,-81.152091,11.293327279463135,67.5011746172138,False,0.0,65.52940203030388,False,4.839783758609531,21.763479836543077,False,False,False,정상,
171,3.5949000011896715,external,external,normal,2022-07-12 00:00:40.656,2022-07-12 00:00:40.656,True,0,0,0,5,external_5,False,0.1,0.002039,-0.096153,-146.07038,8.177753624409458,67.5011746172138,False,5.853191197427794,65.52940203030388,False,4.9679144667373185,21.763479836543077,False,False,False,정상,
172,3.7290000000211876,external,external,normal,2022-07-12 00:00:40.756,2022-07-12 00:00:40.756,True,0,0,0,5,external_5,False,0.1,-0.004534,-0.161503,-199.79277,12.053643759577353,67.5011746172138,False,7.452229923531087,65.52940203030388,False,4.723783092255777,21.763479836543077,False,False,False,정상,
173,3.467599999567028,external,external,normal,2022-07-12 00:00:40.856,2022-07-12 00:00:40.856,True,0,0,0,5,external_5,False,0.1,-0.019964,-0.119303,-219.97478,18.308863052561378,67.5011746172138,False,10.73407525780068,65.52940203030388,False,4.423744988078288,21.763479836543077,False,False,False,정상,
174,3.771200001210673,external,external,normal,2022-07-12 00:00:40.956,2022-07-12 00:00:40.956,True,0,0,0,5,external_5,False,0.1,0.003277,0.084886,-196.0887,17.60595005824624,67.5011746172138,False,17.375741322108826,65.52940203030388,False,4.271768375655788,21.763479836543077,False,False,False,정상,
175,3.4701000004133675,external,external,normal,2022-07-12 00:00:41.056,2022-07-12 00:00:41.056,True,0,0,0,5,external_5,False,0.1,-0.058213,0.256468,-153.69179,20.017165687169356,67.5011746172138,False,18.17465348977961,65.52940203030388,False,6.0444671295442065,21.763479836543077,False,False,False,정상,
176,3.502300001855474,external,external,normal,2022-07-12 00:00:41.156,2022-07-12 00:00:41.156,True,0,0,0,5,external_5,False,0.1,-0.120031,0.112951,-88.492166,20.515415030008707,67.5011746172138,False,20.91805953491886,65.52940203030388,False,8.976116146815764,21.763479836543077,False,False,False,정상,
177,3.547600001184037,external,external,normal,2022-07-12 00:00:41.256,2022-07-12 00:00:41.256,True,0,0,0,5,external_5,False,0.1,-0.059848,-0.100967,-16.83736,16.543374643166395,67.5011746172138,False,17.18689235564621,65.52940203030388,False,10.767615891071387,21.763479836543077,False,False,False,정상,
178,3.3991000018431805,external,external,normal,2022-07-12 00:00:41.356,2022-07-12 00:00:41.356,True,0,0,0,5,external_5,False,0.1,-0.092045,-0.200501,58.932669,15.15398550269085,67.5011746172138,False,16.610632462273514,65.52940203030388,False,9.484787834455306,21.763479836543077,False,False,False,정상,
179,3.543099999660626,external,external,normal,2022-07-12 00:00:41.456,2022-07-12 00:00:41.456,True,0,0,0,5,external_5,False,0.1,-0.01943,-0.087786,128.97588,18.45148147592496,67.5011746172138,False,14.156135210979702,65.52940203030388,False,7.109251063126858,21.763479836543077,False,False,False,정상,
180,3.544700000929879,external,external,normal,2022-07-12 00:00:41.556,2022-07-12 00:00:41.556,True,0,0,0,5,external_5,False,0.1,0.080399,0.174747,186.20195,7.955501146881178,67.5011746172138,False,7.209121033811131,65.52940203030388,False,5.908336190541895,21.763479836543077,False,False,False,정상,
181,3.446700000495184,external,external,normal,2022-07-12 00:00:41.656,2022-07-12 00:00:41.656,True,0,0,0,5,external_5,False,0.1,0.04072,0.207399,221.73229,9.24916252175576,67.5011746172138,False,8.776839569772223,65.52940203030388,False,6.188679116365275,21.763479836543077,False,False,False,정상,
182,3.4505000003264286,external,external,normal,2022-07-12 00:00:41.756,2022-07-12 00:00:41.756,True,0,0,0,5,external_5,False,0.1,0.028276,-0.015818,209.16178,8.293499353950804,67.5011746172138,False,9.631873499984302,65.52940203030388,False,6.116739354683683,21.763479836543077,False,False,False,정상,
183,3.6122999990766402,external,external,normal,2022-07-12 00:00:41.856,2022-07-12 00:00:41.856,True,0,0,0,5,external_5,False,0.1,-0.028501,-0.158653,171.91114,11.57390113980831,67.5011746172138,False,11.687006938951981,65.52940203030388,False,5.416957867546441,21.763479836543077,False,False,False,정상,
184,3.473100001428975,external,external,normal,2022-07-12 00:00:41.956,2022-07-12 00:00:41.956,True,0,0,0,5,external_5,False,0.1,-0.085915,-0.148628,112.88167,12.06009367943284,67.5011746172138,False,12.26549294102575,65.52940203030388,False,4.917879644250027,21.763479836543077,False,False,False,정상,
185,3.8222000002861023,external,external,normal,2022-07-12 00:00:42.056,2022-07-12 00:00:42.056,True,0,0,0,5,external_5,False,0.1,-0.100015,-0.034539,41.083222,10.131540145771055,67.5011746172138,False,9.35168930127487,65.52940203030388,False,4.827134380214516,21.763479836543077,False,False,False,정상,
186,3.3997999998973683,external,external,normal,2022-07-12 00:00:42.156,2022-07-12 00:00:42.156,True,0,0,0,5,external_5,False,0.1,0.034044,0.183886,-32.931093,8.807176191873262,67.5011746172138,False,14.075566723517888,65.52940203030388,False,5.102855432631383,21.763479836543077,False,False,False,정상,
187,3.498800000670599,external,external,normal,2022-07-12 00:00:42.256,2022-07-12 00:00:42.256,True,0,0,0,5,external_5,False,0.1,0.161076,0.162678,-107.86964,9.611326955753425,67.5011746172138,False,9.384486297684209,65.52940203030388,False,5.878825664576058,21.763479836543077,False,False,False,정상,
188,3.458800001681084,external,external,normal,2022-07-12 00:00:42.356,2022-07-12 00:00:42.356,True,0,0,0,5,external_5,False,0.1,0.066492,-0.108608,-168.67354,8.843729641213132,67.5011746172138,False,7.76838164554723,65.52940203030388,False,6.851471179666306,21.763479836543077,False,False,False,정상,
189,3.7085999974806327,external,external,normal,2022-07-12 00:00:42.456,2022-07-12 00:00:42.456,True,0,0,0,5,external_5,False,0.1,0.044364,-0.157472,-215.18924,11.469167425908624,67.5011746172138,False,11.036192609882317,65.52940203030388,False,7.044639335721754,21.763479836543077,False,False,False,정상,
190,3.428100000746781,external,external,normal,2022-07-12 00:00:42.556,2022-07-12 00:00:42.556,True,0,0,0,5,external_5,False,0.1,-0.010427,-0.075184,-217.23523,13.0009284110951,67.5011746172138,False,11.433811394173723,65.52940203030388,False,5.9458184002778,21.763479836543077,False,False,False,정상,
191,3.3326000011584256,external,external,normal,2022-07-12 00:00:42.656,2022-07-12 00:00:42.656,True,0,0,0,5,external_5,False,0.1,-0.112731,0.064359,-185.16185,13.121941295866575,67.5011746172138,False,10.495487949743685,65.52940203030388,False,5.56359635722304,21.763479836543077,False,False,False,정상,
192,3.4176000008301344,external,external,normal,2022-07-12 00:00:42.756,2022-07-12 00:00:42.756,True,0,0,0,5,external_5,False,0.1,0.019137,0.232126,-135.09466,13.821949574406423,67.5011746172138,False,7.6743167921990825,65.52940203030388,False,6.007935676412159,21.763479836543077,False,False,False,정상,
193,3.5306999998283572,external,external,normal,2022-07-12 00:00:42.856,2022-07-12 00:00:42.856,True,0,0,0,5,external_5,False,0.1,0.097668,0.093844,-64.650305,10.936365756361386,67.5011746172138,False,8.549421092436424,65.52940203030388,False,6.920733280948766,21.763479836543077,False,False,False,정상,
194,3.4268999988853466,external,external,normal,2022-07-12 00:00:42.956,2022-07-12 00:00:42.956,True,0,0,0,5,external_5,False,0.1,0.061928,-0.165533,8.463622,10.094062781676342,67.5011746172138,False,13.847044471399736,65.52940203030388,False,6.709185800926363,21.763479836543077,False,False,False,정상,
195,4.234699998050928,external,external,normal,2022-07-12 00:00:43.056,2022-07-12 00:00:43.056,True,0,0,0,5,external_5,False,0.1,0.081319,-0.18346,86.401592,15.46440346724924,67.5011746172138,False,13.212517603188916,65.52940203030388,False,7.12474068621144,21.763479836543077,False,False,False,정상,
196,3.563499998563202,external,external,normal,2022-07-12 00:00:43.156,2022-07-12 00:00:43.156,True,0,0,0,5,external_5,False,0.1,0.028208,-0.006315,152.24924,16.21543311944344,67.5011746172138,False,10.538780428682463,65.52940203030388,False,7.544414782003906,21.763479836543077,False,False,False,정상,
197,3.522099999827333,external,external,normal,2022-07-12 00:00:43.256,2022-07-12 00:00:43.256,True,0,0,0,5,external_5,False,0.1,0.010157,0.150599,205.6159,16.11437808646211,67.5011746172138,False,15.474050912435132,65.52940203030388,False,7.157866162731463,21.763479836543077,False,False,False,정상,
198,3.4349000015936326,external,external,normal,2022-07-12 00:00:43.356,2022-07-12 00:00:43.356,True,0,0,0,5,external_5,False,0.1,0.073928,0.178664,225.64509,19.7124387390953,67.5011746172138,False,14.589007097861241,65.52940203030388,False,5.871353551666694,21.763479836543077,False,False,False,정상,
199,3.7496000004466623,external,external,normal,2022-07-12 00:00:43.456,2022-07-12 00:00:43.456,True,0,0,0,5,external_5,False,0.1,0.049916,0.042447,199.99089,17.99474377934359,67.5011746172138,False,14.37694601369186,65.52940203030388,False,4.7641517179655635,21.763479836543077,False,False,False,정상,
200,3.4851999989768956,external,external,normal,2022-07-12 00:00:43.556,2022-07-12 00:00:43.556,True,0,0,0,5,external_5,False,0.1,-0.034098,-0.18044,155.90288,12.802926606376326,67.5011746172138,False,9.579445734629832,65.52940203030388,False,4.9084085260238695,21.763479836543077,False,False,False,정상,
201,3.3084999995480757,external,external,normal,2022-07-12 00:00:43.656,2022-07-12 00:00:43.656,True,0,0,0,5,external_5,False,0.1,-0.09401,-0.156212,88.855039,10.096314882097872,67.5011746172138,False,11.245919321856778,65.52940203030388,False,5.276360035836262,21.763479836543077,False,False,False,정상,
202,3.3760000005713664,external,external,normal,2022-07-12 00:00:43.756,2022-07-12 00:00:43.756,True,0,0,0,5,external_5,False,0.1,-0.04594,0.103948,17.09974,7.856463019436509,67.5011746172138,False,16.529816706188228,65.52940203030388,False,5.541924155164808,21.763479836543077,False,False,False,정상,
203,3.438200001255609,external,external,normal,2022-07-12 00:00:43.856,2022-07-12 00:00:43.856,True,0,0,0,5,external_5,False,0.1,0.096101,0.229947,-60.431964,5.821617336729982,67.5011746172138,False,13.81205843415057,65.52940203030388,False,5.670738046721976,21.763479836543077,False,False,False,정상,
204,3.5223000013502315,external,external,normal,2022-07-12 00:00:43.956,2022-07-12 00:00:43.956,True,0,0,0,5,external_5,False,0.1,0.105183,0.14096,-131.52661,9.802533068921413,67.5011746172138,False,10.920537223580848,65.52940203030388,False,6.136481594331344,21.763479836543077,False,False,False,정상,
205,3.4634000003279652,external,external,normal,2022-07-12 00:00:44.056,2022-07-12 00:00:44.056,True,0,0,0,5,external_5,False,0.1,0.025801,-0.098106,-185.83622,7.78980124051875,67.5011746172138,False,9.077621729049609,65.52940203030388,False,6.122990753978428,21.763479836543077,False,False,False,정상,
206,3.2945999992080033,external,external,normal,2022-07-12 00:00:44.156,2022-07-12 00:00:44.156,True,0,0,0,5,external_5,False,0.1,0.007579,-0.226523,-224.33772,9.294490323318048,67.5011746172138,False,8.959681998475192,65.52940203030388,False,6.104315273778493,21.763479836543077,False,False,False,정상,
207,3.4904999993159436,external,external,normal,2022-07-12 00:00:44.256,2022-07-12 00:00:44.256,True,0,0,0,5,external_5,False,0.1,-0.105283,-0.072697,-209.34763,8.927638979106218,67.5011746172138,False,7.5760886873693245,65.52940203030388,False,6.265015152300574,21.763479836543077,False,False,False,정상,
208,3.4412000022712164,external,external,normal,2022-07-12 00:00:44.356,2022-07-12 00:00:44.356,True,0,0,0,5,external_5,False,0.1,-0.066069,0.133523,-169.31166,9.992622679068543,67.5011746172138,False,5.646704277151927,65.52940203030388,False,6.595046560458109,21.763479836543077,False,False,False,정상,
209,3.6163000004307833,external,external,normal,2022-07-12 00:00:44.456,2022-07-12 00:00:44.456,True,0,0,0,5,external_5,False,0.1,0.117876,0.183319,-112.43571,9.388182280774911,67.5011746172138,False,6.935316936874774,65.52940203030388,False,7.012590059454278,21.763479836543077,False,False,False,정상,
210,3.4519999971962534,external,external,normal,2022-07-12 00:00:44.556,2022-07-12 00:00:44.556,True,0,0,0,5,external_5,False,0.1,0.044671,0.014848,-41.322236,7.139590898425082,67.5011746172138,False,7.536922960231012,65.52940203030388,False,6.35856197121669,21.763479836543077,False,False,False,정상,
211,3.419299999222858,external,external,normal,2022-07-12 00:00:44.656,2022-07-12 00:00:44.656,True,0,0,0,5,external_5,False,0.1,0.04173,-0.153658,34.230117,9.072202341381024,67.5011746172138,False,12.872860938897517,65.52940203030388,False,5.736278012624304,21.763479836543077,False,False,False,정상,
212,0.7231999989016913,external,external,normal,2022-07-12 00:00:47.676,2022-07-12 00:00:47.676,True,0,0,0,6,external_6,True,3.02,0.046297,0.031706,103.39536,0.0,67.5011746172138,False,0.0,65.52940203030388,False,0.0,21.763479836543077,False,False,False,정상,
213,0.6941999999980908,external,external,normal,2022-07-12 00:00:47.776,2022-07-12 00:00:47.776,True,0,0,0,6,external_6,False,0.1,0.029699,-0.063718,107.96489,0.0,67.5011746172138,False,0.0,65.52940203030388,False,0.0,21.763479836543077,False,False,False,정상,
214,0.7019000004220288,external,external,normal,2022-07-12 00:00:47.876,2022-07-12 00:00:47.876,True,0,0,0,6,external_6,False,0.1,0.072239,-0.037356,109.04898,0.0,67.5011746172138,False,0.0,65.52940203030388,False,2.196462397757902,21.763479836543077,False,False,False,정상,
215,0.7140000016079284,external,external,normal,2022-07-12 00:00:47.976,2022-07-12 00:00:47.976,True,0,0,0,6,external_6,False,0.1,0.030766,0.029605,92.585932,0.0,67.5011746172138,False,0.0,65.52940203030388,False,2.8511537450751434,21.763479836543077,False,False,False,정상,
216,2.0999000007577706,external,external,normal,2022-07-12 00:00:48.076,2022-07-12 00:00:48.076,True,0,0,0,6,external_6,False,0.1,0.066733,0.038313,70.37414,11.720152638910154,67.5011746172138,False,0.0,65.52940203030388,False,3.0456565294288502,21.763479836543077,False,False,False,정상,
217,2.1458999981405213,external,external,normal,2022-07-12 00:00:48.176,2022-07-12 00:00:48.176,True,0,0,0,6,external_6,False,0.1,0.037248,-0.026888,31.225447,9.498125322676952,67.5011746172138,False,0.0,65.52940203030388,False,3.0079052560609054,21.763479836543077,False,False,False,정상,
218,2.1090999980515335,external,external,normal,2022-07-12 00:00:48.276,2022-07-12 00:00:48.276,True,0,0,0,6,external_6,False,0.1,-0.01962,-0.002626,-8.228899,6.884741673706662,67.5011746172138,False,0.0,65.52940203030388,False,2.4014980701061055,21.763479836543077,False,False,False,정상,
219,2.1191999985603616,external,external,normal,2022-07-12 00:00:48.376,2022-07-12 00:00:48.376,True,0,0,0,6,external_6,False,0.1,0.021785,0.016947,-59.720523,8.646415953702808,67.5011746172138,False,0.0,65.52940203030388,False,2.212587467241478,21.763479836543077,False,False,False,정상,
220,2.110800000082236,external,external,normal,2022-07-12 00:00:48.476,2022-07-12 00:00:48.476,True,0,0,0,6,external_6,False,0.1,0.021331,-0.033927,-98.920357,8.470707841090348,67.5011746172138,False,0.0,65.52940203030388,False,2.047032414168148,21.763479836543077,False,False,False,정상,
221,3.462199998466531,external,external,normal,2022-07-12 00:00:48.576,2022-07-12 00:00:48.576,True,0,0,0,6,external_6,False,0.1,0.091699,0.030832,-104.97631,9.974624719350162,67.5011746172138,False,9.808144089479992,65.52940203030388,False,2.4636402236440094,21.763479836543077,False,False,False,정상,
222,3.4940999976242892,external,external,normal,2022-07-12 00:00:48.676,2022-07-12 00:00:48.676,True,0,0,0,6,external_6,False,0.1,0.092607,0.05372,-109.8323,10.917990802055977,67.5011746172138,False,12.339722231207357,65.52940203030388,False,3.052283056363233,21.763479836543077,False,False,False,정상,
223,3.4752000028674956,external,external,normal,2022-07-12 00:00:48.776,2022-07-12 00:00:48.776,True,0,0,0,6,external_6,False,0.1,0.082264,-0.004,-97.852599,16.206010883046822,67.5011746172138,False,12.658188894396263,65.52940203030388,False,3.5709328605201427,21.763479836543077,False,False,False,정상,
224,3.661600003397325,external,external,normal,2022-07-12 00:00:48.876,2022-07-12 00:00:48.876,True,0,0,0,6,external_6,False,0.1,0.064405,-0.018805,-78.252563,24.527436997610813,67.5011746172138,False,13.398016792259336,65.52940203030388,False,3.750118063486744,21.763479836543077,False,False,False,정상,
225,3.309600000648061,external,external,normal,2022-07-12 00:00:48.976,2022-07-12 00:00:48.976,True,0,0,0,6,external_6,False,0.1,0.022818,0.008068,-43.872838,14.716125431999798,67.5011746172138,False,14.320451702735488,65.52940203030388,False,3.4700860195807146,21.763479836543077,False,False,False,정상,
226,3.4261000000697095,external,external,normal,2022-07-12 00:00:49.076,2022-07-12 00:00:49.076,True,0,0,0,6,external_6,False,0.1,0.088758,0.133919,-3.3561,14.607815938208699,67.5011746172138,False,16.72418186204973,65.52940203030388,False,3.396550696678458,21.763479836543077,False,False,False,정상,
227,3.449299998464994,external,external,normal,2022-07-12 00:00:49.176,2022-07-12 00:00:49.176,True,0,0,0,6,external_6,False,0.1,0.011272,0.114846,42.479997,14.96707002581938,67.5011746172138,False,12.738003572247038,65.52940203030388,False,3.6963749094505616,21.763479836543077,False,False,False,정상,
228,3.446899998380104,external,external,normal,2022-07-12 00:00:49.276,2022-07-12 00:00:49.276,True,0,0,0,6,external_6,False,0.1,0.0501,0.012871,92.767369,12.622105107279754,67.5011746172138,False,16.35000995243087,65.52940203030388,False,3.816133460573123,21.763479836543077,False,False,False,정상,
229,3.507599998556543,external,external,normal,2022-07-12 00:00:49.376,2022-07-12 00:00:49.376,True,0,0,0,6,external_6,False,0.1,0.08206,0.033897,105.85786,13.887717543113798,67.5011746172138,False,15.408257949488476,65.52940203030388,False,3.5774860866867435,21.763479836543077,False,False,False,정상,
230,3.4401000011712313,external,external,normal,2022-07-12 00:00:49.476,2022-07-12 00:00:49.476,True,0,0,0,6,external_6,False,0.1,-0.024332,0.019195,110.42143,13.416564196429732,67.5011746172138,False,16.096812507643367,65.52940203030388,False,3.026628675219454,21.763479836543077,False,False,False,정상,
231,3.475499997875886,external,external,normal,2022-07-12 00:00:49.576,2022-07-12 00:00:49.576,True,0,0,0,6,external_6,False,0.1,0.118106,0.061837,104.54358,9.443112289342299,67.5011746172138,False,13.445961160964119,65.52940203030388,False,3.2628639565838005,21.763479836543077,False,False,False,정상,
232,3.3815999995567836,external,external,normal,2022-07-12 00:00:49.676,2022-07-12 00:00:49.676,True,0,0,0,6,external_6,False,0.1,0.030289,0.042821,85.948954,16.331385988091366,67.5011746172138,False,10.966254079088518,65.52940203030388,False,3.7948478293127827,21.763479836543077,False,False,False,정상,
233,3.87350000164588,external,external,normal,2022-07-12 00:00:49.776,2022-07-12 00:00:49.776,True,0,0,0,6,external_6,False,0.1,-0.000864,-0.048743,57.985313,8.533586783960015,67.5011746172138,False,10.22211520319575,65.52940203030388,False,3.6292157482481424,21.763479836543077,False,False,False,정상,
234,3.464599998551421,external,external,normal,2022-07-12 00:00:49.876,2022-07-12 00:00:49.876,True,0,0,0,6,external_6,False,0.1,0.16201,-0.001048,16.747119,9.15078441500213,67.5011746172138,False,12.165133560359394,65.52940203030388,False,4.597073390565627,21.763479836543077,False,False,False,정상,
235,3.4642999999050517,external,external,normal,2022-07-12 00:00:49.976,2022-07-12 00:00:49.976,True,0,0,0,6,external_6,False,0.1,-0.036979,0.002165,-23.800734,9.620201266073558,67.5011746172138,False,14.860596954312093,65.52940203030388,False,5.467721342595392,21.763479836543077,False,False,False,정상,
236,3.4417000024404842,external,external,normal,2022-07-12 00:00:50.076,2022-07-12 00:00:50.076,True,0,0,0,6,external_6,False,0.1,0.039519,0.02377,-77.726612,8.451984881981804,67.5011746172138,False,9.678267933026474,65.52940203030388,False,5.561831835816636,21.763479836543077,False,False,False,정상,
237,3.723999998328509,external,external,normal,2022-07-12 00:00:50.176,2022-07-12 00:00:50.176,True,0,0,0,6,external_6,False,0.1,0.073284,0.056672,-103.15336,8.929790577321352,67.5011746172138,False,9.760356263051259,65.52940203030388,False,4.196001031154637,21.763479836543077,False,False,False,정상,
238,3.532000002451241,external,external,normal,2022-07-12 00:00:50.276,2022-07-12 00:00:50.276,True,0,0,0,6,external_6,False,0.1,-0.13372,-0.001366,-107.1663,18.783011109575597,67.5011746172138,False,16.348803073954887,65.52940203030388,False,3.9578316144319783,21.763479836543077,False,False,False,정상,
239,3.5879999995813705,external,external,normal,2022-07-12 00:00:50.376,2022-07-12 00:00:50.376,True,0,0,0,6,external_6,False,0.1,0.083581,0.03996,-107.85593,11.250344168566931,67.5011746172138,False,13.958431824960138,65.52940203030388,False,5.011698167472358,21.763479836543077,False,False,False,정상,
240,3.3987999995588325,external,external,normal,2022-07-12 00:00:50.476,2022-07-12 00:00:50.476,True,0,0,0,6,external_6,False,0.1,0.021002,0.025938,-91.421377,14.746122238971742,67.5011746172138,False,14.924523847029599,65.52940203030388,False,5.104005505552512,21.763479836543077,False,False,False,정상,
241,3.4247999974468257,external,external,normal,2022-07-12 00:00:50.576,2022-07-12 00:00:50.576,True,0,0,0,6,external_6,False,0.1,-0.07742,-0.039808,-68.98094,11.46813002114542,67.5011746172138,False,12.510818838553341,65.52940203030388,False,4.053695325696219,21.763479836543077,False,False,False,정상,
242,3.4974000009242445,external,external,normal,2022-07-12 00:00:50.676,2022-07-12 00:00:50.676,True,0,0,0,6,external_6,False,0.1,0.100554,0.026143,-29.183868,10.086706040229101,67.5011746172138,False,11.70282580626144,65.52940203030388,False,3.82717724445826,21.763479836543077,False,False,False,정상,
243,3.4958000032929704,external,external,normal,2022-07-12 00:00:50.776,2022-07-12 00:00:50.776,True,0,0,0,6,external_6,False,0.1,-0.066816,0.021511,9.825231,8.638249039952175,67.5011746172138,False,24.882931923515393,65.52940203030388,False,4.368077497472265,21.763479836543077,False,False,False,정상,
244,3.4188999998150393,external,external,normal,2022-07-12 00:00:50.876,2022-07-12 00:00:50.876,True,0,0,0,6,external_6,False,0.1,-0.012604,-0.033428,61.037071,7.548314914596541,67.5011746172138,False,11.063295730889765,65.52940203030388,False,4.432222002312765,21.763479836543077,False,False,False,정상,
245,3.4472999977879226,external,external,normal,2022-07-12 00:00:50.976,2022-07-12 00:00:50.976,True,0,0,0,6,external_6,False,0.1,0.079812,-0.009155,100.79147,8.257530219604805,67.5011746172138,False,9.57987081822206,65.52940203030388,False,3.8891535451249966,21.763479836543077,False,False,False,정상,
246,3.4346000029472634,external,external,normal,2022-07-12 00:00:51.076,2022-07-12 00:00:51.076,True,0,0,0,6,external_6,False,0.1,-0.109356,0.021738,106.59982,11.83422858837217,67.5011746172138,False,10.781579127090875,65.52940203030388,False,4.308960934238266,21.763479836543077,False,False,False,정상,
247,3.3880000009958167,external,external,normal,2022-07-12 00:00:51.176,2022-07-12 00:00:51.176,True,0,0,0,6,external_6,False,0.1,-0.043178,0.028663,110.97993,12.341680149517885,67.5011746172138,False,11.015478286096144,65.52940203030388,False,4.450973864082233,21.763479836543077,False,False,False,정상,
248,3.4575999998196494,external,external,normal,2022-07-12 00:00:51.276,2022-07-12 00:00:51.276,True,0,0,0,6,external_6,False,0.1,-0.034073,-0.013639,98.869455,12.064313919694312,67.5011746172138,False,11.860299563727319,65.52940203030388,False,4.133199556203871,21.763479836543077,False,False,False,정상,
249,3.4219000008306466,external,external,normal,2022-07-12 00:00:51.376,2022-07-12 00:00:51.376,True,0,0,0,6,external_6,False,0.1,-0.101818,-0.021825,79.160461,17.0582658665027,67.5011746172138,False,11.173445028674937,65.52940203030388,False,3.337883997254894,21.763479836543077,False,False,False,정상,
250,3.4143999982916284,external,external,normal,2022-07-12 00:00:51.476,2022-07-12 00:00:51.476,True,0,0,0,6,external_6,False,0.1,0.008831,0.045682,44.880396,11.238159137903914,67.5011746172138,False,8.685136262796476,65.52940203030388,False,3.2642814583214843,21.763479836543077,False,False,False,정상,
251,3.623599997808924,external,external,normal,2022-07-12 00:00:51.576,2022-07-12 00:00:51.576,True,0,0,0,6,external_6,False,0.1,-0.031757,0.00817,4.577876,9.601209089074871,67.5011746172138,False,12.692268551246785,65.52940203030388,False,3.0076322177337516,21.763479836543077,False,False,False,정상,
252,3.414799997699447,external,external,normal,2022-07-12 00:00:51.676,2022-07-12 00:00:51.676,True,0,0,0,6,external_6,False,0.1,-0.153169,-0.090308,-40.971403,12.60625428234191,67.5011746172138,False,11.479748431812393,65.52940203030388,False,3.728407169574716,21.763479836543077,False,False,False,정상,
253,3.4386000006634276,external,external,normal,2022-07-12 00:00:51.776,2022-07-12 00:00:51.776,True,0,0,0,6,external_6,False,0.1,-0.08816,-0.052683,-90.804588,14.53745985807435,67.5011746172138,False,14.307611296186826,65.52940203030388,False,4.706225533841673,21.763479836543077,False,False,False,정상,
254,3.433599998970749,external,external,normal,2022-07-12 00:00:51.876,2022-07-12 00:00:51.876,True,0,0,0,6,external_6,False,0.1,-0.066725,0.024076,-104.02466,12.920385179259485,67.5011746172138,False,13.742344348682234,65.52940203030388,False,5.194151841855613,21.763479836543077,False,False,False,정상,
255,3.4436000023561064,external,external,normal,2022-07-12 00:00:51.976,2022-07-12 00:00:51.976,True,0,0,0,6,external_6,False,0.1,-0.102839,-0.041239,-109.08784,18.484903256697418,67.5011746172138,False,18.89040241994625,65.52940203030388,False,4.586671604965164,21.763479836543077,False,False,False,정상,
256,3.297999999631429,external,external,normal,2022-07-12 00:00:52.076,2022-07-12 00:00:52.076,True,0,0,0,6,external_6,False,0.1,-0.019734,-0.101502,-103.71305,18.462800600326393,67.5011746172138,False,14.099862856922913,65.52940203030388,False,4.009400615318314,21.763479836543077,False,False,False,정상,
257,3.4320000013394747,external,external,normal,2022-07-12 00:00:52.176,2022-07-12 00:00:52.176,True,0,0,0,6,external_6,False,0.1,-0.067349,-0.043487,-85.551868,25.45481162352691,67.5011746172138,False,13.513895139352863,65.52940203030388,False,3.947310194727826,21.763479836543077,False,False,False,정상,
258,3.4207999997306615,external,external,normal,2022-07-12 00:00:52.276,2022-07-12 00:00:52.276,True,0,0,0,6,external_6,False,0.1,-0.119483,-0.023153,-57.730205,16.982974493904777,67.5011746172138,False,15.047393887535462,65.52940203030388,False,4.1293657144209455,21.763479836543077,False,False,False,정상,
259,3.6619000020436943,external,external,normal,2022-07-12 00:00:52.376,2022-07-12 00:00:52.376,True,0,0,0,6,external_6,False,0.1,-0.04034,-0.085903,-16.292455,21.642293061531507,67.5011746172138,False,14.726047330941862,65.52940203030388,False,4.389135463365311,21.763479836543077,False,False,False,정상,
260,3.5380999979679473,external,external,normal,2022-07-12 00:00:52.476,2022-07-12 00:00:52.476,True,0,0,0,6,external_6,False,0.1,-0.160015,-0.131929,24.949434,21.38498137517277,67.5011746172138,False,26.65416798293563,65.52940203030388,False,5.240324313396915,21.763479836543077,False,False,False,정상,
261,3.458799998043105,external,external,normal,2022-07-12 00:00:52.576,2022-07-12 00:00:52.576,True,0,0,0,6,external_6,False,0.1,-0.118723,-0.026525,79.118023,24.4829728409616,67.5011746172138,False,26.902902088857715,65.52940203030388,False,6.134483870519815,21.763479836543077,False,False,False,정상,
262,0.6878000021970365,external,external,normal,2022-07-12 00:00:55.468,2022-07-12 00:00:55.468,True,0,0,0,7,external_7,True,2.892,0.092019,0.212864,-192.63008,0.0,67.5011746172138,False,0.0,65.52940203030388,False,0.0,21.763479836543077,False,False,False,정상,
263,0.678899999911664,external,external,normal,2022-07-12 00:00:55.568,2022-07-12 00:00:55.568,True,0,0,0,7,external_7,False,0.1,0.036263,-0.125111,-122.90789,0.0,67.5011746172138,False,0.0,65.52940203030388,False,0.0,21.763479836543077,False,False,False,정상,
264,0.9017000011226628,external,external,normal,2022-07-12 00:00:55.668,2022-07-12 00:00:55.668,True,0,0,0,7,external_7,False,0.1,-0.035002,-0.26252,-40.215974,0.0,67.5011746172138,False,0.0,65.52940203030388,False,6.894791609903713,21.763479836543077,False,False,False,정상,
265,0.7585000021208543,external,external,normal,2022-07-12 00:00:55.768,2022-07-12 00:00:55.768,True,0,0,0,7,external_7,False,0.1,-0.03037,-0.024896,47.92977,0.0,67.5011746172138,False,0.0,65.52940203030388,False,6.962356609503832,21.763479836543077,False,False,False,정상,
266,2.54040000072564,external,external,normal,2022-07-12 00:00:55.868,2022-07-12 00:00:55.868,True,0,0,0,7,external_7,False,0.1,0.047979,0.182108,133.7886,8.742790366730759,67.5011746172138,False,0.0,65.52940203030388,False,6.01662442788193,21.763479836543077,False,False,False,정상,
267,2.136800001608208,external,external,normal,2022-07-12 00:00:55.968,2022-07-12 00:00:55.968,True,0,0,0,7,external_7,False,0.1,0.061547,0.20327,203.00701,12.841309709939225,67.5011746172138,False,0.0,65.52940203030388,False,5.884386613374498,21.763479836543077,False,False,False,정상,
268,2.1546999996644445,external,external,normal,2022-07-12 00:00:56.068,2022-07-12 00:00:56.068,True,0,0,0,7,external_7,False,0.1,0.048922,0.029463,249.48242,13.15010465678065,67.5011746172138,False,0.0,65.52940203030388,False,5.408063897484394,21.763479836543077,False,False,False,정상,
269,2.1822999988216907,external,external,normal,2022-07-12 00:00:56.168,2022-07-12 00:00:56.168,True,0,0,0,7,external_7,False,0.1,0.026408,-0.208762,248.02247,15.670521485873595,67.5011746172138,False,0.0,65.52940203030388,False,5.62593459132725,21.763479836543077,False,False,False,정상,
270,2.1181000010983553,external,external,normal,2022-07-12 00:00:56.268,2022-07-12 00:00:56.268,True,0,0,0,7,external_7,False,0.1,-0.108991,-0.199521,212.31105,11.620349976157211,67.5011746172138,False,0.0,65.52940203030388,False,6.0742399999583645,21.763479836543077,False,False,False,정상,
271,3.3887999998114537,external,external,normal,2022-07-12 00:00:56.368,2022-07-12 00:00:56.368,True,0,0,0,7,external_7,False,0.1,-0.069425,0.055746,150.88012,9.11131324281576,67.5011746172138,False,10.147962880468544,65.52940203030388,False,6.666501934742665,21.763479836543077,False,False,False,정상,
272,3.3870999977807514,external,external,normal,2022-07-12 00:00:56.468,2022-07-12 00:00:56.468,True,0,0,0,7,external_7,False,0.1,0.083084,0.277589,68.905958,8.6104221265431,67.5011746172138,False,10.646075823129411,65.52940203030388,False,7.206024373400036,21.763479836543077,False,False,False,정상,
273,3.349700000399025,external,external,normal,2022-07-12 00:00:56.568,2022-07-12 00:00:56.568,True,0,0,0,7,external_7,False,0.1,0.010956,0.182278,-17.716887,10.015676920238942,67.5011746172138,False,19.093641011960674,65.52940203030388,False,7.4233235603264704,21.763479836543077,False,False,False,정상,
274,3.3249000007344875,external,external,normal,2022-07-12 00:00:56.668,2022-07-12 00:00:56.668,True,0,0,0,7,external_7,False,0.1,-0.01183,-0.108865,-106.88723,8.36422528184364,67.5011746172138,False,10.985764743446135,65.52940203030388,False,7.434637971898559,21.763479836543077,False,False,False,정상,
275,3.4701000004133675,external,external,normal,2022-07-12 00:00:56.768,2022-07-12 00:00:56.768,True,0,0,0,7,external_7,False,0.1,0.001306,-0.235919,-181.90529,10.243389498599466,67.5011746172138,False,9.748277104048599,65.52940203030388,False,7.177997050790347,21.763479836543077,False,False,False,정상,
276,3.9830999994592275,external,external,normal,2022-07-12 00:00:56.868,2022-07-12 00:00:56.868,True,0,0,0,7,external_7,False,0.1,-0.162646,-0.164337,-237.99017,11.412760708689204,67.5011746172138,False,11.050757066499267,65.52940203030388,False,7.555932359001822,21.763479836543077,False,False,False,정상,
277,3.6418000017874874,external,external,normal,2022-07-12 00:00:56.968,2022-07-12 00:00:56.968,True,0,0,0,7,external_7,False,0.1,-0.009684,0.092463,-252.39661,11.006842833567775,67.5011746172138,False,10.132325022921096,65.52940203030388,False,7.453603252896362,21.763479836543077,False,False,False,정상,
278,3.5182999999960884,external,external,normal,2022-07-12 00:00:57.068,2022-07-12 00:00:57.068,True,0,0,0,7,external_7,False,0.1,0.182289,0.283731,-225.31119,13.256964206739696,67.5011746172138,False,11.578722823089043,65.52940203030388,False,8.504923883701222,21.763479836543077,False,False,False,정상,
279,3.504099997371668,external,external,normal,2022-07-12 00:00:57.168,2022-07-12 00:00:57.168,True,0,0,0,7,external_7,False,0.1,0.02424,0.045926,-173.45359,16.902959042567147,67.5011746172138,False,10.198989296374153,65.52940203030388,False,8.850079779531207,21.763479836543077,False,False,False,정상,
280,3.595799997128779,external,external,normal,2022-07-12 00:00:57.268,2022-07-12 00:00:57.268,True,0,0,0,7,external_7,False,0.1,-0.001771,-0.18584,-96.145045,11.237547365846682,67.5011746172138,False,10.654575333447497,65.52940203030388,False,8.642035655186037,21.763479836543077,False,False,False,정상,
281,3.3571999993000645,external,external,normal,2022-07-12 00:00:57.368,2022-07-12 00:00:57.368,True,0,0,0,7,external_7,False,0.1,-0.104086,-0.152234,-11.591197,11.117158009554116,67.5011746172138,False,12.8423629355215,65.52940203030388,False,7.207384601644183,21.763479836543077,False,False,False,정상,
282,3.5051000013481826,external,external,normal,2022-07-12 00:00:57.468,2022-07-12 00:00:57.468,True,0,0,0,7,external_7,False,0.1,-0.216983,-0.069128,78.177819,20.699485367210432,67.5011746172138,False,15.525488615999599,65.52940203030388,False,7.180308616777064,21.763479836543077,False,False,False,정상,
283,3.446700000495184,external,external,normal,2022-07-12 00:00:57.568,2022-07-12 00:00:57.568,True,0,0,0,7,external_7,False,0.1,-0.025578,0.177885,159.20414,12.480144026854237,67.5011746172138,False,14.8495812384928,65.52940203030388,False,8.565991842586088,21.763479836543077,False,False,False,정상,
284,3.442599998379592,external,external,normal,2022-07-12 00:00:57.668,2022-07-12 00:00:57.668,True,0,0,0,7,external_7,False,0.1,0.126544,0.22969,223.72952,13.134919071923143,67.5011746172138,False,12.053610754977576,65.52940203030388,False,9.146530695825588,21.763479836543077,False,False,False,정상,
285,3.4525000010035,external,external,normal,2022-07-12 00:00:57.768,2022-07-12 00:00:57.768,True,0,0,0,7,external_7,False,0.1,0.129587,-0.117334,256.31002,19.804913174823977,67.5011746172138,False,14.013523575484086,65.52940203030388,False,9.376115297444464,21.763479836543077,False,False,False,정상,
286,3.411099998629652,external,external,normal,2022-07-12 00:00:57.868,2022-07-12 00:00:57.868,True,0,0,0,7,external_7,False,0.1,0.021799,-0.24784,240.13749,20.05344767366284,67.5011746172138,False,13.20811464335079,65.52940203030388,False,8.827920277449456,21.763479836543077,False,False,False,정상,
287,3.5669000026246067,external,external,normal,2022-07-12 00:00:57.968,2022-07-12 00:00:57.968,True,0,0,0,7,external_7,False,0.1,-0.070696,-0.111465,196.04208,11.869477432692783,67.5011746172138,False,12.120534036683718,65.52940203030388,False,8.993794920912164,21.763479836543077,False,False,False,정상,
288,3.606400001444854,external,external,normal,2022-07-12 00:00:58.068,2022-07-12 00:00:58.068,True,0,0,0,7,external_7,False,0.1,-0.098046,0.052068,124.80582,13.79189026695271,67.5011746172138,False,11.728137492937,65.52940203030388,False,7.415064409198526,21.763479836543077,False,False,False,정상,
289,3.4954999973706435,external,external,normal,2022-07-12 00:00:58.168,2022-07-12 00:00:58.168,True,0,0,0,7,external_7,False,0.1,-0.089304,0.242314,40.569906,24.31093058889234,67.5011746172138,False,14.518282740459757,65.52940203030388,False,7.764577636724734,21.763479836543077,False,False,False,정상,
290,3.482200001599267,external,external,normal,2022-07-12 00:00:58.268,2022-07-12 00:00:58.268,True,0,0,0,7,external_7,False,0.1,-0.005506,0.135185,-48.274523,19.35916038816321,67.5011746172138,False,18.503683224488523,65.52940203030388,False,8.316444147049381,21.763479836543077,False,False,False,정상,
291,3.398400000151014,external,external,normal,2022-07-12 00:00:58.368,2022-07-12 00:00:58.368,True,0,0,0,7,external_7,False,0.1,0.025863,-0.194832,-134.94219,15.56697375341206,67.5011746172138,False,13.390976103954314,65.52940203030388,False,9.528945765197989,21.763479836543077,False,False,False,정상,
292,3.4450999992259312,external,external,normal,2022-07-12 00:00:58.468,2022-07-12 00:00:58.468,True,0,0,0,7,external_7,False,0.1,-0.030199,-0.241153,-205.18103,19.896395686214117,67.5011746172138,False,15.584179607473757,65.52940203030388,False,8.545882924634224,21.763479836543077,False,False,False,정상,
293,3.2909000001382083,external,external,normal,2022-07-12 00:00:58.568,2022-07-12 00:00:58.568,True,0,0,0,7,external_7,False,0.1,-0.013237,-0.06629,-250.76154,20.140119108068678,67.5011746172138,False,16.34548280572427,65.52940203030388,False,7.427761431752273,21.763479836543077,False,False,False,정상,
294,3.684900002554059,external,external,normal,2022-07-12 00:00:58.668,2022-07-12 00:00:58.668,True,0,0,0,7,external_7,False,0.1,0.056824,0.12751,-248.16409,17.32738428351965,67.5011746172138,False,20.448044012834618,65.52940203030388,False,5.5881526479265515,21.763479836543077,False,False,False,정상,
295,3.4780999994836748,external,external,normal,2022-07-12 00:00:58.768,2022-07-12 00:00:58.768,True,0,0,0,7,external_7,False,0.1,0.0203,0.232653,-212.45697,15.738431501431213,67.5011746172138,False,18.626718937857035,65.52940203030388,False,5.856721131907546,21.763479836543077,False,False,False,정상,
296,3.4292999989702366,external,external,normal,2022-07-12 00:00:58.868,2022-07-12 00:00:58.868,True,0,0,0,7,external_7,False,0.1,0.005575,0.02633,-150.06341,14.685259352047815,67.5011746172138,False,16.279408457106516,65.52940203030388,False,6.029308239594197,21.763479836543077,False,False,False,정상,
297,3.456200000073295,external,external,normal,2022-07-12 00:00:58.968,2022-07-12 00:00:58.968,True,0,0,0,7,external_7,False,0.1,-0.058514,-0.25816,-67.525395,12.448482078318495,67.5011746172138,False,15.841083371912442,65.52940203030388,False,7.293459504719759,21.763479836543077,False,False,False,정상,
298,3.4720000003289897,external,external,normal,2022-07-12 00:00:59.068,2022-07-12 00:00:59.068,True,0,0,0,7,external_7,False,0.1,-0.192608,-0.242152,19.030812,12.778237732602772,67.5011746172138,False,21.38295421674463,65.52940203030388,False,8.037997891452774,21.763479836543077,False,False,False,정상,
299,3.5228000015194993,external,external,normal,2022-07-12 00:00:59.168,2022-07-12 00:00:59.168,True,0,0,0,7,external_7,False,0.1,-0.060842,0.042145,108.3243,11.697091412210272,67.5011746172138,False,12.691589742763778,65.52940203030388,False,8.965287549673816,21.763479836543077,False,False,False,정상,
300,3.4553000004962087,external,external,normal,2022-07-12 00:00:59.268,2022-07-12 00:00:59.268,True,0,0,0,7,external_7,False,0.1,0.135377,0.26048,184.23607,12.057143392279363,67.5011746172138,False,11.986192516547332,65.52940203030388,False,9.041976747443861,21.763479836543077,False,False,False,정상,
301,3.573300000425661,external,external,normal,2022-07-12 00:00:59.368,2022-07-12 00:00:59.368,True,0,0,0,7,external_7,False,0.1,0.093381,0.124093,241.78532,13.662752610252486,67.5011746172138,False,9.62060564332365,65.52940203030388,False,8.558608566600546,21.763479836543077,False,False,False,정상,
302,3.4331999995629303,external,external,normal,2022-07-12 00:00:59.468,2022-07-12 00:00:59.468,True,0,0,0,7,external_7,False,0.1,0.025182,-0.126565,256.20547,12.232668185014745,67.5011746172138,False,9.419396021836523,65.52940203030388,False,7.179132964029788,21.763479836543077,False,False,False,정상,
303,0.6942999971215613,external,external,normal,2022-07-12 00:01:03.576,2022-07-12 00:01:03.576,True,0,0,0,8,external_8,True,4.108,-0.027683,0.158762,161.4808,0.0,67.5011746172138,False,0.0,65.52940203030388,False,0.0,21.763479836543077,False,False,False,정상,
304,0.749099999666214,external,external,normal,2022-07-12 00:01:03.676,2022-07-12 00:01:03.676,True,0,0,0,8,external_8,False,0.1,-0.073812,-0.074025,191.53538,0.0,67.5011746172138,False,0.0,65.52940203030388,False,0.0,21.763479836543077,False,False,False,정상,
305,0.7212999989860691,external,external,normal,2022-07-12 00:01:03.776,2022-07-12 00:01:03.776,True,0,0,0,8,external_8,False,0.1,0.044342,-0.090964,176.42882,0.0,67.5011746172138,False,0.0,65.52940203030388,False,5.49843911656491,21.763479836543077,False,False,False,정상,
306,0.7341999989876058,external,external,normal,2022-07-12 00:01:03.876,2022-07-12 00:01:03.876,True,0,0,0,8,external_8,False,0.1,0.016708,-0.08061,147.22587,0.0,67.5011746172138,False,0.0,65.52940203030388,False,5.2296546575692595,21.763479836543077,False,False,False,정상,
307,2.185600002121646,external,external,normal,2022-07-12 00:01:03.976,2022-07-12 00:01:03.976,True,0,0,0,8,external_8,False,0.1,-0.003807,-0.029509,96.444976,14.937889931013332,67.5011746172138,False,0.0,65.52940203030388,False,4.024960820197633,21.763479836543077,False,False,False,정상,
308,2.6866000007430557,external,external,normal,2022-07-12 00:01:04.076,2022-07-12 00:01:04.076,True,0,0,0,8,external_8,False,0.1,0.040652,0.180572,39.09338,7.855522111316914,67.5011746172138,False,0.0,65.52940203030388,False,3.965720947501742,21.763479836543077,False,False,False,정상,
309,2.168899998650886,external,external,normal,2022-07-12 00:01:04.176,2022-07-12 00:01:04.176,True,0,0,0,8,external_8,False,0.1,-0.06356,0.062714,-24.922851,8.27507309084478,67.5011746172138,False,0.0,65.52940203030388,False,4.578982012539779,21.763479836543077,False,False,False,정상,
310,2.3666999986744486,external,external,normal,2022-07-12 00:01:04.276,2022-07-12 00:01:04.276,True,0,0,0,8,external_8,False,0.1,-0.016546,-0.103896,-86.064826,5.216091252493787,67.5011746172138,False,0.0,65.52940203030388,False,5.476816366922843,21.763479836543077,False,False,False,정상,
311,2.1396000011009164,external,external,normal,2022-07-12 00:01:04.376,2022-07-12 00:01:04.376,True,0,0,0,8,external_8,False,0.1,-0.000583,-0.085447,-138.15333,5.405779829657058,67.5011746172138,False,0.0,65.52940203030388,False,4.8628857529152265,21.763479836543077,False,False,False,정상,
312,3.8047999987611547,external,external,normal,2022-07-12 00:01:04.476,2022-07-12 00:01:04.476,True,0,0,0,8,external_8,False,0.1,-0.11256,-0.090181,-182.27472,6.773301800417247,67.5011746172138,False,8.489626036407836,65.52940203030388,False,4.499062468061152,21.763479836543077,False,False,False,정상,
313,3.4433000000717584,external,external,normal,2022-07-12 00:01:04.576,2022-07-12 00:01:04.576,True,0,0,0,8,external_8,False,0.1,0.040516,0.097875,-179.89602,10.797527416546156,67.5011746172138,False,8.371562699330042,65.52940203030388,False,4.028673943157776,21.763479836543077,False,False,False,정상,
314,3.4543999972811434,external,external,normal,2022-07-12 00:01:04.676,2022-07-12 00:01:04.676,True,0,0,0,8,external_8,False,0.1,0.029083,0.169718,-156.23905,7.258882803145994,67.5011746172138,False,8.988938986524314,65.52940203030388,False,4.54531955863412,21.763479836543077,False,False,False,정상,
315,3.4666999999899417,external,external,normal,2022-07-12 00:01:04.776,2022-07-12 00:01:04.776,True,0,0,0,8,external_8,False,0.1,-0.099731,-0.048072,-114.94006,8.266134317987254,67.5011746172138,False,8.360448013676312,65.52940203030388,False,5.373402927887871,21.763479836543077,False,False,False,정상,
316,3.408200002013473,external,external,normal,2022-07-12 00:01:04.876,2022-07-12 00:01:04.876,True,0,0,0,8,external_8,False,0.1,0.076676,-0.077499,-59.036024,7.473073669288953,67.5011746172138,False,6.020492347455362,65.52940203030388,False,6.367146772356516,21.763479836543077,False,False,False,정상,
317,3.4903000014310237,external,external,normal,2022-07-12 00:01:04.976,2022-07-12 00:01:04.976,True,0,0,0,8,external_8,False,0.1,-0.035846,-0.100104,0.177503,5.236854800473169,67.5011746172138,False,10.40121392219809,65.52940203030388,False,5.891215652265046,21.763479836543077,False,False,False,정상,
318,3.5027000012632925,external,external,normal,2022-07-12 00:01:05.076,2022-07-12 00:01:05.076,True,0,0,0,8,external_8,False,0.1,-0.13739,-0.076432,64.599522,6.607508056898199,67.5011746172138,False,9.000067282645835,65.52940203030388,False,5.286285763760774,21.763479836543077,False,False,False,정상,
319,3.766699999687262,external,external,normal,2022-07-12 00:01:05.176,2022-07-12 00:01:05.176,True,0,0,0,8,external_8,False,0.1,0.085384,0.162373,115.78716,6.30678479924642,67.5011746172138,False,7.006965116701285,65.52940203030388,False,5.195036764969971,21.763479836543077,False,False,False,정상,
320,3.780799997912254,external,external,normal,2022-07-12 00:01:05.276,2022-07-12 00:01:05.276,True,0,0,0,8,external_8,False,0.1,-0.033076,0.06579,167.43912,6.2716763635460495,67.5011746172138,False,7.489070246378954,65.52940203030388,False,5.928096555091894,21.763479836543077,False,False,False,정상,
321,3.8743999975849874,external,external,normal,2022-07-12 00:01:05.376,2022-07-12 00:01:05.376,True,0,0,0,8,external_8,False,0.1,-0.027956,-0.102068,183.00726,6.744075356985524,67.5011746172138,False,8.152908316903687,65.52940203030388,False,5.639619657790557,21.763479836543077,False,False,False,정상,
322,3.9558999997098,external,external,normal,2022-07-12 00:01:05.476,2022-07-12 00:01:05.476,True,0,0,0,8,external_8,False,0.1,0.128401,-0.022674,163.77093,9.85333615315446,67.5011746172138,False,7.8030772391061545,65.52940203030388,False,5.55693103246002,21.763479836543077,False,False,False,정상,
323,3.816600001300685,external,external,normal,2022-07-12 00:01:05.576,2022-07-12 00:01:05.576,True,0,0,0,8,external_8,False,0.1,-0.096121,-0.093087,132.11431,6.704363529828914,67.5011746172138,False,6.89647638649326,65.52940203030388,False,6.030743936631336,21.763479836543077,False,False,False,정상,
324,3.469999999651918,external,external,normal,2022-07-12 00:01:05.676,2022-07-12 00:01:05.676,True,0,0,0,8,external_8,False,0.1,-0.092215,0.021058,79.860697,12.57039310818691,67.5011746172138,False,8.662436645883208,65.52940203030388,False,6.257473318754456,21.763479836543077,False,False,False,정상,
325,3.425399998377543,external,external,normal,2022-07-12 00:01:05.776,2022-07-12 00:01:05.776,True,0,0,0,8,external_8,False,0.1,0.041061,0.199657,25.428417,5.523695205690994,67.5011746172138,False,7.341118213771396,65.52940203030388,False,5.66577718629537,21.763479836543077,False,False,False,정상,
326,3.3594999986235052,external,external,normal,2022-07-12 00:01:05.876,2022-07-12 00:01:05.876,True,0,0,0,8,external_8,False,0.1,-0.047404,-0.013069,-39.742951,6.907580961632169,67.5011746172138,False,8.042442385292865,65.52940203030388,False,5.184732654766788,21.763479836543077,False,False,False,정상,
327,3.4219000008306466,external,external,normal,2022-07-12 00:01:05.976,2022-07-12 00:01:05.976,True,0,0,0,8,external_8,False,0.1,0.066004,-0.108391,-93.607794,6.383086228493269,67.5011746172138,False,6.307332102613381,65.52940203030388,False,5.503762745130238,21.763479836543077,False,False,False,정상,
328,3.3731000003172085,external,external,normal,2022-07-12 00:01:06.076,2022-07-12 00:01:06.076,True,0,0,0,8,external_8,False,0.1,0.082137,-0.077953,-145.53489,9.698396998713319,67.5011746172138,False,5.804066040133117,65.52940203030388,False,5.785315429753704,21.763479836543077,False,False,False,정상,
329,0.7432000020344276,external,external,normal,2022-07-12 00:01:11.621,2022-07-12 00:01:11.621,True,0,0,0,9,external_9,True,5.545,-0.01627,0.033408,36.3344,0.0,67.5011746172138,False,0.0,65.52940203030388,False,0.0,21.763479836543077,False,False,False,정상,
330,0.9810999981709756,external,external,normal,2022-07-12 00:01:11.721,2022-07-12 00:01:11.721,True,0,0,0,9,external_9,False,0.1,-0.0281,-0.015355,-3.555417,0.0,67.5011746172138,False,0.0,65.52940203030388,False,0.0,21.763479836543077,False,False,False,정상,
331,0.716499998816289,external,external,normal,2022-07-12 00:01:11.821,2022-07-12 00:01:11.821,True,0,0,0,9,external_9,False,0.1,0.065326,0.081318,-53.566939,0.0,67.5011746172138,False,0.0,65.52940203030388,False,1.8386731013242652,21.763479836543077,False,False,False,정상,
332,0.7334000001719687,external,external,normal,2022-07-12 00:01:11.921,2022-07-12 00:01:11.921,True,0,0,0,9,external_9,False,0.1,-0.048207,0.059566,-98.017943,0.0,67.5011746172138,False,0.0,65.52940203030388,False,2.9831558954610755,21.763479836543077,False,False,False,정상,
333,2.159600000595674,external,external,normal,2022-07-12 00:01:12.021,2022-07-12 00:01:12.021,True,0,0,0,9,external_9,False,0.1,0.049919,0.002595,-105.30104,7.6147918811537805,67.5011746172138,False,0.0,65.52940203030388,False,3.507291399358696,21.763479836543077,False,False,False,정상,
334,2.49430000258144,external,external,normal,2022-07-12 00:01:12.121,2022-07-12 00:01:12.121,True,0,0,0,9,external_9,False,0.1,0.064077,0.056761,-110.43157,7.710706156423293,67.5011746172138,False,0.0,65.52940203030388,False,3.360119756291932,21.763479836543077,False,False,False,정상,
335,2.236700001958525,external,external,normal,2022-07-12 00:01:12.221,2022-07-12 00:01:12.221,True,0,0,0,9,external_9,False,0.1,-0.069631,-0.043851,-100.84022,8.192389488451013,67.5011746172138,False,0.0,65.52940203030388,False,3.0864308255817026,21.763479836543077,False,False,False,정상,
336,2.1044000022811815,external,external,normal,2022-07-12 00:01:12.321,2022-07-12 00:01:12.321,True,0,0,0,9,external_9,False,0.1,0.037783,-0.039968,-82.439075,15.551062969430456,67.5011746172138,False,0.0,65.52940203030388,False,3.256035479157797,21.763479836543077,False,False,False,정상,
337,2.323900000192225,external,external,normal,2022-07-12 00:01:12.421,2022-07-12 00:01:12.421,True,0,0,0,9,external_9,False,0.1,0.006595,0.129218,-50.327784,6.26402417635764,67.5011746172138,False,0.0,65.52940203030388,False,4.050226634267699,21.763479836543077,False,False,False,정상,
338,4.099400000995956,external,external,normal,2022-07-12 00:01:12.521,2022-07-12 00:01:12.521,True,0,0,0,9,external_9,False,0.1,0.008514,0.071668,-8.859516,5.915984633885972,67.5011746172138,False,8.497348844825048,65.52940203030388,False,3.769456007552659,21.763479836543077,False,False,False,정상,
339,3.555800001777243,external,external,normal,2022-07-12 00:01:12.621,2022-07-12 00:01:12.621,True,0,0,0,9,external_9,False,0.1,0.108298,-0.007419,34.874682,7.36701368550122,67.5011746172138,False,8.342343946082801,65.52940203030388,False,3.9970143715422104,21.763479836543077,False,False,False,정상,
340,3.670800000691088,external,external,normal,2022-07-12 00:01:12.721,2022-07-12 00:01:12.721,True,0,0,0,9,external_9,False,0.1,0.047092,0.037972,88.683735,12.450529522145487,67.5011746172138,False,8.968944629765172,65.52940203030388,False,4.008406065286834,21.763479836543077,False,False,False,정상,
341,3.832700000202749,external,external,normal,2022-07-12 00:01:12.821,2022-07-12 00:01:12.821,True,0,0,0,9,external_9,False,0.1,0.038157,-0.023302,105.77585,13.076335616914958,67.5011746172138,False,6.690306230686222,65.52940203030388,False,3.833811041489525,21.763479836543077,False,False,False,정상,
342,0.8038999985728879,external,external,normal,2022-07-12 00:01:21.222,2022-07-12 00:01:21.222,True,0,0,0,10,external_10,True,8.401,-0.047176,-0.071369,233.89557,0.0,67.5011746172138,False,0.0,65.52940203030388,False,0.0,21.763479836543077,False,False,False,정상,
343,1.796299999114126,external,external,normal,2022-07-12 00:01:21.322,2022-07-12 00:01:21.322,True,0,0,0,10,external_10,False,0.1,0.015153,0.147409,197.39439,0.0,67.5011746172138,False,0.0,65.52940203030388,False,0.0,21.763479836543077,False,False,False,정상,
344,0.8101000021270011,external,external,normal,2022-07-12 00:01:21.422,2022-07-12 00:01:21.422,True,0,0,0,10,external_10,False,0.1,-0.056372,0.142232,152.39598,0.0,67.5011746172138,False,0.0,65.52940203030388,False,4.582122779566289,21.763479836543077,False,False,False,정상,
345,0.7689000012760516,external,external,normal,2022-07-12 00:01:21.522,2022-07-12 00:01:21.522,True,0,0,0,10,external_10,False,0.1,-0.016079,-0.057393,85.951577,0.0,67.5011746172138,False,0.0,65.52940203030388,False,6.160662384541239,21.763479836543077,False,False,False,정상,
346,2.1224000010988675,external,external,normal,2022-07-12 00:01:21.622,2022-07-12 00:01:21.622,True,0,0,0,10,external_10,False,0.1,0.029992,-0.111877,13.532998,16.769981630521052,67.5011746172138,False,0.0,65.52940203030388,False,5.741709177547597,21.763479836543077,False,False,False,정상,
347,2.1194000000832602,external,external,normal,2022-07-12 00:01:21.722,2022-07-12 00:01:21.722,True,0,0,0,10,external_10,False,0.1,-0.095291,-0.130803,-69.730886,9.581280664595296,67.5011746172138,False,0.0,65.52940203030388,False,5.148921066480351,21.763479836543077,False,False,False,정상,
348,2.1525999982259236,external,external,normal,2022-07-12 00:01:21.822,2022-07-12 00:01:21.822,True,0,0,0,10,external_10,False,0.1,-0.012287,0.027507,-140.18358,8.349889843246105,67.5011746172138,False,0.0,65.52940203030388,False,4.2299985364531025,21.763479836543077,False,False,False,정상,
349,2.1994999988237396,external,external,normal,2022-07-12 00:01:21.922,2022-07-12 00:01:21.922,True,0,0,0,10,external_10,False,0.1,0.078607,0.210726,-188.84542,7.620633383688781,67.5011746172138,False,0.0,65.52940203030388,False,4.837983901828874,21.763479836543077,False,False,False,정상,
350,2.2355000000970904,external,external,normal,2022-07-12 00:01:22.022,2022-07-12 00:01:22.022,True,0,0,0,10,external_10,False,0.1,-0.042169,0.051644,-230.71566,9.882576881699103,67.5011746172138,False,0.0,65.52940203030388,False,5.4601739295378735,21.763479836543077,False,False,False,정상,
351,3.935499997169245,external,external,normal,2022-07-12 00:01:22.122,2022-07-12 00:01:22.122,True,0,0,0,10,external_10,False,0.1,0.026813,-0.089091,-209.90851,10.297350830822504,67.5011746172138,False,13.03079438393537,65.52940203030388,False,5.7426250601469695,21.763479836543077,False,False,False,정상,
352,3.728600000613369,external,external,normal,2022-07-12 00:01:22.222,2022-07-12 00:01:22.222,True,0,0,0,10,external_10,False,0.1,0.042095,-0.101602,-166.97349,12.245241760948431,67.5011746172138,False,13.004585333158076,65.52940203030388,False,5.3927546773479,21.763479836543077,False,False,False,정상,
353,3.459600000496721,external,external,normal,2022-07-12 00:01:22.322,2022-07-12 00:01:22.322,True,0,0,0,10,external_10,False,0.1,-0.164773,-0.134186,-109.05351,12.309696006600475,67.5011746172138,False,10.768568401162831,65.52940203030388,False,5.84706066482331,21.763479836543077,False,False,False,정상,
354,3.495099997962825,external,external,normal,2022-07-12 00:01:22.422,2022-07-12 00:01:22.422,True,0,0,0,10,external_10,False,0.1,-0.010709,0.091278,-37.054424,16.276854888054192,67.5011746172138,False,12.321873647643338,65.52940203030388,False,6.394596758791419,21.763479836543077,False,False,False,정상,
355,3.44770000083372,external,external,normal,2022-07-12 00:01:22.522,2022-07-12 00:01:22.522,True,0,0,0,10,external_10,False,0.1,0.117753,0.216096,39.46269,8.066215566220052,67.5011746172138,False,13.732199195176289,65.52940203030388,False,6.774621628647917,21.763479836543077,False,False,False,정상,
356,3.8215000022319146,external,external,normal,2022-07-12 00:01:22.622,2022-07-12 00:01:22.622,True,0,0,0,10,external_10,False,0.1,-0.028784,-0.043269,119.01809,6.655002712045523,67.5011746172138,False,11.31301174871806,65.52940203030388,False,6.408177411601888,21.763479836543077,False,False,False,정상,
357,3.7607999984174967,external,external,normal,2022-07-12 00:01:22.722,2022-07-12 00:01:22.722,True,0,0,0,10,external_10,False,0.1,0.05472,-0.11031,169.68276,7.9208682350584825,67.5011746172138,False,9.794401008962035,65.52940203030388,False,5.8001806196499315,21.763479836543077,False,False,False,정상,
358,3.5385000010137446,external,external,normal,2022-07-12 00:01:22.822,2022-07-12 00:01:22.822,True,0,0,0,10,external_10,False,0.1,0.003233,-0.09395,220.01138,9.187389541925647,67.5011746172138,False,11.215190701197308,65.52940203030388,False,5.356756819052368,21.763479836543077,False,False,False,정상,
359,3.4305999979551416,external,external,normal,2022-07-12 00:01:22.922,2022-07-12 00:01:22.922,True,0,0,0,10,external_10,False,0.1,-0.11332,-0.054032,222.30473,11.672433543419409,67.5011746172138,False,13.122390397635586,65.52940203030388,False,4.451358225861417,21.763479836543077,False,False,False,정상,
360,3.45509999897331,external,external,normal,2022-07-12 00:01:23.022,2022-07-12 00:01:23.022,True,0,0,0,10,external_10,False,0.1,0.062065,0.208353,182.11987,7.945383454683043,67.5011746172138,False,9.924792853389008,65.52940203030388,False,5.124809492699771,21.763479836543077,False,False,False,정상,
361,3.4974000009242445,external,external,normal,2022-07-12 00:01:23.122,2022-07-12 00:01:23.122,True,0,0,0,10,external_10,False,0.1,0.073078,0.148862,133.19518,8.504803504785764,67.5011746172138,False,9.796437424935618,65.52940203030388,False,5.681371489645422,21.763479836543077,False,False,False,정상,
362,3.502300001855474,external,external,normal,2022-07-12 00:01:23.222,2022-07-12 00:01:23.222,True,0,0,0,10,external_10,False,0.1,-0.010891,-0.105917,62.873967,9.315110875346534,67.5011746172138,False,10.57213891406958,65.52940203030388,False,6.179970430176834,21.763479836543077,False,False,False,정상,
363,3.451399999903515,external,external,normal,2022-07-12 00:01:23.322,2022-07-12 00:01:23.322,True,0,0,0,10,external_10,False,0.1,0.004799,-0.112456,-9.006025,8.638621794600812,67.5011746172138,False,16.87759548295921,65.52940203030388,False,4.818688619352445,21.763479836543077,False,False,False,정상,
364,3.4565999994811136,external,external,normal,2022-07-12 00:01:23.422,2022-07-12 00:01:23.422,True,0,0,0,10,external_10,False,0.1,-0.04201,-0.084414,-92.034351,10.45589674201714,67.5011746172138,False,12.718386889153344,65.52940203030388,False,3.968636966811006,21.763479836543077,False,False,False,정상,
365,3.5308000005898066,external,external,normal,2022-07-12 00:01:23.522,2022-07-12 00:01:23.522,True,0,0,0,10,external_10,False,0.1,-0.003489,0.036692,-150.57577,9.431034674674134,67.5011746172138,False,11.168096769409614,65.52940203030388,False,3.152641926841758,21.763479836543077,False,False,False,정상,
366,3.6092000009375624,external,external,normal,2022-07-12 00:01:23.622,2022-07-12 00:01:23.622,True,0,0,0,10,external_10,False,0.1,0.039994,0.174112,-201.11933,13.041120453383051,67.5011746172138,False,11.82934360336875,65.52940203030388,False,3.6499879087771627,21.763479836543077,False,False,False,정상,
367,3.4371999972790945,external,external,normal,2022-07-12 00:01:23.722,2022-07-12 00:01:23.722,True,0,0,0,10,external_10,False,0.1,0.088575,0.047602,-225.2163,14.134238934865824,67.5011746172138,False,14.048684450208738,65.52940203030388,False,4.140113268824237,21.763479836543077,False,False,False,정상,
368,3.4414000001561362,external,external,normal,2022-07-12 00:01:23.822,2022-07-12 00:01:23.822,True,0,0,0,10,external_10,False,0.1,0.109454,-0.076296,-192.57011,17.17544137532611,67.5011746172138,False,15.556120407090042,65.52940203030388,False,5.169524206852021,21.763479836543077,False,False,False,정상,
369,3.417199997784337,external,external,normal,2022-07-12 00:01:23.922,2022-07-12 00:01:23.922,True,0,0,0,10,external_10,False,0.1,-0.077432,-0.122583,-150.48243,10.898531693134682,67.5011746172138,False,11.471232720518167,65.52940203030388,False,5.826969243137761,21.763479836543077,False,False,False,정상,
370,3.4004000008280855,external,external,normal,2022-07-12 00:01:24.022,2022-07-12 00:01:24.022,True,0,0,0,10,external_10,False,0.1,-0.077058,-0.058857,-86.144577,12.562747438796169,67.5011746172138,False,14.213451418202888,65.52940203030388,False,5.714428383520015,21.763479836543077,False,False,False,정상,
371,3.3416000005672686,external,external,normal,2022-07-12 00:01:24.122,2022-07-12 00:01:24.122,True,0,0,0,10,external_10,False,0.1,0.018968,0.16084,-16.723873,12.135049326266312,67.5011746172138,False,15.206277678067314,65.52940203030388,False,5.213670646187983,21.763479836543077,False,False,False,정상,
372,3.3957000014197547,external,external,normal,2022-07-12 00:01:24.222,2022-07-12 00:01:24.222,True,0,0,0,10,external_10,False,0.1,-0.003829,0.160454,62.582262,9.1573227189827,67.5011746172138,False,15.498816298055381,65.52940203030388,False,4.7104001218881,21.763479836543077,False,False,False,정상,
373,3.378000001248438,external,external,normal,2022-07-12 00:01:24.322,2022-07-12 00:01:24.322,True,0,0,0,10,external_10,False,0.1,0.082047,-0.026682,130.86523,6.962932716242195,67.5011746172138,False,13.839580651459551,65.52940203030388,False,5.3500518223457005,21.763479836543077,False,False,False,정상,
374,3.35339999946882,external,external,normal,2022-07-12 00:01:24.422,2022-07-12 00:01:24.422,True,0,0,0,10,external_10,False,0.1,0.074156,-0.138217,180.06816,10.517207886162943,67.5011746172138,False,13.288568605594802,65.52940203030388,False,5.710712045463576,21.763479836543077,False,False,False,정상,
375,3.4301000014238525,external,external,normal,2022-07-12 00:01:24.522,2022-07-12 00:01:24.522,True,0,0,0,10,external_10,False,0.1,-0.078023,-0.157812,222.43467,10.071996910325945,67.5011746172138,False,13.268047751942289,65.52940203030388,False,6.0509677802089925,21.763479836543077,False,False,False,정상,
376,3.4173999993072357,external,external,normal,2022-07-12 00:01:24.622,2022-07-12 00:01:24.622,True,0,0,0,10,external_10,False,0.1,-0.0306,0.007571,204.99303,9.86041639712907,67.5011746172138,False,13.916936139128516,65.52940203030388,False,5.296749470469352,21.763479836543077,False,False,False,정상,
377,3.300399999716319,external,external,normal,2022-07-12 00:01:24.722,2022-07-12 00:01:24.722,True,0,0,0,10,external_10,False,0.1,0.084522,0.222806,165.86234,10.583696859412095,67.5011746172138,False,7.45881767076609,65.52940203030388,False,5.4334948275565935,21.763479836543077,False,False,False,정상,
378,3.4357999975327402,external,external,normal,2022-07-12 00:01:24.822,2022-07-12 00:01:24.822,True,0,0,0,10,external_10,False,0.1,-0.034767,0.085295,111.13132,9.80509300758451,67.5011746172138,False,8.98516173891128,65.52940203030388,False,5.886623438081945,21.763479836543077,False,False,False,정상,
379,3.483699998469092,external,external,normal,2022-07-12 00:01:24.922,2022-07-12 00:01:24.922,True,0,0,0,10,external_10,False,0.1,-0.038797,-0.101432,42.462235,7.345831299988413,67.5011746172138,False,8.700956138602816,65.52940203030388,False,6.285974462863582,21.763479836543077,False,False,False,정상,
380,3.5330000027897768,external,external,normal,2022-07-12 00:01:25.022,2022-07-12 00:01:25.022,True,0,0,0,10,external_10,False,0.1,0.033307,-0.100274,-30.957226,7.5943689384190245,67.5011746172138,False,12.990152716220244,65.52940203030388,False,5.545100224685072,21.763479836543077,False,False,False,정상,
381,3.4778000008373056,external,external,normal,2022-07-12 00:01:25.122,2022-07-12 00:01:25.122,True,0,0,0,10,external_10,False,0.1,-0.131065,-0.118019,-108.53936,7.672742030531011,67.5011746172138,False,10.153820957971694,65.52940203030388,False,5.08150620336022,21.763479836543077,False,False,False,정상,
382,3.4411999986332376,external,external,normal,2022-07-12 00:01:25.222,2022-07-12 00:01:25.222,True,0,0,0,10,external_10,False,0.1,-0.005941,0.100418,-158.64148,8.087512080571434,67.5011746172138,False,10.067640024840758,65.52940203030388,False,5.134740660494707,21.763479836543077,False,False,False,정상,
383,3.4825000002456363,external,external,normal,2022-07-12 00:01:25.322,2022-07-12 00:01:25.322,True,0,0,0,10,external_10,False,0.1,0.181888,0.207604,-208.85303,11.262666969126817,67.5011746172138,False,9.23266894461445,65.52940203030388,False,6.568880368287535,21.763479836543077,False,False,False,정상,
384,5.325500002072658,external,external,normal,2022-07-12 00:01:25.422,2022-07-12 00:01:25.422,True,0,0,0,10,external_10,False,0.1,-0.016409,-0.07247,-212.85274,10.76254909311137,67.5011746172138,False,9.52172060279212,65.52940203030388,False,7.133178320765004,21.763479836543077,False,False,False,정상,
385,3.498300000501331,external,external,normal,2022-07-12 00:01:25.522,2022-07-12 00:01:25.522,True,0,0,0,10,external_10,False,0.1,-0.00249,-0.140907,-176.06761,10.031484921278953,67.5011746172138,False,9.93699805175376,65.52940203030388,False,6.6910870941148595,21.763479836543077,False,False,False,정상,
386,4.010100001323735,external,external,normal,2022-07-12 00:01:25.622,2022-07-12 00:01:25.622,True,0,0,0,10,external_10,False,0.1,-0.019962,-0.085106,-131.09769,8.268376189334884,67.5011746172138,False,9.353578566838511,65.52940203030388,False,5.268593506930733,21.763479836543077,False,False,False,정상,
387,3.437600000324892,external,external,normal,2022-07-12 00:01:25.722,2022-07-12 00:01:25.722,True,0,0,0,10,external_10,False,0.1,-0.184255,-0.026818,-63.723929,17.58651034721536,67.5011746172138,False,12.851426639870423,65.52940203030388,False,5.582514999551144,21.763479836543077,False,False,False,정상,
388,3.360200000315672,external,external,normal,2022-07-12 00:01:25.822,2022-07-12 00:01:25.822,True,0,0,0,10,external_10,False,0.1,0.001359,0.205322,4.550577,9.68050937776532,67.5011746172138,False,16.03694519696439,65.52940203030388,False,6.758760559574139,21.763479836543077,False,False,False,정상,
389,3.3835999965958763,external,external,normal,2022-07-12 00:01:25.922,2022-07-12 00:01:25.922,True,0,0,0,10,external_10,False,0.1,0.058954,0.129516,84.928284,7.140055886152032,67.5011746172138,False,12.627316206055898,65.52940203030388,False,7.209525012875832,21.763479836543077,False,False,False,정상,
390,3.6216000007698312,external,external,normal,2022-07-12 00:01:26.022,2022-07-12 00:01:26.022,True,0,0,0,10,external_10,False,0.1,0.0189,-0.11828,141.39046,5.960690550750446,67.5011746172138,False,9.336547010723065,65.52940203030388,False,6.1150554896907545,21.763479836543077,False,False,False,정상,
391,3.6056999997526873,external,external,normal,2022-07-12 00:01:26.122,2022-07-12 00:01:26.122,True,0,0,0,10,external_10,False,0.1,0.043548,-0.13791,191.56995,10.742544341917782,67.5011746172138,False,12.07494410960146,65.52940203030388,False,5.2048717372691184,21.763479836543077,False,False,False,정상,
392,0.7049000014376361,external,external,normal,2022-07-12 00:01:27.857,2022-07-12 00:01:27.857,True,0,0,0,11,external_11,True,1.7349999999999999,-0.106267,-0.064464,-98.774445,0.0,67.5011746172138,False,0.0,65.52940203030388,False,0.0,21.763479836543077,False,False,False,정상,
393,0.7026000021141954,external,external,normal,2022-07-12 00:01:27.957,2022-07-12 00:01:27.957,True,0,0,0,11,external_11,False,0.1,-0.073036,-0.008628,-78.684101,0.0,67.5011746172138,False,0.0,65.52940203030388,False,0.0,21.763479836543077,False,False,False,정상,
394,0.7240000013553072,external,external,normal,2022-07-12 00:01:28.057,2022-07-12 00:01:28.057,True,0,0,0,11,external_11,False,0.1,-0.023252,0.02978,-44.205194,0.0,67.5011746172138,False,0.0,65.52940203030388,False,3.738219228810685,21.763479836543077,False,False,False,정상,
395,0.7952999985718634,external,external,normal,2022-07-12 00:01:28.157,2022-07-12 00:01:28.157,True,0,0,0,11,external_11,False,0.1,-0.005076,0.010161,-3.250003,0.0,67.5011746172138,False,0.0,65.52940203030388,False,2.8493324525818537,21.763479836543077,False,False,False,정상,
396,2.2413999977288768,external,external,normal,2022-07-12 00:01:28.257,2022-07-12 00:01:28.257,True,0,0,0,11,external_11,False,0.1,-0.025444,-0.111375,41.055565,9.143340295281728,67.5011746172138,False,0.0,65.52940203030388,False,2.4270724971991022,21.763479836543077,False,False,False,정상,
397,2.109000000928063,external,external,normal,2022-07-12 00:01:28.357,2022-07-12 00:01:28.357,True,0,0,0,11,external_11,False,0.1,-0.017167,-0.053576,92.387687,8.012618692620894,67.5011746172138,False,0.0,65.52940203030388,False,2.4177298130741454,21.763479836543077,False,False,False,정상,
398,2.169399998820154,external,external,normal,2022-07-12 00:01:28.457,2022-07-12 00:01:28.457,True,0,0,0,11,external_11,False,0.1,-0.015044,0.105835,107.01062,10.818639276016278,67.5011746172138,False,0.0,65.52940203030388,False,2.958856176147066,21.763479836543077,False,False,False,정상,
399,2.402100002655061,external,external,normal,2022-07-12 00:01:28.557,2022-07-12 00:01:28.557,True,0,0,0,11,external_11,False,0.1,-0.020562,0.012773,111.26949,11.189275408980642,67.5011746172138,False,0.0,65.52940203030388,False,2.8324842908862435,21.763479836543077,False,False,False,정상,
400,2.5371000010636635,external,external,normal,2022-07-12 00:01:28.657,2022-07-12 00:01:28.657,True,0,0,0,11,external_11,False,0.1,-0.013103,-0.045004,106.29488,11.81101579404995,67.5011746172138,False,0.0,65.52940203030388,False,2.5167506290508372,21.763479836543077,False,False,False,정상,
401,3.4414000001561362,external,external,normal,2022-07-12 00:01:28.757,2022-07-12 00:01:28.757,True,0,0,0,11,external_11,False,0.1,-0.039419,0.001987,87.759386,18.49977224020356,67.5011746172138,False,10.238396845028035,65.52940203030388,False,2.2171681733996618,21.763479836543077,False,False,False,정상,
402,3.715599999850383,external,external,normal,2022-07-12 00:01:28.857,2022-07-12 00:01:28.857,True,0,0,0,11,external_11,False,0.1,-0.008573,-0.04648,60.136564,9.097555578555614,67.5011746172138,False,9.427675283857143,65.52940203030388,False,2.2699618956365155,21.763479836543077,False,False,False,정상,
403,3.6344000000099186,external,external,normal,2022-07-12 00:01:28.957,2022-07-12 00:01:28.957,True,0,0,0,11,external_11,False,0.1,0.038612,-0.039078,18.228175,9.840687787774689,67.5011746172138,False,10.398978915150106,65.52940203030388,False,2.44355704793543,21.763479836543077,False,False,False,정상,
404,3.506999997625826,external,external,normal,2022-07-12 00:01:29.057,2022-07-12 00:01:29.057,True,0,0,0,11,external_11,False,0.1,-0.003668,0.016145,-22.122267,7.9281052872572335,67.5011746172138,False,14.225442560727934,65.52940203030388,False,2.4395991018713286,21.763479836543077,False,False,False,정상,
405,3.5299999981361907,external,external,normal,2022-07-12 00:01:29.157,2022-07-12 00:01:29.157,True,0,0,0,11,external_11,False,0.1,0.024329,0.037364,-76.167831,6.771801673852803,67.5011746172138,False,11.462700954789538,65.52940203030388,False,2.281238226646353,21.763479836543077,False,False,False,정상,
406,3.424099999392638,external,external,normal,2022-07-12 00:01:29.257,2022-07-12 00:01:29.257,True,0,0,0,11,external_11,False,0.1,0.016927,0.02626,-104.02824,7.542535597963437,67.5011746172138,False,6.80647439647776,65.52940203030388,False,2.1370126331427564,21.763479836543077,False,False,False,정상,
407,3.4650999987206887,external,external,normal,2022-07-12 00:01:29.357,2022-07-12 00:01:29.357,True,0,0,0,11,external_11,False,0.1,-0.08632,-0.045912,-108.1822,8.83029136397981,67.5011746172138,False,6.233905315632994,65.52940203030388,False,2.3191018283913407,21.763479836543077,False,False,False,정상,
408,3.5123999987263232,external,external,normal,2022-07-12 00:01:29.457,2022-07-12 00:01:29.457,True,0,0,0,11,external_11,False,0.1,-0.024354,-0.024784,-109.3321,9.764249614582011,67.5011746172138,False,9.556326026933013,65.52940203030388,False,2.416593067214072,21.763479836543077,False,False,False,정상,
409,3.3363000002282206,external,external,normal,2022-07-12 00:01:29.557,2022-07-12 00:01:29.557,True,0,0,0,11,external_11,False,0.1,0.031516,0.102645,-92.924368,12.772464169335825,67.5011746172138,False,8.15406866844265,65.52940203030388,False,2.717913838488334,21.763479836543077,False,False,False,정상,
410,3.6316999976406805,external,external,normal,2022-07-12 00:01:29.657,2022-07-12 00:01:29.657,True,0,0,0,11,external_11,False,0.1,0.070446,0.061558,-70.505031,11.454817819671753,67.5011746172138,False,8.042951937597547,65.52940203030388,False,2.809910244242228,21.763479836543077,False,False,False,정상,
411,3.496999997878447,external,external,normal,2022-07-12 00:01:29.757,2022-07-12 00:01:29.757,True,0,0,0,11,external_11,False,0.1,0.105426,-0.010683,-31.300906,7.5338370665847,67.5011746172138,False,8.402675216595583,65.52940203030388,False,3.396772048026659,21.763479836543077,False,False,False,정상,
412,3.4304000000702217,external,external,normal,2022-07-12 00:01:29.857,2022-07-12 00:01:29.857,True,0,0,0,11,external_11,False,0.1,0.023693,-0.016734,7.703186,5.993023892068055,67.5011746172138,False,15.714394448357845,65.52940203030388,False,3.5557285188206573,21.763479836543077,False,False,False,정상,
413,3.607800001191208,external,external,normal,2022-07-12 00:01:29.957,2022-07-12 00:01:29.957,True,0,0,0,11,external_11,False,0.1,0.025646,-0.091587,58.394081,11.1325143587153,67.5011746172138,False,9.995204319813901,65.52940203030388,False,3.4681465758673595,21.763479836543077,False,False,False,정상,
414,3.7168000017118175,external,external,normal,2022-07-12 00:01:30.057,2022-07-12 00:01:30.057,True,0,0,0,11,external_11,False,0.1,0.025839,-0.011637,100.38651,11.54281109843911,67.5011746172138,False,8.593926744121424,65.52940203030388,False,3.107920570406428,21.763479836543077,False,False,False,정상,
415,3.362399998877663,external,external,normal,2022-07-12 00:01:30.157,2022-07-12 00:01:30.157,True,0,0,0,11,external_11,False,0.1,0.014792,0.073865,107.60678,9.320048562838496,67.5011746172138,False,7.3015198028448545,65.52940203030388,False,2.717787451438644,21.763479836543077,False,False,False,정상,
416,3.659699999843724,external,external,normal,2022-07-12 00:01:30.257,2022-07-12 00:01:30.257,True,0,0,0,11,external_11,False,0.1,0.083775,-0.035365,112.1384,7.99762733095515,67.5011746172138,False,9.159269934376463,65.52940203030388,False,2.9459582330259493,21.763479836543077,False,False,False,정상,
417,3.7873000001127366,external,external,normal,2022-07-12 00:01:30.357,2022-07-12 00:01:30.357,True,0,0,0,11,external_11,False,0.1,0.058695,0.003577,100.92021,10.434944158250369,67.5011746172138,False,8.059944617106858,65.52940203030388,False,3.189351269402698,21.763479836543077,False,False,False,정상,
418,3.5803000027954113,external,external,normal,2022-07-12 00:01:30.457,2022-07-12 00:01:30.457,True,0,0,0,11,external_11,False,0.1,0.021014,0.067734,81.593881,19.692534774829806,67.5011746172138,False,10.08051208978131,65.52940203030388,False,3.532556510902756,21.763479836543077,False,False,False,정상,
419,3.3569000006536953,external,external,normal,2022-07-12 00:01:30.557,2022-07-12 00:01:30.557,True,0,0,0,11,external_11,False,0.1,0.031902,-0.017007,48.030621,11.527947795304833,67.5011746172138,False,10.12033719572288,65.52940203030388,False,3.2252269382349694,21.763479836543077,False,False,False,정상,
420,3.4440999988873955,external,external,normal,2022-07-12 00:01:30.657,2022-07-12 00:01:30.657,True,0,0,0,11,external_11,False,0.1,-0.035196,0.022775,7.442356,9.094189817309003,67.5011746172138,False,11.765921917768395,65.52940203030388,False,2.7044863873836253,21.763479836543077,False,False,False,정상,
421,3.411400000914,external,external,normal,2022-07-12 00:01:30.757,2022-07-12 00:01:30.757,True,0,0,0,11,external_11,False,0.1,0.001838,0.037716,-37.772064,7.784253929346595,67.5011746172138,False,10.703419788585931,65.52940203030388,False,2.2985211968244554,21.763479836543077,False,False,False,정상,
422,3.341700001328718,external,external,normal,2022-07-12 00:01:30.857,2022-07-12 00:01:30.857,True,0,0,0,11,external_11,False,0.1,0.100521,-0.009854,-89.03874,9.27224734450985,67.5011746172138,False,10.601227028395538,65.52940203030388,False,2.8849839984047545,21.763479836543077,False,False,False,정상,
423,3.516100001434097,external,external,normal,2022-07-12 00:01:30.957,2022-07-12 00:01:30.957,True,0,0,0,11,external_11,False,0.1,0.074125,0.049955,-104.59377,9.264960324744493,67.5011746172138,False,10.658574187813656,65.52940203030388,False,3.6758857110488328,21.763479836543077,False,False,False,정상,
424,3.5563999990699813,external,external,normal,2022-07-12 00:01:31.057,2022-07-12 00:01:31.057,True,0,0,0,11,external_11,False,0.1,0.052644,-0.00344,-110.03257,11.74759635102525,67.5011746172138,False,12.595744870256368,65.52940203030388,False,3.814622218265201,21.763479836543077,False,False,False,정상,
425,3.709499997057719,external,external,normal,2022-07-12 00:01:31.157,2022-07-12 00:01:31.157,True,0,0,0,11,external_11,False,0.1,-0.00679,-0.031494,-105.6415,6.930442100465718,67.5011746172138,False,9.816050105566621,65.52940203030388,False,3.0157991126127577,21.763479836543077,False,False,False,정상,
426,3.74309999824618,external,external,normal,2022-07-12 00:01:31.257,2022-07-12 00:01:31.257,True,0,0,0,11,external_11,False,0.1,-0.052305,0.077838,-87.689529,24.01395440808104,67.5011746172138,False,9.66276637972194,65.52940203030388,False,2.669773569716161,21.763479836543077,False,False,False,정상,
427,3.4372000009170733,external,external,normal,2022-07-12 00:01:31.357,2022-07-12 00:01:31.357,True,0,0,0,11,external_11,False,0.1,0.000238,0.045504,-60.665853,8.471533324611158,67.5011746172138,False,8.987298591200759,65.52940203030388,False,2.922849498580898,21.763479836543077,False,False,False,정상,
428,3.5008000013476703,external,external,normal,2022-07-12 00:01:31.457,2022-07-12 00:01:31.457,True,0,0,0,11,external_11,False,0.1,0.012953,0.008572,-19.644263,8.024782694377816,67.5011746172138,False,10.161381023574181,65.52940203030388,False,2.9121185016987727,21.763479836543077,False,False,False,정상,
429,3.603000001021428,external,external,normal,2022-07-12 00:01:31.557,2022-07-12 00:01:31.557,True,0,0,0,11,external_11,False,0.1,-0.000251,0.005302,20.891192,8.877699377940074,67.5011746172138,False,15.616648319173297,65.52940203030388,False,2.1834270316582898,21.763479836543077,False,False,False,정상,
430,3.5807999993267003,external,external,normal,2022-07-12 00:01:31.657,2022-07-12 00:01:31.657,True,0,0,0,11,external_11,False,0.1,-0.006359,-0.080256,75.19401,9.744690707667822,67.5011746172138,False,8.847538503599425,65.52940203030388,False,1.9931255447742622,21.763479836543077,False,False,False,정상,
431,3.522099999827333,external,external,normal,2022-07-12 00:01:31.757,2022-07-12 00:01:31.757,True,0,0,0,11,external_11,False,0.1,-0.016781,-0.034866,103.84108,9.943261851438084,67.5011746172138,False,7.582386012688901,65.52940203030388,False,2.1000091042667846,21.763479836543077,False,False,False,정상,
432,3.560499997547595,external,external,normal,2022-07-12 00:01:31.857,2022-07-12 00:01:31.857,True,0,0,0,11,external_11,False,0.1,-0.014045,0.050477,108.91045,8.377060038586201,67.5011746172138,False,7.493182321099383,65.52940203030388,False,2.183324742654718,21.763479836543077,False,False,False,정상,
433,3.4235000020998996,external,external,normal,2022-07-12 00:01:31.957,2022-07-12 00:01:31.957,True,0,0,0,11,external_11,False,0.1,-0.00922,0.044982,110.61264,7.466838685227023,67.5011746172138,False,9.666879277098005,65.52940203030388,False,1.8041649056798565,21.763479836543077,False,False,False,정상,
434,3.45769999694312,external,external,normal,2022-07-12 00:01:32.057,2022-07-12 00:01:32.057,True,0,0,0,11,external_11,False,0.1,-0.028475,0.048433,95.317137,13.652082214878554,67.5011746172138,False,10.990895423109414,65.52940203030388,False,1.8517176050886839,21.763479836543077,False,False,False,정상,
435,3.4570999996503815,external,external,normal,2022-07-12 00:01:32.157,2022-07-12 00:01:32.157,True,0,0,0,11,external_11,False,0.1,-0.057346,-0.040667,73.770174,12.575968057774139,67.5011746172138,False,7.316772431671715,65.52940203030388,False,2.3448616897228107,21.763479836543077,False,False,False,정상,
436,3.4094000002369285,external,external,normal,2022-07-12 00:01:32.257,2022-07-12 00:01:32.257,True,0,0,0,11,external_11,False,0.1,-0.061661,-0.036614,35.063748,12.290421056976692,67.5011746172138,False,9.914559161551155,65.52940203030388,False,2.8105135774360934,21.763479836543077,False,False,False,정상,
437,3.3266999998886604,external,external,normal,2022-07-12 00:01:32.357,2022-07-12 00:01:32.357,True,0,0,0,11,external_11,False,0.1,-0.026999,0.063624,-4.157305,11.562932277810692,67.5011746172138,False,14.756785028981557,65.52940203030388,False,2.727298001141927,21.763479836543077,False,False,False,정상,
438,3.4148999984608963,external,external,normal,2022-07-12 00:01:32.457,2022-07-12 00:01:32.457,True,0,0,0,11,external_11,False,0.1,0.011318,-0.044016,-54.889566,6.8844492725523505,67.5011746172138,False,8.002672303257313,65.52940203030388,False,2.7453203596297597,21.763479836543077,False,False,False,정상,
439,3.6938000012014527,external,external,normal,2022-07-12 00:01:32.557,2022-07-12 00:01:32.557,True,0,0,0,11,external_11,False,0.1,0.026872,-0.055619,-97.15296,7.75078681540387,67.5011746172138,False,7.563242743434541,65.52940203030388,False,2.635877725584423,21.763479836543077,False,False,False,정상,
440,3.362100000231294,external,external,normal,2022-07-12 00:01:32.657,2022-07-12 00:01:32.657,True,0,0,0,11,external_11,False,0.1,0.000828,0.008549,-105.39855,7.806179423845155,67.5011746172138,False,7.632440750469516,65.52940203030388,False,2.6099796618583473,21.763479836543077,False,False,False,정상,
441,3.6107999985688366,external,external,normal,2022-07-12 00:01:32.757,2022-07-12 00:01:32.757,True,0,0,0,11,external_11,False,0.1,-0.077237,-0.054268,-110.86966,4.744554463442716,67.5011746172138,False,8.169132280943867,65.52940203030388,False,2.3383854130486057,21.763479836543077,False,False,False,정상,
442,0.6955999997444451,external,external,normal,2022-07-12 00:01:35.646,2022-07-12 00:01:35.646,True,0,0,0,12,external_12,True,2.8890000000000002,-0.162992,-0.057036,30.009512,0.0,67.5011746172138,False,0.0,65.52940203030388,False,0.0,21.763479836543077,False,False,False,정상,
443,0.6871999976283405,external,external,normal,2022-07-12 00:01:35.746,2022-07-12 00:01:35.746,True,0,0,0,12,external_12,False,0.1,0.03586,0.161401,93.590628,0.0,67.5011746172138,False,0.0,65.52940203030388,False,0.0,21.763479836543077,False,False,False,정상,
444,0.7134999978006817,external,external,normal,2022-07-12 00:01:35.846,2022-07-12 00:01:35.846,True,0,0,0,12,external_12,False,0.1,0.078344,0.09956,147.38824,0.0,67.5011746172138,False,0.0,65.52940203030388,False,6.337821237525695,21.763479836543077,False,False,False,정상,
445,0.6917999999132007,external,external,normal,2022-07-12 00:01:35.946,2022-07-12 00:01:35.946,True,0,0,0,12,external_12,False,0.1,-0.066898,-0.23753,190.99095,0.0,67.5011746172138,False,0.0,65.52940203030388,False,6.374945258992514,21.763479836543077,False,False,False,정상,
446,2.1468000013555866,external,external,normal,2022-07-12 00:01:36.046,2022-07-12 00:01:36.046,True,0,0,0,12,external_12,False,0.1,0.086394,-0.183852,188.40637,13.8326830440542,67.5011746172138,False,0.0,65.52940203030388,False,7.458733313190827,21.763479836543077,False,False,False,정상,
447,2.1893999983149115,external,external,normal,2022-07-12 00:01:36.146,2022-07-12 00:01:36.146,True,0,0,0,12,external_12,False,0.1,-0.005534,-0.065767,159.58585,10.094358184548716,67.5011746172138,False,0.0,65.52940203030388,False,8.480999516703806,21.763479836543077,False,False,False,정상,
448,2.127600000676466,external,external,normal,2022-07-12 00:01:36.246,2022-07-12 00:01:36.246,True,0,0,0,12,external_12,False,0.1,-0.074346,0.033586,113.5434,11.262913702232323,67.5011746172138,False,0.0,65.52940203030388,False,7.343396432569057,21.763479836543077,False,False,False,정상,
449,2.1757000031357165,external,external,normal,2022-07-12 00:01:36.346,2022-07-12 00:01:36.346,True,0,0,0,12,external_12,False,0.1,-0.000345,0.250263,51.90838,13.592903772808677,67.5011746172138,False,0.0,65.52940203030388,False,6.1390860586668135,21.763479836543077,False,False,False,정상,
450,2.062600000499515,external,external,normal,2022-07-12 00:01:36.446,2022-07-12 00:01:36.446,True,0,0,0,12,external_12,False,0.1,-0.095315,0.043009,-10.627867,16.204810221794496,67.5011746172138,False,0.0,65.52940203030388,False,6.552838232899973,21.763479836543077,False,False,False,정상,
451,3.504099997371668,external,external,normal,2022-07-12 00:01:36.546,2022-07-12 00:01:36.546,True,0,0,0,12,external_12,False,0.1,-0.038401,-0.143934,-77.934394,9.507434233967764,67.5011746172138,False,7.865617611410781,65.52940203030388,False,7.738745355574079,21.763479836543077,False,False,False,정상,
452,3.6155999987386167,external,external,normal,2022-07-12 00:01:36.646,2022-07-12 00:01:36.646,True,0,0,0,12,external_12,False,0.1,-0.019226,-0.106684,-133.86275,11.035374341401793,67.5011746172138,False,10.45372405980669,65.52940203030388,False,6.827670328496641,21.763479836543077,False,False,False,정상,
453,3.3702000000630505,external,external,normal,2022-07-12 00:01:36.746,2022-07-12 00:01:36.746,True,0,0,0,12,external_12,False,0.1,-0.029398,-0.044388,-183.43355,8.655139887089742,67.5011746172138,False,11.86078773231392,65.52940203030388,False,4.953717458139647,21.763479836543077,False,False,False,정상,
454,3.5653999984788243,external,external,normal,2022-07-12 00:01:36.846,2022-07-12 00:01:36.846,True,0,0,0,12,external_12,False,0.1,0.055286,0.153896,-196.01014,8.798054133298953,67.5011746172138,False,12.21555676539879,65.52940203030388,False,3.6922970565051627,21.763479836543077,False,False,False,정상,
455,3.2872000010684133,external,external,normal,2022-07-12 00:01:36.946,2022-07-12 00:01:36.946,True,0,0,0,12,external_12,False,0.1,-0.019305,0.145779,-171.02875,10.391296722554603,67.5011746172138,False,10.871950530479355,65.52940203030388,False,4.324477438708463,21.763479836543077,False,False,False,정상,
456,3.508400001010159,external,external,normal,2022-07-12 00:01:37.046,2022-07-12 00:01:37.046,True,0,0,0,12,external_12,False,0.1,-0.024732,-0.085964,-131.93061,14.102821306765046,67.5011746172138,False,7.511858205276302,65.52940203030388,False,5.346288227170796,21.763479836543077,False,False,False,정상,
457,3.4550000018498395,external,external,normal,2022-07-12 00:01:37.146,2022-07-12 00:01:37.146,True,0,0,0,12,external_12,False,0.1,0.061246,-0.131888,-71.944484,8.937291765516237,67.5011746172138,False,12.519383531201226,65.52940203030388,False,5.900134446816435,21.763479836543077,False,False,False,정상,
458,3.5299999981361907,external,external,normal,2022-07-12 00:01:37.246,2022-07-12 00:01:37.246,True,0,0,0,12,external_12,False,0.1,-0.001798,-0.038734,-9.508492,8.924542844369123,67.5011746172138,False,12.137785416800002,65.52940203030388,False,5.498882028199907,21.763479836543077,False,False,False,정상,
459,3.4464999989722855,external,external,normal,2022-07-12 00:01:37.346,2022-07-12 00:01:37.346,True,0,0,0,12,external_12,False,0.1,0.033499,0.124685,58.990724,7.635541819942093,67.5011746172138,False,12.45725449140981,65.52940203030388,False,4.712079867384008,21.763479836543077,False,False,False,정상,
460,3.3745000000635628,external,external,normal,2022-07-12 00:01:37.446,2022-07-12 00:01:37.446,True,0,0,0,12,external_12,False,0.1,0.081739,0.246006,119.69198,10.89770993263029,67.5011746172138,False,14.02354638678921,65.52940203030388,False,4.845818609750723,21.763479836543077,False,False,False,정상,
461,3.786299999774201,external,external,normal,2022-07-12 00:01:37.546,2022-07-12 00:01:37.546,True,0,0,0,12,external_12,False,0.1,-0.10165,0.041658,173.2259,11.874842577810028,67.5011746172138,False,8.221913845817594,65.52940203030388,False,6.577824200994499,21.763479836543077,False,False,False,정상,
462,3.456200000073295,external,external,normal,2022-07-12 00:01:37.646,2022-07-12 00:01:37.646,True,0,0,0,12,external_12,False,0.1,0.018808,-0.11773,202.86968,7.855786840774214,67.5011746172138,False,6.512638451919036,65.52940203030388,False,8.033364247206977,21.763479836543077,False,False,False,정상,
463,3.422300000238465,external,external,normal,2022-07-12 00:01:37.746,2022-07-12 00:01:37.746,True,0,0,0,12,external_12,False,0.1,0.136689,-0.04818,184.87015,11.154336734726359,67.5011746172138,False,8.142390657154824,65.52940203030388,False,8.510960546919042,21.763479836543077,False,False,False,정상,
464,3.4556000027805567,external,external,normal,2022-07-12 00:01:37.846,2022-07-12 00:01:37.846,True,0,0,0,12,external_12,False,0.1,-0.052525,-0.070796,150.12326,9.827834232063392,67.5011746172138,False,5.713635474229355,65.52940203030388,False,7.498806840564381,21.763479836543077,False,False,False,정상,
465,3.5087999967799988,external,external,normal,2022-07-12 00:01:37.946,2022-07-12 00:01:37.946,True,0,0,0,12,external_12,False,0.1,0.065958,0.114591,94.747197,15.209582876777342,67.5011746172138,False,5.9554564825174685,65.52940203030388,False,6.367659207533184,21.763479836543077,False,False,False,정상,
466,3.4594999997352716,external,external,normal,2022-07-12 00:01:38.046,2022-07-12 00:01:38.046,True,0,0,0,12,external_12,False,0.1,0.108521,0.226705,31.128649,9.303912144440504,67.5011746172138,False,8.729406415700728,65.52940203030388,False,6.042104534533663,21.763479836543077,False,False,False,정상,
467,3.70420000035665,external,external,normal,2022-07-12 00:01:38.146,2022-07-12 00:01:38.146,True,0,0,0,12,external_12,False,0.1,-0.024266,-0.050564,-36.015753,9.110569892649512,67.5011746172138,False,10.196811633462815,65.52940203030388,False,5.93490879588984,21.763479836543077,False,False,False,정상,
468,3.4234999984619208,external,external,normal,2022-07-12 00:01:38.246,2022-07-12 00:01:38.246,True,0,0,0,12,external_12,False,0.1,0.084634,-0.094695,-101.59827,6.5618850946656355,67.5011746172138,False,10.12536435147263,65.52940203030388,False,6.237693922274135,21.763479836543077,False,False,False,정상,
469,3.4069999965140596,external,external,normal,2022-07-12 00:01:38.346,2022-07-12 00:01:38.346,True,0,0,0,12,external_12,False,0.1,0.030944,-0.046523,-156.03008,9.370194701984634,67.5011746172138,False,7.463349295072995,65.52940203030388,False,5.7153518060754775,21.763479836543077,False,False,False,정상,
470,3.947199998947326,external,external,normal,2022-07-12 00:01:38.446,2022-07-12 00:01:38.446,True,0,0,0,12,external_12,False,0.1,-0.073903,-0.016448,-198.20073,7.081423122805331,67.5011746172138,False,8.195419981156974,65.52940203030388,False,4.888121918675502,21.763479836543077,False,False,False,정상,
471,3.4177000015915837,external,external,normal,2022-07-12 00:01:38.546,2022-07-12 00:01:38.546,True,0,0,0,12,external_12,False,0.1,0.073485,0.205497,-193.29836,8.3649669180785,67.5011746172138,False,10.080886233808936,65.52940203030388,False,4.791997507467504,21.763479836543077,False,False,False,정상,
472,3.3108000025094952,external,external,normal,2022-07-12 00:01:38.646,2022-07-12 00:01:38.646,True,0,0,0,12,external_12,False,0.1,0.113403,0.172141,-162.5525,10.910920910698033,67.5011746172138,False,12.858595055491225,65.52940203030388,False,5.290422368455799,21.763479836543077,False,False,False,정상,
473,3.364500000316184,external,external,normal,2022-07-12 00:01:38.746,2022-07-12 00:01:38.746,True,0,0,0,12,external_12,False,0.1,0.050075,-0.068911,-114.81072,10.711019865584188,67.5011746172138,False,10.150880091303403,65.52940203030388,False,6.02131220814763,21.763479836543077,False,False,False,정상,
474,3.778400001465343,external,external,normal,2022-07-12 00:01:38.846,2022-07-12 00:01:38.846,True,0,0,0,12,external_12,False,0.1,0.045193,-0.134715,-51.766998,8.822691570130337,67.5011746172138,False,10.275861297706758,65.52940203030388,False,5.800562566362416,21.763479836543077,False,False,False,정상,
475,3.5057999994023703,external,external,normal,2022-07-12 00:01:38.946,2022-07-12 00:01:38.946,True,0,0,0,12,external_12,False,0.1,-0.011131,-0.056014,12.174846,10.57241114338778,67.5011746172138,False,13.421826402449545,65.52940203030388,False,4.859508381069404,21.763479836543077,False,False,False,정상,
476,3.8874000019859523,external,external,normal,2022-07-12 00:01:39.046,2022-07-12 00:01:39.046,True,0,0,0,12,external_12,False,0.1,-0.043465,0.074628,80.603728,6.912297325852496,67.5011746172138,False,7.824786334543887,65.52940203030388,False,4.098531295758867,21.763479836543077,False,False,False,정상,
477,3.6946000000170898,external,external,normal,2022-07-12 00:01:39.146,2022-07-12 00:01:39.146,True,0,0,0,12,external_12,False,0.1,0.017616,0.148072,137.99371,11.428402790925627,67.5011746172138,False,8.741395571424635,65.52940203030388,False,3.808383127797338,21.763479836543077,False,False,False,정상,
478,3.433899997617118,external,external,normal,2022-07-12 00:01:39.246,2022-07-12 00:01:39.246,True,0,0,0,12,external_12,False,0.1,0.051721,0.061322,189.10684,10.009280990978947,67.5011746172138,False,8.78661110715792,65.52940203030388,False,3.866066761817103,21.763479836543077,False,False,False,정상,
479,3.442099998210324,external,external,normal,2022-07-12 00:01:39.346,2022-07-12 00:01:39.346,True,0,0,0,12,external_12,False,0.1,0.110474,-0.098498,202.11031,17.04568251378515,67.5011746172138,False,9.650475680188237,65.52940203030388,False,4.600535095236925,21.763479836543077,False,False,False,정상,
480,4.013400000985712,external,external,normal,2022-07-12 00:01:39.446,2022-07-12 00:01:39.446,True,0,0,0,12,external_12,False,0.1,0.035872,-0.111702,176.281,17.973291672729996,67.5011746172138,False,11.351895783815504,65.52940203030388,False,5.405402336642617,21.763479836543077,False,False,False,정상,
481,3.5291999993205536,external,external,normal,2022-07-12 00:01:39.546,2022-07-12 00:01:39.546,True,0,0,0,12,external_12,False,0.1,-0.074051,0.006225,135.71502,15.41356086853295,67.5011746172138,False,10.475340599938486,65.52940203030388,False,5.968409984674267,21.763479836543077,False,False,False,정상,
482,0.6905000009282958,external,external,normal,2022-07-12 00:01:43.757,2022-07-12 00:01:43.757,True,0,0,0,13,external_13,True,4.211,0.180397,0.244892,-80.388079,0.0,67.5011746172138,False,0.0,65.52940203030388,False,0.0,21.763479836543077,False,False,False,정상,
483,0.700100001267856,external,external,normal,2022-07-12 00:01:43.857,2022-07-12 00:01:43.857,True,0,0,0,13,external_13,False,0.1,0.089083,-0.125009,-159.07003,0.0,67.5011746172138,False,0.0,65.52940203030388,False,0.0,21.763479836543077,False,False,False,정상,
484,0.7191000004240777,external,external,normal,2022-07-12 00:01:43.957,2022-07-12 00:01:43.957,True,0,0,0,13,external_13,False,0.1,0.050345,-0.191584,-214.59284,0.0,67.5011746172138,False,0.0,65.52940203030388,False,9.948402316486208,21.763479836543077,False,False,False,정상,
485,0.7280999998329207,external,external,normal,2022-07-12 00:01:44.057,2022-07-12 00:01:44.057,True,0,0,0,13,external_13,False,0.1,-0.011053,-0.088485,-250.33203,0.0,67.5011746172138,False,0.0,65.52940203030388,False,8.10514297305491,21.763479836543077,False,False,False,정상,
486,2.096799998980714,external,external,normal,2022-07-12 00:01:44.157,2022-07-12 00:01:44.157,True,0,0,0,13,external_13,False,0.1,-0.106773,0.051864,-225.12188,14.152397888853962,67.5011746172138,False,0.0,65.52940203030388,False,6.5815374879973705,21.763479836543077,False,False,False,정상,
487,2.1230999991530553,external,external,normal,2022-07-12 00:01:44.257,2022-07-12 00:01:44.257,True,0,0,0,13,external_13,False,0.1,-0.013131,0.277204,-178.50532,19.2260028059412,67.5011746172138,False,0.0,65.52940203030388,False,7.030701484582195,21.763479836543077,False,False,False,정상,
488,2.0769999973708764,external,external,normal,2022-07-12 00:01:44.357,2022-07-12 00:01:44.357,True,0,0,0,13,external_13,False,0.1,0.037119,0.13925,-114.7839,16.877115250267217,67.5011746172138,False,0.0,65.52940203030388,False,7.7605894335719166,21.763479836543077,False,False,False,정상,
489,2.180600000428967,external,external,normal,2022-07-12 00:01:44.457,2022-07-12 00:01:44.457,True,0,0,0,13,external_13,False,0.1,0.00139,-0.1814,-36.20017,11.187815558579526,67.5011746172138,False,0.0,65.52940203030388,False,8.031149880813906,21.763479836543077,False,False,False,정상,
490,2.1062000014353544,external,external,normal,2022-07-12 00:01:44.557,2022-07-12 00:01:44.557,True,0,0,0,13,external_13,False,0.1,-0.02059,-0.200871,47.888762,11.353198369193233,67.5011746172138,False,0.0,65.52940203030388,False,6.921811360872135,21.763479836543077,False,False,False,정상,
491,3.386500000488013,external,external,normal,2022-07-12 00:01:44.657,2022-07-12 00:01:44.657,True,0,0,0,13,external_13,False,0.1,-0.020567,-0.018662,135.0105,12.392994368211422,67.5011746172138,False,13.614346430571238,65.52940203030388,False,5.9427381847378875,21.763479836543077,False,False,False,정상,
492,3.5290999985591043,external,external,normal,2022-07-12 00:01:44.757,2022-07-12 00:01:44.757,True,0,0,0,13,external_13,False,0.1,0.01406,0.160674,194.07382,12.478119153800728,67.5011746172138,False,15.297295913134949,65.52940203030388,False,5.057551203994862,21.763479836543077,False,False,False,정상,
493,3.3876999987114687,external,external,normal,2022-07-12 00:01:44.857,2022-07-12 00:01:44.857,True,0,0,0,13,external_13,False,0.1,-0.003299,0.180462,243.47356,18.16066348898369,67.5011746172138,False,15.210726208071922,65.52940203030388,False,5.111460181838925,21.763479836543077,False,False,False,정상,
494,3.4051999973598868,external,external,normal,2022-07-12 00:01:44.957,2022-07-12 00:01:44.957,True,0,0,0,13,external_13,False,0.1,0.029943,0.01668,240.21163,16.99256969672795,67.5011746172138,False,14.447325170336338,65.52940203030388,False,4.870588087675206,21.763479836543077,False,False,False,정상,
495,3.3748999994713813,external,external,normal,2022-07-12 00:01:45.057,2022-07-12 00:01:45.057,True,0,0,0,13,external_13,False,0.1,0.002241,-0.180526,195.00699,15.324520757266416,67.5011746172138,False,14.6690644141473,65.52940203030388,False,5.222738487281362,21.763479836543077,False,False,False,정상,
496,3.509999998641433,external,external,normal,2022-07-12 00:01:45.157,2022-07-12 00:01:45.157,True,0,0,0,13,external_13,False,0.1,-0.156716,-0.215801,139.98057,10.7410680280147,67.5011746172138,False,10.726989063995388,65.52940203030388,False,6.062726529169569,21.763479836543077,False,False,False,정상,
497,3.500099999655504,external,external,normal,2022-07-12 00:01:45.257,2022-07-12 00:01:45.257,True,0,0,0,13,external_13,False,0.1,-0.092036,0.059527,62.691458,11.188446296786593,67.5011746172138,False,12.834355929222637,65.52940203030388,False,7.355399992039007,21.763479836543077,False,False,False,정상,
498,3.43099999736296,external,external,normal,2022-07-12 00:01:45.357,2022-07-12 00:01:45.357,True,0,0,0,13,external_13,False,0.1,0.046723,0.271788,-17.533185,7.560216145488055,67.5011746172138,False,16.782294947742976,65.52940203030388,False,7.655453912741007,21.763479836543077,False,False,False,정상,
499,3.4541999993962236,external,external,normal,2022-07-12 00:01:45.457,2022-07-12 00:01:45.457,True,0,0,0,13,external_13,False,0.1,-0.009384,0.083278,-108.63913,8.982044455960914,67.5011746172138,False,10.316873140739965,65.52940203030388,False,7.468419709943213,21.763479836543077,False,False,False,정상,
500,3.371399998286506,external,external,normal,2022-07-12 00:01:45.557,2022-07-12 00:01:45.557,True,0,0,0,13,external_13,False,0.1,0.004875,-0.139064,-175.65396,8.324674781907227,67.5011746172138,False,8.230477910530038,65.52940203030388,False,6.632046371543666,21.763479836543077,False,False,False,정상,
501,3.424700000323355,external,external,normal,2022-07-12 00:01:45.657,2022-07-12 00:01:45.657,True,0,0,0,13,external_13,False,0.1,-0.003288,-0.204606,-228.03846,10.233295372203584,67.5011746172138,False,9.204428609315011,65.52940203030388,False,6.283683491394606,21.763479836543077,False,False,False,정상,
502,3.415399998630164,external,external,normal,2022-07-12 00:01:45.757,2022-07-12 00:01:45.757,True,0,0,0,13,external_13,False,0.1,-0.112313,-0.156559,-247.42177,10.620806100332253,67.5011746172138,False,10.964611044391987,65.52940203030388,False,5.810223327387104,21.763479836543077,False,False,False,정상,
503,3.7201999984972645,external,external,normal,2022-07-12 00:01:45.857,2022-07-12 00:01:45.857,True,0,0,0,13,external_13,False,0.1,-0.00071,0.133789,-208.37393,14.616982420712262,67.5011746172138,False,8.447592857127347,65.52940203030388,False,6.108803226117043,21.763479836543077,False,False,False,정상,
504,3.374299998540664,external,external,normal,2022-07-12 00:01:45.957,2022-07-12 00:01:45.957,True,0,0,0,13,external_13,False,0.1,0.076742,0.256359,-158.98754,11.231775425116973,67.5011746172138,False,10.168069029174449,65.52940203030388,False,6.508350440907464,21.763479836543077,False,False,False,정상,
505,3.5236000003351364,external,external,normal,2022-07-12 00:01:46.057,2022-07-12 00:01:46.057,True,0,0,0,13,external_13,False,0.1,-0.025268,-0.020899,-87.552916,8.411445188087596,67.5011746172138,False,9.928599862140338,65.52940203030388,False,6.974119731850784,21.763479836543077,False,False,False,정상,
506,3.483500000584172,external,external,normal,2022-07-12 00:01:46.157,2022-07-12 00:01:46.157,True,0,0,0,13,external_13,False,0.1,-0.009282,-0.151008,-9.406091,8.09093896188707,67.5011746172138,False,11.108946852632647,65.52940203030388,False,6.076714477431653,21.763479836543077,False,False,False,정상,
507,0.7148000004235655,external,external,normal,2022-07-12 00:01:51.655,2022-07-12 00:01:51.655,True,0,0,0,14,external_14,True,5.498,-0.00283,0.044,6.202818,0.0,67.5011746172138,False,0.0,65.52940203030388,False,0.0,21.763479836543077,False,False,False,정상,
508,0.7135000014386605,external,external,normal,2022-07-12 00:01:51.755,2022-07-12 00:01:51.755,True,0,0,0,14,external_14,False,0.1,-0.061811,0.040924,55.273301,0.0,67.5011746172138,False,0.0,65.52940203030388,False,0.0,21.763479836543077,False,False,False,정상,
509,0.7506000001740176,external,external,normal,2022-07-12 00:01:51.855,2022-07-12 00:01:51.855,True,0,0,0,14,external_14,False,0.1,0.032728,-0.061903,101.25924,0.0,67.5011746172138,False,0.0,65.52940203030388,False,2.783037378967986,21.763479836543077,False,False,False,정상,
510,0.738800001272466,external,external,normal,2022-07-12 00:01:51.955,2022-07-12 00:01:51.955,True,0,0,0,14,external_14,False,0.1,0.057342,0.015821,108.51921,0.0,67.5011746172138,False,0.0,65.52940203030388,False,3.534945963308136,21.763479836543077,False,False,False,정상,
511,2.0994000005885027,external,external,normal,2022-07-12 00:01:52.055,2022-07-12 00:01:52.055,True,0,0,0,14,external_14,False,0.1,-0.030328,0.01757,113.05834,8.404117207146278,67.5011746172138,False,0.0,65.52940203030388,False,3.28145651325779,21.763479836543077,False,False,False,정상,
512,2.1987000000081025,external,external,normal,2022-07-12 00:01:52.155,2022-07-12 00:01:52.155,True,0,0,0,14,external_14,False,0.1,0.006139,-0.001447,102.33713,8.766968174536201,67.5011746172138,False,0.0,65.52940203030388,False,2.3492056764815734,21.763479836543077,False,False,False,정상,
513,2.241499998490326,external,external,normal,2022-07-12 00:01:52.255,2022-07-12 00:01:52.255,True,0,0,0,14,external_14,False,0.1,-0.036061,0.042558,82.594881,15.876228201025288,67.5011746172138,False,0.0,65.52940203030388,False,2.293342279902772,21.763479836543077,False,False,False,정상,
514,2.1409000000858214,external,external,normal,2022-07-12 00:01:52.355,2022-07-12 00:01:52.355,True,0,0,0,14,external_14,False,0.1,-0.066136,-0.043113,51.680094,6.538684446569558,67.5011746172138,False,0.0,65.52940203030388,False,2.6623443798564312,21.763479836543077,False,False,False,정상,
515,2.1725000005972106,external,external,normal,2022-07-12 00:01:52.455,2022-07-12 00:01:52.455,True,0,0,0,14,external_14,False,0.1,0.029129,-0.0503,10.096313,5.796877060507933,67.5011746172138,False,0.0,65.52940203030388,False,3.0627797098015033,21.763479836543077,False,False,False,정상,
516,3.511300001264317,external,external,normal,2022-07-12 00:01:52.555,2022-07-12 00:01:52.555,True,0,0,0,14,external_14,False,0.1,0.006491,0.009078,-32.663349,5.198600900200571,67.5011746172138,False,10.477628070693925,65.52940203030388,False,2.9683476078953936,21.763479836543077,False,False,False,정상,
517,3.4750999984680675,external,external,normal,2022-07-12 00:01:52.655,2022-07-12 00:01:52.655,True,0,0,0,14,external_14,False,0.1,0.029345,-0.059383,-86.687575,8.521887052699121,67.5011746172138,False,11.779087924508776,65.52940203030388,False,2.743098772764256,21.763479836543077,False,False,False,정상,
518,3.4613999996508937,external,external,normal,2022-07-12 00:01:52.755,2022-07-12 00:01:52.755,True,0,0,0,14,external_14,False,0.1,0.044694,-0.017455,-105.26062,9.034912244475219,67.5011746172138,False,7.543676530241384,65.52940203030388,False,2.54071736267147,21.763479836543077,False,False,False,정상,
519,3.458900002442533,external,external,normal,2022-07-12 00:01:52.855,2022-07-12 00:01:52.855,True,0,0,0,14,external_14,False,0.1,-0.026933,0.039073,-109.76852,11.727729294797895,67.5011746172138,False,8.18388890541579,65.52940203030388,False,2.6476933393908406,21.763479836543077,False,False,False,정상,
520,3.3952999983739574,external,external,normal,2022-07-12 00:01:52.955,2022-07-12 00:01:52.955,True,0,0,0,14,external_14,False,0.1,-0.010993,-0.003161,-107.50533,9.347385963350462,67.5011746172138,False,10.601852268094564,65.52940203030388,False,2.298930695893258,21.763479836543077,False,False,False,정상,
521,0.6821999995736405,external,external,normal,2022-07-12 00:02:01.294,2022-07-12 00:02:01.294,True,0,0,0,15,external_15,True,8.339,0.043228,-0.244347,196.64957,0.0,67.5011746172138,False,0.0,65.52940203030388,False,0.0,21.763479836543077,False,False,False,정상,
522,0.681499997881474,external,external,normal,2022-07-12 00:02:01.394,2022-07-12 00:02:01.394,True,0,0,0,15,external_15,False,0.1,-0.056658,-0.127942,251.66169,0.0,67.5011746172138,False,0.0,65.52940203030388,False,0.0,21.763479836543077,False,False,False,정상,
523,0.7484999987354968,external,external,normal,2022-07-12 00:02:01.494,2022-07-12 00:02:01.494,True,0,0,0,15,external_15,False,0.1,-0.026095,0.103756,258.91474,0.0,67.5011746172138,False,0.0,65.52940203030388,False,6.961125481430592,21.763479836543077,False,False,False,정상,
524,0.6869999997434206,external,external,normal,2022-07-12 00:02:01.594,2022-07-12 00:02:01.594,True,0,0,0,15,external_15,False,0.1,0.157612,0.314745,227.17729,0.0,67.5011746172138,False,0.0,65.52940203030388,False,7.260279516188617,21.763479836543077,False,False,False,정상,
525,2.115600000252016,external,external,normal,2022-07-12 00:02:01.694,2022-07-12 00:02:01.694,True,0,0,0,15,external_15,False,0.1,0.112722,0.104812,167.00472,13.903069504291365,67.5011746172138,False,0.0,65.52940203030388,False,8.21231079814491,21.763479836543077,False,False,False,정상,
526,2.129599997715559,external,external,normal,2022-07-12 00:02:01.794,2022-07-12 00:02:01.794,True,0,0,0,15,external_15,False,0.1,-0.007351,-0.2583,81.470022,9.538118907790926,67.5011746172138,False,0.0,65.52940203030388,False,9.828394743539357,21.763479836543077,False,False,False,정상,
527,2.191700001276331,external,external,normal,2022-07-12 00:02:01.894,2022-07-12 00:02:01.894,True,0,0,0,15,external_15,False,0.1,-0.00273,-0.179361,-5.532623,11.094313364131645,67.5011746172138,False,0.0,65.52940203030388,False,8.848703815343852,21.763479836543077,False,False,False,정상,
528,2.1005999988119584,external,external,normal,2022-07-12 00:02:01.994,2022-07-12 00:02:01.994,True,0,0,0,15,external_15,False,0.1,-0.052128,0.005573,-95.385324,12.887414497127496,67.5011746172138,False,0.0,65.52940203030388,False,7.135946613994581,21.763479836543077,False,False,False,정상,
529,2.1367000008467585,external,external,normal,2022-07-12 00:02:02.094,2022-07-12 00:02:02.094,True,0,0,0,15,external_15,False,0.1,-0.039787,0.146751,-172.88782,9.612379578372279,67.5011746172138,False,0.0,65.52940203030388,False,5.717654708126298,21.763479836543077,False,False,False,정상,
530,3.639799997472437,external,external,normal,2022-07-12 00:02:02.194,2022-07-12 00:02:02.194,True,0,0,0,15,external_15,False,0.1,0.1393,0.282116,-235.38068,10.512883431876899,67.5011746172138,False,12.61795824596631,65.52940203030388,False,6.321678238581009,21.763479836543077,False,False,False,정상,
531,3.5284000005049165,external,external,normal,2022-07-12 00:02:02.294,2022-07-12 00:02:02.294,True,0,0,0,15,external_15,False,0.1,0.151936,0.021547,-260.23033,16.32264468804763,67.5011746172138,False,15.041261958877358,65.52940203030388,False,7.80896200308305,21.763479836543077,False,False,False,정상,
532,3.404999999474967,external,external,normal,2022-07-12 00:02:02.394,2022-07-12 00:02:02.394,True,0,0,0,15,external_15,False,0.1,-0.017251,-0.302895,-238.19378,13.567902501480365,67.5011746172138,False,13.843468271167483,65.52940203030388,False,9.372675565304409,21.763479836543077,False,False,False,정상,
533,3.8839999979245476,external,external,normal,2022-07-12 00:02:02.494,2022-07-12 00:02:02.494,True,0,0,0,15,external_15,False,0.1,-0.071951,-0.174115,-189.37101,13.852667415600994,67.5011746172138,False,14.894751343319832,65.52940203030388,False,9.509948510715693,21.763479836543077,False,False,False,정상,
534,4.176400001597358,external,external,normal,2022-07-12 00:02:02.594,2022-07-12 00:02:02.594,True,0,0,0,15,external_15,False,0.1,-0.026697,0.107264,-109.98322,11.795517698261914,67.5011746172138,False,9.313472098353838,65.52940203030388,False,8.407739052822903,21.763479836543077,False,False,False,정상,
535,3.444000001763925,external,external,normal,2022-07-12 00:02:02.694,2022-07-12 00:02:02.694,True,0,0,0,15,external_15,False,0.1,0.020238,0.235874,-23.833993,11.604792367850859,67.5011746172138,False,11.679764691205099,65.52940203030388,False,7.0755090345093805,21.763479836543077,False,False,False,정상,
536,3.4560999993118457,external,external,normal,2022-07-12 00:02:02.794,2022-07-12 00:02:02.794,True,0,0,0,15,external_15,False,0.1,0.014243,0.1204,64.828165,14.142035216494886,67.5011746172138,False,11.807960540886041,65.52940203030388,False,6.109071882139613,21.763479836543077,False,False,False,정상,
537,3.441600001679035,external,external,normal,2022-07-12 00:02:02.894,2022-07-12 00:02:02.894,True,0,0,0,15,external_15,False,0.1,0.050335,-0.147435,147.97761,8.037518546250464,67.5011746172138,False,9.100585804337895,65.52940203030388,False,6.382395761434793,21.763479836543077,False,False,False,정상,
538,3.391999998711981,external,external,normal,2022-07-12 00:02:02.994,2022-07-12 00:02:02.994,True,0,0,0,15,external_15,False,0.1,0.020442,-0.24295,216.4115,17.419649113310346,67.5011746172138,False,9.95834746536003,65.52940203030388,False,6.898411562006504,21.763479836543077,False,False,False,정상,
539,3.654599997389596,external,external,normal,2022-07-12 00:02:03.094,2022-07-12 00:02:03.094,True,0,0,0,15,external_15,False,0.1,-0.084246,-0.079951,258.9958,11.222771073966925,67.5011746172138,False,13.337955283027654,65.52940203030388,False,7.528589624469279,21.763479836543077,False,False,False,정상,
540,3.502299998217495,external,external,normal,2022-07-12 00:02:03.194,2022-07-12 00:02:03.194,True,0,0,0,15,external_15,False,0.1,0.047032,0.189053,250.0464,10.759087533498139,67.5011746172138,False,10.980977764296968,65.52940203030388,False,6.924954695799382,21.763479836543077,False,False,False,정상,
541,3.7549000007857103,external,external,normal,2022-07-12 00:02:03.294,2022-07-12 00:02:03.294,True,0,0,0,15,external_15,False,0.1,0.055921,0.27309,210.13346,13.255079292399943,67.5011746172138,False,16.50339513677594,65.52940203030388,False,7.117865546708977,21.763479836543077,False,False,False,정상,
542,3.561099998478312,external,external,normal,2022-07-12 00:02:03.394,2022-07-12 00:02:03.394,True,0,0,0,15,external_15,False,0.1,-0.056249,0.029108,139.98677,12.475268669450369,67.5011746172138,False,12.024467224768296,65.52940203030388,False,7.515237068037682,21.763479836543077,False,False,False,정상,
543,3.3140000014100224,external,external,normal,2022-07-12 00:02:03.494,2022-07-12 00:02:03.494,True,0,0,0,15,external_15,False,0.1,-0.02555,-0.212024,53.264624,11.477729550703945,67.5011746172138,False,12.800322276867169,65.52940203030388,False,8.513178151849873,21.763479836543077,False,False,False,정상,
544,3.378800000064075,external,external,normal,2022-07-12 00:02:03.594,2022-07-12 00:02:03.594,True,0,0,0,15,external_15,False,0.1,-0.156612,-0.22743,-33.808474,12.556057561141536,67.5011746172138,False,21.369071362992976,65.52940203030388,False,8.428893152312835,21.763479836543077,False,False,False,정상,
545,3.3748999994713813,external,external,normal,2022-07-12 00:02:03.694,2022-07-12 00:02:03.694,True,0,0,0,15,external_15,False,0.1,-0.13495,-0.003964,-121.87435,13.110310325653213,67.5011746172138,False,14.626293322323125,65.52940203030388,False,8.432946088694825,21.763479836543077,False,False,False,정상,
546,3.428100000746781,external,external,normal,2022-07-12 00:02:03.794,2022-07-12 00:02:03.794,True,0,0,0,15,external_15,False,0.1,0.126164,0.283864,-193.76709,10.373540408273284,67.5011746172138,False,10.488784620549875,65.52940203030388,False,8.903576818271093,21.763479836543077,False,False,False,정상,
547,3.418299998884322,external,external,normal,2022-07-12 00:02:03.894,2022-07-12 00:02:03.894,True,0,0,0,15,external_15,False,0.1,0.106091,0.158456,-249.1962,12.319353220638435,67.5011746172138,False,9.771707483740233,65.52940203030388,False,9.38528054466728,21.763479836543077,False,False,False,정상,
548,3.4558000006654765,external,external,normal,2022-07-12 00:02:03.994,2022-07-12 00:02:03.994,True,0,0,0,15,external_15,False,0.1,-0.00265,-0.146799,-256.47798,12.227134389175905,67.5011746172138,False,10.542799383198297,65.52940203030388,False,8.370155133408105,21.763479836543077,False,False,False,정상,
549,3.353299998707371,external,external,normal,2022-07-12 00:02:04.094,2022-07-12 00:02:04.094,True,0,0,0,15,external_15,False,0.1,-0.021542,-0.171129,-222.80767,10.262957042880528,67.5011746172138,False,11.082824092875976,65.52940203030388,False,6.633618833912412,21.763479836543077,False,False,False,정상,
550,3.4438000002410263,external,external,normal,2022-07-12 00:02:04.194,2022-07-12 00:02:04.194,True,0,0,0,15,external_15,False,0.1,-0.155181,-0.119302,-165.15925,14.492667684508897,67.5011746172138,False,9.400900136534226,65.52940203030388,False,6.159619014938489,21.763479836543077,False,False,False,정상,
551,3.5073999970336445,external,external,normal,2022-07-12 00:02:04.294,2022-07-12 00:02:04.294,True,0,0,0,15,external_15,False,0.1,-0.170747,0.066313,-81.010828,21.359114425756317,67.5011746172138,False,11.765599398545081,65.52940203030388,False,7.726476058421798,21.763479836543077,False,False,False,정상,
552,3.3053000006475486,external,external,normal,2022-07-12 00:02:04.394,2022-07-12 00:02:04.394,True,0,0,0,15,external_15,False,0.1,0.034282,0.29549,3.518105,14.226478647073028,67.5011746172138,False,17.118185455205136,65.52940203030388,False,9.129688349008001,21.763479836543077,False,False,False,정상,
553,3.442699999141041,external,external,normal,2022-07-12 00:02:04.494,2022-07-12 00:02:04.494,True,0,0,0,15,external_15,False,0.1,0.09987,0.067846,95.242392,11.737539585907506,67.5011746172138,False,12.756715187961603,65.52940203030388,False,9.513766541898393,21.763479836543077,False,False,False,정상,
554,3.8056000012147706,external,external,normal,2022-07-12 00:02:04.594,2022-07-12 00:02:04.594,True,0,0,0,15,external_15,False,0.1,0.012938,-0.266917,168.13948,14.681476170378968,67.5011746172138,False,8.533995639281402,65.52940203030388,False,8.875138648047423,21.763479836543077,False,False,False,정상,
555,3.443999998125946,external,external,normal,2022-07-12 00:02:04.694,2022-07-12 00:02:04.694,True,0,0,0,15,external_15,False,0.1,-0.006124,-0.205973,227.44229,14.761898411621306,67.5011746172138,False,10.753748630941477,65.52940203030388,False,8.552848430886383,21.763479836543077,False,False,False,정상,
556,3.9141999986895826,external,external,normal,2022-07-12 00:02:04.794,2022-07-12 00:02:04.794,True,0,0,0,15,external_15,False,0.1,-0.03134,-0.028067,261.61984,11.110111225525538,67.5011746172138,False,10.832067182609672,65.52940203030388,False,7.452985819261227,21.763479836543077,False,False,False,정상,
557,3.4580999999889173,external,external,normal,2022-07-12 00:02:04.894,2022-07-12 00:02:04.894,True,0,0,0,15,external_15,False,0.1,-0.043045,0.170604,236.23982,14.080054553058925,67.5011746172138,False,12.79943707209276,65.52940203030388,False,6.530993468998015,21.763479836543077,False,False,False,정상,
558,3.4161000003223307,external,external,normal,2022-07-12 00:02:04.994,2022-07-12 00:02:04.994,True,0,0,0,15,external_15,False,0.1,0.036757,0.249032,188.26952,18.101642807855697,67.5011746172138,False,11.127388807529016,65.52940203030388,False,6.0967438825081715,21.763479836543077,False,False,False,정상,
559,3.306000002339715,external,external,normal,2022-07-12 00:02:05.094,2022-07-12 00:02:05.094,True,0,0,0,15,external_15,False,0.1,0.03192,-0.079679,111.44675,13.737955994365581,67.5011746172138,False,12.734783276187972,65.52940203030388,False,7.174919317466391,21.763479836543077,False,False,False,정상,
560,3.5199000012653414,external,external,normal,2022-07-12 00:02:05.194,2022-07-12 00:02:05.194,True,0,0,0,15,external_15,False,0.1,-0.064787,-0.285377,25.10238,10.870624053724766,67.5011746172138,False,12.529970791989081,65.52940203030388,False,7.480051903052337,21.763479836543077,False,False,False,정상,
561,3.436300001339987,external,external,normal,2022-07-12 00:02:05.294,2022-07-12 00:02:05.294,True,0,0,0,15,external_15,False,0.1,-0.075516,-0.11501,-64.750798,10.852180750254494,67.5011746172138,False,14.603957534133182,65.52940203030388,False,7.582666837391042,21.763479836543077,False,False,False,정상,
562,3.4129000014218036,external,external,normal,2022-07-12 00:02:05.394,2022-07-12 00:02:05.394,True,0,0,0,15,external_15,False,0.1,0.010712,0.090734,-148.50237,10.50456921495369,67.5011746172138,False,12.320835003340255,65.52940203030388,False,6.235270984191199,21.763479836543077,False,False,False,정상,
563,3.448300001764437,external,external,normal,2022-07-12 00:02:05.494,2022-07-12 00:02:05.494,True,0,0,0,15,external_15,False,0.1,0.034634,0.240313,-209.44491,13.292156386588992,67.5011746172138,False,17.262602373638334,65.52940203030388,False,6.0091874088981845,21.763479836543077,False,False,False,정상,
564,3.285499999037711,external,external,normal,2022-07-12 00:02:05.594,2022-07-12 00:02:05.594,True,0,0,0,15,external_15,False,0.1,0.037756,0.126894,-257.62358,13.374682834573182,67.5011746172138,False,15.602585963095747,65.52940203030388,False,5.68588825004699,21.763479836543077,False,False,False,정상,
565,3.444800000579562,external,external,normal,2022-07-12 00:02:05.694,2022-07-12 00:02:05.694,True,0,0,0,15,external_15,False,0.1,0.047963,-0.160684,-248.49072,13.459005012184942,67.5011746172138,False,14.05530436069875,65.52940203030388,False,6.481821808623462,21.763479836543077,False,False,False,정상,
566,3.483000000414904,external,external,normal,2022-07-12 00:02:05.794,2022-07-12 00:02:05.794,True,0,0,0,15,external_15,False,0.1,-0.090945,-0.24756,-205.98855,11.514773031697576,67.5011746172138,False,13.151423867458165,65.52940203030388,False,6.75054853476655,21.763479836543077,False,False,False,정상,
567,3.4981999997398816,external,external,normal,2022-07-12 00:02:05.894,2022-07-12 00:02:05.894,True,0,0,0,15,external_15,False,0.1,-0.141909,-0.100228,-139.8014,12.207555353397229,67.5011746172138,False,10.70558008000504,65.52940203030388,False,7.5168111045106265,21.763479836543077,False,False,False,정상,
568,3.427900002861861,external,external,normal,2022-07-12 00:02:05.994,2022-07-12 00:02:05.994,True,0,0,0,15,external_15,False,0.1,0.01732,0.17636,-52.169329,10.73182400752192,67.5011746172138,False,11.018179221518855,65.52940203030388,False,7.60930173657984,21.763479836543077,False,False,False,정상,
569,3.5298999973747414,external,external,normal,2022-07-12 00:02:06.094,2022-07-12 00:02:06.094,True,0,0,0,15,external_15,False,0.1,0.093694,0.273782,34.942631,9.503125636199604,67.5011746172138,False,18.583429698627324,65.52940203030388,False,7.482576791628422,21.763479836543077,False,False,False,정상,
570,3.5273000030429102,external,external,normal,2022-07-12 00:02:06.194,2022-07-12 00:02:06.194,True,0,0,0,15,external_15,False,0.1,0.05893,-0.006337,124.81429,9.66939647509829,67.5011746172138,False,8.971522029483557,65.52940203030388,False,7.159018200829643,21.763479836543077,False,False,False,정상,
571,0.6900000007590279,external,external,normal,2022-07-12 00:02:07.924,2022-07-12 00:02:07.924,True,0,0,0,16,external_16,True,1.73,0.039188,-0.108428,-158.65972,0.0,67.5011746172138,False,0.0,65.52940203030388,False,0.0,21.763479836543077,False,False,False,정상,
572,0.691100001859013,external,external,normal,2022-07-12 00:02:08.024,2022-07-12 00:02:08.024,True,0,0,0,16,external_16,False,0.1,-0.007735,-0.075174,-136.98603,0.0,67.5011746172138,False,0.0,65.52940203030388,False,0.0,21.763479836543077,False,False,False,정상,
573,0.7320000004256144,external,external,normal,2022-07-12 00:02:08.124,2022-07-12 00:02:08.124,True,0,0,0,16,external_16,False,0.1,-0.127512,0.009158,-100.15703,0.0,67.5011746172138,False,0.0,65.52940203030388,False,4.373980594274052,21.763479836543077,False,False,False,정상,
574,0.6966999972064514,external,external,normal,2022-07-12 00:02:08.224,2022-07-12 00:02:08.224,True,0,0,0,16,external_16,False,0.1,0.05825,0.21505,-54.522998,0.0,67.5011746172138,False,0.0,65.52940203030388,False,5.44990229263832,21.763479836543077,False,False,False,정상,
575,2.125899998645764,external,external,normal,2022-07-12 00:02:08.324,2022-07-12 00:02:08.324,True,0,0,0,16,external_16,False,0.1,0.038439,0.073316,1.331687,4.881333740146991,67.5011746172138,False,0.0,65.52940203030388,False,5.629707728446372,21.763479836543077,False,False,False,정상,
576,2.174199998989934,external,external,normal,2022-07-12 00:02:08.424,2022-07-12 00:02:08.424,True,0,0,0,16,external_16,False,0.1,0.002426,-0.139365,62.673576,6.163523187915259,67.5011746172138,False,0.0,65.52940203030388,False,5.070680937045553,21.763479836543077,False,False,False,정상,
577,2.088900000671856,external,external,normal,2022-07-12 00:02:08.524,2022-07-12 00:02:08.524,True,0,0,0,16,external_16,False,0.1,0.087042,-0.091557,105.07442,11.237290116360379,67.5011746172138,False,0.0,65.52940203030388,False,4.821817364420319,21.763479836543077,False,False,False,정상,
578,2.093600000080187,external,external,normal,2022-07-12 00:02:08.624,2022-07-12 00:02:08.624,True,0,0,0,16,external_16,False,0.1,-0.117896,-0.092862,159.10675,7.454496572813738,67.5011746172138,False,0.0,65.52940203030388,False,5.757794380362738,21.763479836543077,False,False,False,정상,
579,2.1980000019539148,external,external,normal,2022-07-12 00:02:08.724,2022-07-12 00:02:08.724,True,0,0,0,16,external_16,False,0.1,-0.03865,0.100268,166.85524,7.064709150342123,67.5011746172138,False,0.0,65.52940203030388,False,5.799983464240292,21.763479836543077,False,False,False,정상,
580,3.40919999871403,external,external,normal,2022-07-12 00:02:08.824,2022-07-12 00:02:08.824,True,0,0,0,16,external_16,False,0.1,0.049894,0.194898,144.89724,6.0155370878856695,67.5011746172138,False,5.653200649349413,65.52940203030388,False,5.345655928728711,21.763479836543077,False,False,False,정상,
581,3.4140999996452592,external,external,normal,2022-07-12 00:02:08.924,2022-07-12 00:02:08.924,True,0,0,0,16,external_16,False,0.1,-0.088411,-0.062719,116.72892,8.258148806413077,67.5011746172138,False,5.030979931647475,65.52940203030388,False,5.427939768794606,21.763479836543077,False,False,False,정상,
582,3.4288000024389476,external,external,normal,2022-07-12 00:02:09.024,2022-07-12 00:02:09.024,True,0,0,0,16,external_16,False,0.1,0.130548,-0.105725,70.434698,8.82452171180531,67.5011746172138,False,7.256872988006255,65.52940203030388,False,7.454902383179312,21.763479836543077,False,False,False,정상,
583,3.41600000319886,external,external,normal,2022-07-12 00:02:09.124,2022-07-12 00:02:09.124,True,0,0,0,16,external_16,False,0.1,-0.016,-0.096881,21.121981,6.664130155550758,67.5011746172138,False,7.06642320943553,65.52940203030388,False,8.054111780539053,21.763479836543077,False,False,False,정상,
584,3.441900000325404,external,external,normal,2022-07-12 00:02:09.224,2022-07-12 00:02:09.224,True,0,0,0,16,external_16,False,0.1,-0.159153,-0.022245,-43.838745,9.222900170345753,67.5011746172138,False,8.919968244026215,65.52940203030388,False,7.8835797401615,21.763479836543077,False,False,False,정상,
585,3.5392999998293817,external,external,normal,2022-07-12 00:02:09.324,2022-07-12 00:02:09.324,True,0,0,0,16,external_16,False,0.1,0.114858,0.248462,-89.101802,12.035722354989154,67.5011746172138,False,8.900474808407909,65.52940203030388,False,7.471068458461538,21.763479836543077,False,False,False,정상,
586,3.744199999346165,external,external,normal,2022-07-12 00:02:09.424,2022-07-12 00:02:09.424,True,0,0,0,16,external_16,False,0.1,-0.097891,0.059499,-141.10388,15.298173185170107,67.5011746172138,False,9.221628904410759,65.52940203030388,False,8.853715994826734,21.763479836543077,False,False,False,정상,
587,4.045199999382021,external,external,normal,2022-07-12 00:02:09.524,2022-07-12 00:02:09.524,True,0,0,0,16,external_16,False,0.1,-0.015591,-0.169849,-168.70799,6.898138549470852,67.5011746172138,False,7.717634284698509,65.52940203030388,False,9.810084743034269,21.763479836543077,False,False,False,정상,
588,3.7259999990055803,external,external,normal,2022-07-12 00:02:09.624,2022-07-12 00:02:09.624,True,0,0,0,16,external_16,False,0.1,0.195443,-0.078058,-149.26245,17.77495126098072,67.5011746172138,False,13.765938685009491,65.52940203030388,False,11.100178560103812,21.763479836543077,False,False,False,정상,
589,3.3824000020103995,external,external,normal,2022-07-12 00:02:09.724,2022-07-12 00:02:09.724,True,0,0,0,16,external_16,False,0.1,-0.145802,-0.114388,-126.70709,19.664697622881846,67.5011746172138,False,12.377073436775833,65.52940203030388,False,11.870324514721021,21.763479836543077,False,False,False,정상,
590,3.67750000077649,external,external,normal,2022-07-12 00:02:09.824,2022-07-12 00:02:09.824,True,0,0,0,16,external_16,False,0.1,0.011713,0.101835,-84.263335,17.84009917762373,67.5011746172138,False,13.139248237624512,65.52940203030388,False,10.721515577743808,21.763479836543077,False,False,False,정상,
591,3.7454000012075994,external,external,normal,2022-07-12 00:02:09.924,2022-07-12 00:02:09.924,True,0,0,0,16,external_16,False,0.1,0.065426,0.231909,-39.366965,12.152672017386928,67.5011746172138,False,14.016200578369638,65.52940203030388,False,8.114158931304372,21.763479836543077,False,False,False,정상,
592,3.453199999057688,external,external,normal,2022-07-12 00:02:10.024,2022-07-12 00:02:10.024,True,0,0,0,16,external_16,False,0.1,-0.158495,-0.068952,21.257045,16.98535877826029,67.5011746172138,False,15.468899476750382,65.52940203030388,False,7.483711961654239,21.763479836543077,False,False,False,정상,
593,3.7222999999357853,external,external,normal,2022-07-12 00:02:10.124,2022-07-12 00:02:10.124,True,0,0,0,16,external_16,False,0.1,0.088121,-0.096586,73.851117,10.605778608176314,67.5011746172138,False,14.678891317902838,65.52940203030388,False,9.104601628975573,21.763479836543077,False,False,False,정상,
594,3.3796999996411614,external,external,normal,2022-07-12 00:02:10.224,2022-07-12 00:02:10.224,True,0,0,0,16,external_16,False,0.1,0.005151,-0.081634,121.68635,8.996392325272863,67.5011746172138,False,12.594009702550968,65.52940203030388,False,8.886180624451804,21.763479836543077,False,False,False,정상,
595,3.38249999913387,external,external,normal,2022-07-12 00:02:10.324,2022-07-12 00:02:10.324,True,0,0,0,16,external_16,False,0.1,-0.085766,-0.067351,166.37423,6.1802209607996765,67.5011746172138,False,11.233368515356682,65.52940203030388,False,6.489039195937103,21.763479836543077,False,False,False,정상,
596,3.4629000001586974,external,external,normal,2022-07-12 00:02:10.424,2022-07-12 00:02:10.424,True,0,0,0,16,external_16,False,0.1,0.100235,0.197009,158.04245,7.206756037817711,67.5011746172138,False,10.282774620733754,65.52940203030388,False,4.9822079821694105,21.763479836543077,False,False,False,정상,
597,3.578799998649629,external,external,normal,2022-07-12 00:02:10.524,2022-07-12 00:02:10.524,True,0,0,0,16,external_16,False,0.1,-0.000264,0.095386,137.60509,6.520350367837706,67.5011746172138,False,9.716900933751132,65.52940203030388,False,5.367642543857495,21.763479836543077,False,False,False,정상,
598,3.4611000010045245,external,external,normal,2022-07-12 00:02:10.624,2022-07-12 00:02:10.624,True,0,0,0,16,external_16,False,0.1,0.019672,-0.125855,101.68625,6.453741220417209,67.5011746172138,False,8.610376783451512,65.52940203030388,False,6.029047606159256,21.763479836543077,False,False,False,정상,
599,3.606700000091223,external,external,normal,2022-07-12 00:02:10.724,2022-07-12 00:02:10.724,True,0,0,0,16,external_16,False,0.1,0.072487,-0.08336,56.3016,5.172195459793952,67.5011746172138,False,8.624305266087537,65.52940203030388,False,5.618557459338059,21.763479836543077,False,False,False,정상,
600,3.4606000008352567,external,external,normal,2022-07-12 00:02:10.824,2022-07-12 00:02:10.824,True,0,0,0,16,external_16,False,0.1,-0.073799,-0.069384,2.0715,5.236997603196445,67.5011746172138,False,7.486170071575721,65.52940203030388,False,5.02887851180817,21.763479836543077,False,False,False,정상,
601,3.3830000029411167,external,external,normal,2022-07-12 00:02:10.924,2022-07-12 00:02:10.924,True,0,0,0,16,external_16,False,0.1,-0.045609,0.059805,-57.175405,6.7424337735017605,67.5011746172138,False,6.743212784867286,65.52940203030388,False,4.274382716414499,21.763479836543077,False,False,False,정상,
602,3.5432000004220754,external,external,normal,2022-07-12 00:02:11.024,2022-07-12 00:02:11.024,True,0,0,0,16,external_16,False,0.1,0.015074,0.161394,-103.32526,9.19811622643579,67.5011746172138,False,7.424661086683864,65.52940203030388,False,3.8107336819212088,21.763479836543077,False,False,False,정상,
603,3.3172000003105495,external,external,normal,2022-07-12 00:02:11.124,2022-07-12 00:02:11.124,True,0,0,0,16,external_16,False,0.1,-0.030714,0.001324,-154.77397,6.198780707460882,67.5011746172138,False,5.88466681248668,65.52940203030388,False,3.9739356150645726,21.763479836543077,False,False,False,정상,
604,3.4164999997301493,external,external,normal,2022-07-12 00:02:11.224,2022-07-12 00:02:11.224,True,0,0,0,16,external_16,False,0.1,0.093548,-0.077002,-161.76464,8.004890102118905,67.5011746172138,False,3.654905427850834,65.52940203030388,False,4.574592690707253,21.763479836543077,False,False,False,정상,
605,3.564599999663187,external,external,normal,2022-07-12 00:02:11.324,2022-07-12 00:02:11.324,True,0,0,0,16,external_16,False,0.1,0.063814,-0.078886,-142.97547,13.100463668316568,67.5011746172138,False,5.4439865434791415,65.52940203030388,False,5.098043040470821,21.763479836543077,False,False,False,정상,
606,3.4896999968623277,external,external,normal,2022-07-12 00:02:11.424,2022-07-12 00:02:11.424,True,0,0,0,16,external_16,False,0.1,-0.146404,-0.085028,-115.12579,8.894111961847438,67.5011746172138,False,6.03268302172444,65.52940203030388,False,5.972945066635844,21.763479836543077,False,False,False,정상,
607,3.4625999978743494,external,external,normal,2022-07-12 00:02:11.524,2022-07-12 00:02:11.524,True,0,0,0,16,external_16,False,0.1,0.036918,0.129469,-70.566663,6.25974481578366,67.5011746172138,False,5.509664618807873,65.52940203030388,False,6.325894100262654,21.763479836543077,False,False,False,정상,
608,3.4328000001551118,external,external,normal,2022-07-12 00:02:11.624,2022-07-12 00:02:11.624,True,0,0,0,16,external_16,False,0.1,0.049463,0.158408,-22.501471,7.287435944198531,67.5011746172138,False,7.14597438030235,65.52940203030388,False,5.840194122347726,21.763479836543077,False,False,False,정상,
609,3.3528000021760818,external,external,normal,2022-07-12 00:02:11.724,2022-07-12 00:02:11.724,True,0,0,0,16,external_16,False,0.1,-0.033756,-0.053648,38.611893,4.982487202754875,67.5011746172138,False,7.48260833587128,65.52940203030388,False,4.887466772713737,21.763479836543077,False,False,False,정상,
610,3.519800000503892,external,external,normal,2022-07-12 00:02:11.824,2022-07-12 00:02:11.824,True,0,0,0,16,external_16,False,0.1,0.1809,-0.052774,87.096582,13.36286219091511,67.5011746172138,False,14.098198209391416,65.52940203030388,False,6.133911081799606,21.763479836543077,False,False,False,정상,
611,3.767800000787247,external,external,normal,2022-07-12 00:02:11.924,2022-07-12 00:02:11.924,True,0,0,0,16,external_16,False,0.1,-0.075888,-0.126105,140.24843,7.88718477980722,67.5011746172138,False,8.04410618820539,65.52940203030388,False,7.798649019350776,21.763479836543077,False,False,False,정상,
612,3.3937999978661537,external,external,normal,2022-07-12 00:02:12.024,2022-07-12 00:02:12.024,True,0,0,0,16,external_16,False,0.1,-0.136095,-0.033008,165.50436,10.466173870914975,67.5011746172138,False,8.89371582236188,65.52940203030388,False,8.192937703494453,21.763479836543077,False,False,False,정상,
613,3.3011999985319562,external,external,normal,2022-07-12 00:02:12.124,2022-07-12 00:02:12.124,True,0,0,0,16,external_16,False,0.1,0.133602,0.247089,150.59676,8.70654201823068,67.5011746172138,False,8.937393131356133,65.52940203030388,False,7.926745122126605,21.763479836543077,False,False,False,정상,
614,3.424900001846254,external,external,normal,2022-07-12 00:02:12.224,2022-07-12 00:02:12.224,True,0,0,0,16,external_16,False,0.1,-0.068021,0.044751,128.50739,17.888879432453066,67.5011746172138,False,8.822553767797844,65.52940203030388,False,8.046819454243959,21.763479836543077,False,False,False,정상,
615,3.9964000025065616,external,external,normal,2022-07-12 00:02:12.324,2022-07-12 00:02:12.324,True,0,0,0,16,external_16,False,0.1,0.026416,-0.129817,86.720477,13.186491512971005,67.5011746172138,False,8.24469704289951,65.52940203030388,False,8.66084579522032,21.763479836543077,False,False,False,정상,
616,4.031899999972666,external,external,normal,2022-07-12 00:02:12.424,2022-07-12 00:02:12.424,True,0,0,0,16,external_16,False,0.1,0.138166,-0.074833,42.247777,10.62150235550365,67.5011746172138,False,10.247892752916213,65.52940203030388,False,8.288022153870939,21.763479836543077,False,False,False,정상,
617,3.490899998723762,external,external,normal,2022-07-12 00:02:12.524,2022-07-12 00:02:12.524,True,0,0,0,16,external_16,False,0.1,-0.139433,-0.108382,-16.480448,10.311444727966412,67.5011746172138,False,13.67951649837143,65.52940203030388,False,8.137460126503072,21.763479836543077,False,False,False,정상,
618,3.3689000010781456,external,external,normal,2022-07-12 00:02:12.624,2022-07-12 00:02:12.624,True,0,0,0,16,external_16,False,0.1,0.012894,0.098894,-69.056042,8.94388560742168,67.5011746172138,False,9.994056695683925,65.52940203030388,False,7.468915858742068,21.763479836543077,False,False,False,정상,
619,3.4606000008352567,external,external,normal,2022-07-12 00:02:12.724,2022-07-12 00:02:12.724,True,0,0,0,16,external_16,False,0.1,0.065074,0.195988,-118.97375,12.674005945729581,67.5011746172138,False,10.749016305225084,65.52940203030388,False,6.307420659633589,21.763479836543077,False,False,False,정상,
620,3.4759000009216834,external,external,normal,2022-07-12 00:02:12.824,2022-07-12 00:02:12.824,True,0,0,0,16,external_16,False,0.1,-0.085879,-0.054057,-160.10811,8.070055302280505,67.5011746172138,False,7.4655729383712925,65.52940203030388,False,5.700993986045478,21.763479836543077,False,False,False,정상,
621,0.8429999979853164,external,external,normal,2022-07-12 00:02:15.921,2022-07-12 00:02:15.921,True,0,0,0,17,external_17,True,3.097,-0.015814,0.060282,107.49937,0.0,67.5011746172138,False,0.0,65.52940203030388,False,0.0,21.763479836543077,False,False,False,정상,
622,0.6921999993210193,external,external,normal,2022-07-12 00:02:16.021,2022-07-12 00:02:16.021,True,0,0,0,17,external_17,False,0.1,-0.051078,0.05683,111.74239,0.0,67.5011746172138,False,0.0,65.52940203030388,False,0.0,21.763479836543077,False,False,False,정상,
623,0.705099999322556,external,external,normal,2022-07-12 00:02:16.121,2022-07-12 00:02:16.121,True,0,0,0,17,external_17,False,0.1,-0.090303,-0.033246,99.354517,0.0,67.5011746172138,False,0.0,65.52940203030388,False,2.8133989484660114,21.763479836543077,False,False,False,정상,
624,0.6941999999980908,external,external,normal,2022-07-12 00:02:16.221,2022-07-12 00:02:16.221,True,0,0,0,17,external_17,False,0.1,-0.057924,0.031513,79.63098,0.0,67.5011746172138,False,0.0,65.52940203030388,False,3.428226139595658,21.763479836543077,False,False,False,정상,
625,2.2467000017059036,external,external,normal,2022-07-12 00:02:16.321,2022-07-12 00:02:16.321,True,0,0,0,17,external_17,False,0.1,-0.038703,0.011815,45.654541,13.090655346246372,67.5011746172138,False,0.0,65.52940203030388,False,3.61200300694628,21.763479836543077,False,False,False,정상,
626,2.2807999994256534,external,external,normal,2022-07-12 00:02:16.421,2022-07-12 00:02:16.421,True,0,0,0,17,external_17,False,0.1,0.012103,-0.111436,5.530596,10.745225650133143,67.5011746172138,False,0.0,65.52940203030388,False,3.4316631237775237,21.763479836543077,False,False,False,정상,
627,2.1495999972103164,external,external,normal,2022-07-12 00:02:16.521,2022-07-12 00:02:16.521,True,0,0,0,17,external_17,False,0.1,0.055916,-0.028728,-40.226345,10.9299958342391,67.5011746172138,False,0.0,65.52940203030388,False,3.453381598714276,21.763479836543077,False,False,False,정상,
628,2.64690000039991,external,external,normal,2022-07-12 00:02:16.621,2022-07-12 00:02:16.621,True,0,0,0,17,external_17,False,0.1,0.032357,-0.06658,-91.031324,12.632333107137713,67.5011746172138,False,0.0,65.52940203030388,False,3.4814304740646143,21.763479836543077,False,False,False,정상,
629,2.3575999985041562,external,external,normal,2022-07-12 00:02:16.721,2022-07-12 00:02:16.721,True,0,0,0,17,external_17,False,0.1,0.011399,-0.104375,-104.75887,14.149793410112657,67.5011746172138,False,0.0,65.52940203030388,False,3.0862141968992067,21.763479836543077,False,False,False,정상,
630,4.1894999994838145,external,external,normal,2022-07-12 00:02:16.821,2022-07-12 00:02:16.821,True,0,0,0,17,external_17,False,0.1,-0.023069,0.039074,-109.94698,11.642930152061478,67.5011746172138,False,14.840406591507653,65.52940203030388,False,2.9156851151801426,21.763479836543077,False,False,False,정상,
631,3.657000001112465,external,external,normal,2022-07-12 00:02:16.921,2022-07-12 00:02:16.921,True,0,0,0,17,external_17,False,0.1,-0.053292,-0.013628,-104.4047,8.403387620442032,67.5011746172138,False,13.781831128806251,65.52940203030388,False,2.667844008982319,21.763479836543077,False,False,False,정상,
632,3.483699998469092,external,external,normal,2022-07-12 00:02:17.021,2022-07-12 00:02:17.021,True,0,0,0,17,external_17,False,0.1,-0.030608,-0.040161,-85.991512,19.137002509072644,67.5011746172138,False,11.70345947329829,65.52940203030388,False,2.6994282915398435,21.763479836543077,False,False,False,정상,
633,3.714000002219109,external,external,normal,2022-07-12 00:02:17.121,2022-07-12 00:02:17.121,True,0,0,0,17,external_17,False,0.1,-0.053746,0.031603,-58.601148,11.343323735651254,67.5011746172138,False,12.295867010336615,65.52940203030388,False,2.6173216904327057,21.763479836543077,False,False,False,정상,
634,3.6392000001796987,external,external,normal,2022-07-12 00:02:17.221,2022-07-12 00:02:17.221,True,0,0,0,17,external_17,False,0.1,-0.083764,-0.070724,-17.362597,9.835118268371904,67.5011746172138,False,12.150278544271927,65.52940203030388,False,3.1790868578337004,21.763479836543077,False,False,False,정상,
635,3.5000000025320332,external,external,normal,2022-07-12 00:02:17.321,2022-07-12 00:02:17.321,True,0,0,0,17,external_17,False,0.1,-0.031652,-0.075855,23.230555,9.648989006962024,67.5011746172138,False,17.927006272574488,65.52940203030388,False,3.374550292844933,21.763479836543077,False,False,False,정상,
636,3.464400000666501,external,external,normal,2022-07-12 00:02:17.421,2022-07-12 00:02:17.421,True,0,0,0,17,external_17,False,0.1,-0.023001,0.032023,78.032741,9.914866736445713,67.5011746172138,False,11.825203143957532,65.52940203030388,False,3.3435096214456412,21.763479836543077,False,False,False,정상,
637,3.583599998819409,external,external,normal,2022-07-12 00:02:17.521,2022-07-12 00:02:17.521,True,0,0,0,17,external_17,False,0.1,0.051147,0.022691,104.62774,7.387067647079072,67.5011746172138,False,6.114040770106102,65.52940203030388,False,2.8299638167640544,21.763479836543077,False,False,False,정상,
638,4.054699998960132,external,external,normal,2022-07-12 00:02:17.621,2022-07-12 00:02:17.621,True,0,0,0,17,external_17,False,0.1,0.058981,0.009487,108.81115,10.067266714512046,67.5011746172138,False,7.43253572468613,65.52940203030388,False,2.4270358282010562,21.763479836543077,False,False,False,정상,
639,3.7503999992622994,external,external,normal,2022-07-12 00:02:17.721,2022-07-12 00:02:17.721,True,0,0,0,17,external_17,False,0.1,-0.068142,-0.063912,109.74504,6.377901338216018,67.5011746172138,False,10.409029697375797,65.52940203030388,False,2.3960298303828123,21.763479836543077,False,False,False,정상,
640,3.6575000012817327,external,external,normal,2022-07-12 00:02:17.821,2022-07-12 00:02:17.821,True,0,0,0,17,external_17,False,0.1,-0.060671,-0.056362,92.885625,11.931210367244178,67.5011746172138,False,10.417491376032185,65.52940203030388,False,2.6013770803929215,21.763479836543077,False,False,False,정상,
641,3.7182999985816423,external,external,normal,2022-07-12 00:02:17.921,2022-07-12 00:02:17.921,True,0,0,0,17,external_17,False,0.1,-0.064951,0.097339,70.740708,10.547786990358313,67.5011746172138,False,5.7856935236948965,65.52940203030388,False,3.3205728866187783,21.763479836543077,False,False,False,정상,
642,3.8555999999516644,external,external,normal,2022-07-12 00:02:18.021,2022-07-12 00:02:18.021,True,0,0,0,17,external_17,False,0.1,-0.050283,0.016424,31.138066,5.939419776899384,67.5011746172138,False,6.522843366551156,65.52940203030388,False,3.9457093966901504,21.763479836543077,False,False,False,정상,
643,3.699700002471218,external,external,normal,2022-07-12 00:02:18.121,2022-07-12 00:02:18.121,True,0,0,0,17,external_17,False,0.1,0.022253,-0.084257,-7.99203,9.945709059931769,67.5011746172138,False,14.213395804631423,65.52940203030388,False,4.095004206491904,21.763479836543077,False,False,False,정상,
644,3.449799998634262,external,external,normal,2022-07-12 00:02:18.221,2022-07-12 00:02:18.221,True,0,0,0,17,external_17,False,0.1,-0.04707,0.0101,-59.295781,12.081085146363737,67.5011746172138,False,6.737438481851217,65.52940203030388,False,3.85800743789639,21.763479836543077,False,False,False,정상,
645,3.573900001356378,external,external,normal,2022-07-12 00:02:18.321,2022-07-12 00:02:18.321,True,0,0,0,17,external_17,False,0.1,-0.041461,-0.007724,-99.960577,13.239391350165137,67.5011746172138,False,6.888498902255554,65.52940203030388,False,3.2526126925094547,21.763479836543077,False,False,False,정상,
646,3.7358999979915097,external,external,normal,2022-07-12 00:02:18.421,2022-07-12 00:02:18.421,True,0,0,0,17,external_17,False,0.1,0.030007,-0.061925,-105.74294,13.690529807582752,67.5011746172138,False,7.083535325678692,65.52940203030388,False,2.9741261289878196,21.763479836543077,False,False,False,정상,
647,3.6700999989989214,external,external,normal,2022-07-12 00:02:18.521,2022-07-12 00:02:18.521,True,0,0,0,17,external_17,False,0.1,-0.050941,-0.018464,-110.52741,11.80002187102598,67.5011746172138,False,9.216966644669235,65.52940203030388,False,2.622966820594574,21.763479836543077,False,False,False,정상,
648,4.016099999716971,external,external,normal,2022-07-12 00:02:18.621,2022-07-12 00:02:18.621,True,0,0,0,17,external_17,False,0.1,0.022764,0.027721,-98.385107,8.613633758735366,67.5011746172138,False,11.46496397546838,65.52940203030388,False,2.4961604465439224,21.763479836543077,False,False,False,정상,
649,3.4470999999030028,external,external,normal,2022-07-12 00:02:18.721,2022-07-12 00:02:18.721,True,0,0,0,17,external_17,False,0.1,0.124012,0.049099,-78.991303,16.235952889730232,67.5011746172138,False,9.708719425787457,65.52940203030388,False,3.0346501012964313,21.763479836543077,False,False,False,정상,
650,3.4206000018457416,external,external,normal,2022-07-12 00:02:18.821,2022-07-12 00:02:18.821,True,0,0,0,17,external_17,False,0.1,0.040214,-0.046201,-45.008784,7.278061385032554,67.5011746172138,False,12.571162807491824,65.52940203030388,False,3.6799390781198262,21.763479836543077,False,False,False,정상,
651,3.917800000635907,external,external,normal,2022-07-12 00:02:18.921,2022-07-12 00:02:18.921,True,0,0,0,17,external_17,False,0.1,0.041894,-0.050606,-4.441023,7.4540747236557605,67.5011746172138,False,13.070974279390573,65.52940203030388,False,3.686146241436488,21.763479836543077,False,False,False,정상,
652,3.473099997790996,external,external,normal,2022-07-12 00:02:19.021,2022-07-12 00:02:19.021,True,0,0,0,17,external_17,False,0.1,0.011161,0.101415,40.711646,8.309463453842376,67.5011746172138,False,8.753874433511497,65.52940203030388,False,3.6372777659883027,21.763479836543077,False,False,False,정상,
653,3.4605000000738073,external,external,normal,2022-07-12 00:02:19.121,2022-07-12 00:02:19.121,True,0,0,0,17,external_17,False,0.1,-0.047717,0.036406,92.656981,10.966226283790885,67.5011746172138,False,6.964409479653967,65.52940203030388,False,3.359454683563026,21.763479836543077,False,False,False,정상,
654,3.5320999995747115,external,external,normal,2022-07-12 00:02:19.221,2022-07-12 00:02:19.221,True,0,0,0,17,external_17,False,0.1,-0.003962,-0.037073,106.56537,8.488364259005957,67.5011746172138,False,4.262114521703914,65.52940203030388,False,3.494978882690217,21.763479836543077,False,False,False,정상,
655,3.4507999989727978,external,external,normal,2022-07-12 00:02:19.321,2022-07-12 00:02:19.321,True,0,0,0,17,external_17,False,0.1,-0.013135,0.057137,110.87014,8.246002454733404,67.5011746172138,False,7.4813746253183915,65.52940203030388,False,2.722625951613885,21.763479836543077,False,False,False,정상,
656,3.629499999078689,external,external,normal,2022-07-12 00:02:19.421,2022-07-12 00:02:19.421,True,0,0,0,17,external_17,False,0.1,0.002078,-0.035597,105.1649,6.552144206687856,67.5011746172138,False,6.380389116422809,65.52940203030388,False,2.300945937914171,21.763479836543077,False,False,False,정상,
657,0.68450000253506,external,external,normal,2022-07-12 00:02:23.876,2022-07-12 00:02:23.876,True,0,0,0,18,external_18,True,4.455,-0.069756,0.045726,116.5718,0.0,67.5011746172138,False,0.0,65.52940203030388,False,0.0,21.763479836543077,False,False,False,정상,
658,0.773199997638585,external,external,normal,2022-07-12 00:02:23.976,2022-07-12 00:02:23.976,True,0,0,0,18,external_18,False,0.1,0.063566,0.172077,76.538214,0.0,67.5011746172138,False,0.0,65.52940203030388,False,0.0,21.763479836543077,False,False,False,정상,
659,0.7138000000850298,external,external,normal,2022-07-12 00:02:24.076,2022-07-12 00:02:24.076,True,0,0,0,18,external_18,False,0.1,-0.073082,0.007182,33.538584,0.0,67.5011746172138,False,0.0,65.52940203030388,False,4.569099322812229,21.763479836543077,False,False,False,정상,
660,0.9558000019751489,external,external,normal,2022-07-12 00:02:24.176,2022-07-12 00:02:24.176,True,0,0,0,18,external_18,False,0.1,0.053995,-0.075969,-25.132421,0.0,67.5011746172138,False,0.0,65.52940203030388,False,5.2767633328001295,21.763479836543077,False,False,False,정상,
661,2.262400001200149,external,external,normal,2022-07-12 00:02:24.276,2022-07-12 00:02:24.276,True,0,0,0,18,external_18,False,0.1,0.076156,-0.094282,-70.560941,9.304924498715776,67.5011746172138,False,0.0,65.52940203030388,False,5.290537316754836,21.763479836543077,False,False,False,정상,
662,2.17519999932847,external,external,normal,2022-07-12 00:02:24.376,2022-07-12 00:02:24.376,True,0,0,0,18,external_18,False,0.1,-0.178554,-0.101185,-119.46334,9.984425861476216,67.5011746172138,False,0.0,65.52940203030388,False,6.431213010534619,21.763479836543077,False,False,False,정상,
663,2.6242999992973637,external,external,normal,2022-07-12 00:02:24.476,2022-07-12 00:02:24.476,True,0,0,0,18,external_18,False,0.1,-0.002579,0.1065,-150.6324,7.484743133855285,67.5011746172138,False,0.0,65.52940203030388,False,6.926964765667626,21.763479836543077,False,False,False,정상,
664,2.2678999994241167,external,external,normal,2022-07-12 00:02:24.576,2022-07-12 00:02:24.576,True,0,0,0,18,external_18,False,0.1,0.03533,0.14601,-139.10212,6.68334244252423,67.5011746172138,False,0.0,65.52940203030388,False,6.487317339116082,21.763479836543077,False,False,False,정상,
665,2.3652000018046238,external,external,normal,2022-07-12 00:02:24.676,2022-07-12 00:02:24.676,True,0,0,0,18,external_18,False,0.1,-0.061854,-0.035734,-123.86157,9.674628221628792,67.5011746172138,False,0.0,65.52940203030388,False,4.967663365390639,21.763479836543077,False,False,False,정상,
666,3.84959999792045,external,external,normal,2022-07-12 00:02:24.776,2022-07-12 00:02:24.776,True,0,0,0,18,external_18,False,0.1,0.145332,-0.056238,-88.360439,19.158923374371398,67.5011746172138,False,8.985609785410341,65.52940203030388,False,5.638213498082579,21.763479836543077,False,False,False,정상,
667,3.9345999975921586,external,external,normal,2022-07-12 00:02:24.876,2022-07-12 00:02:24.876,True,0,0,0,18,external_18,False,0.1,-0.01459,-0.083077,-47.75334,6.387863653500611,67.5011746172138,False,8.839546148219661,65.52940203030388,False,6.611898609226839,21.763479836543077,False,False,False,정상,
668,4.395799998746952,external,external,normal,2022-07-12 00:02:24.976,2022-07-12 00:02:24.976,True,0,0,0,18,external_18,False,0.1,-0.138886,-0.024516,6.031752,7.759116350166467,67.5011746172138,False,9.760874370562528,65.52940203030388,False,6.7440463024050885,21.763479836543077,False,False,False,정상,
669,3.705800001625903,external,external,normal,2022-07-12 00:02:25.076,2022-07-12 00:02:25.076,True,0,0,0,18,external_18,False,0.1,0.038305,0.154933,57.197578,8.65598427104711,67.5011746172138,False,9.483670138296448,65.52940203030388,False,5.657713953411604,21.763479836543077,False,False,False,정상,
670,3.9056999994500075,external,external,normal,2022-07-12 00:02:25.176,2022-07-12 00:02:25.176,True,0,0,0,18,external_18,False,0.1,-0.05016,0.044966,102.07189,13.435824141612523,67.5011746172138,False,8.675593095220997,65.52940203030388,False,5.106019434330693,21.763479836543077,False,False,False,정상,
671,4.086299999471521,external,external,normal,2022-07-12 00:02:25.276,2022-07-12 00:02:25.276,True,0,0,0,18,external_18,False,0.1,0.037703,-0.109598,146.90985,4.746347829825153,67.5011746172138,False,9.16549596326759,65.52940203030388,False,5.447658445233098,21.763479836543077,False,False,False,정상,
672,3.7561999997706152,external,external,normal,2022-07-12 00:02:25.376,2022-07-12 00:02:25.376,True,0,0,0,18,external_18,False,0.1,0.148057,-0.084405,145.28694,16.107654781115258,67.5011746172138,False,10.60841562181976,65.52940203030388,False,6.177687596123271,21.763479836543077,False,False,False,정상,
673,3.6103000020375475,external,external,normal,2022-07-12 00:02:25.476,2022-07-12 00:02:25.476,True,0,0,0,18,external_18,False,0.1,-0.06484,-0.035518,131.60445,7.970692736765911,67.5011746172138,False,8.113965025827122,65.52940203030388,False,7.4213243422907675,21.763479836543077,False,False,False,정상,
674,3.644100001110928,external,external,normal,2022-07-12 00:02:25.576,2022-07-12 00:02:25.576,True,0,0,0,18,external_18,False,0.1,-0.02801,0.102436,103.94479,26.99744344870402,67.5011746172138,False,8.592074884267639,65.52940203030388,False,6.625623987759277,21.763479836543077,False,False,False,정상,
675,3.605400001106318,external,external,normal,2022-07-12 00:02:25.676,2022-07-12 00:02:25.676,True,0,0,0,18,external_18,False,0.1,-0.034356,0.126493,63.487418,13.560027059869094,67.5011746172138,False,11.664491394265085,65.52940203030388,False,5.44199429094802,21.763479836543077,False,False,False,정상,
676,3.4379999997327104,external,external,normal,2022-07-12 00:02:25.776,2022-07-12 00:02:25.776,True,0,0,0,18,external_18,False,0.1,-0.119233,-0.025516,15.77151,14.833865707228453,67.5011746172138,False,9.930677747173272,65.52940203030388,False,4.807659853339401,21.763479836543077,False,False,False,정상,
677,3.575400001864182,external,external,normal,2022-07-12 00:02:25.876,2022-07-12 00:02:25.876,True,0,0,0,18,external_18,False,0.1,0.111987,-0.072098,-40.712957,9.640182300426648,67.5011746172138,False,12.582311635875133,65.52940203030388,False,6.786975006227135,21.763479836543077,False,False,False,정상,
678,3.441100001509767,external,external,normal,2022-07-12 00:02:25.976,2022-07-12 00:02:25.976,True,0,0,0,18,external_18,False,0.1,0.054494,-0.101003,-83.248983,14.111730539990528,67.5011746172138,False,11.753877682866564,65.52940203030388,False,7.240373520508288,21.763479836543077,False,False,False,정상,
679,4.116399999475107,external,external,normal,2022-07-12 00:02:26.076,2022-07-12 00:02:26.076,True,0,0,0,18,external_18,False,0.1,-0.042258,-0.035597,-133.21687,11.46224932613011,67.5011746172138,False,13.954100244561982,65.52940203030388,False,6.52085347414787,21.763479836543077,False,False,False,정상,
680,4.079899998032488,external,external,normal,2022-07-12 00:02:26.176,2022-07-12 00:02:26.176,True,0,0,0,18,external_18,False,0.1,0.12082,0.144284,-146.63388,7.437794763903868,67.5011746172138,False,8.877732074838605,65.52940203030388,False,5.106043912743495,21.763479836543077,False,False,False,정상,
681,3.6217000015312806,external,external,normal,2022-07-12 00:02:26.276,2022-07-12 00:02:26.276,True,0,0,0,18,external_18,False,0.1,-0.053487,0.071646,-133.25943,8.1646963598211,67.5011746172138,False,8.773627938760116,65.52940203030388,False,5.5123600338573615,21.763479836543077,False,False,False,정상,
682,3.5691999983100686,external,external,normal,2022-07-12 00:02:26.376,2022-07-12 00:02:26.376,True,0,0,0,18,external_18,False,0.1,-0.059572,-0.048983,-114.29418,8.33625214732731,67.5011746172138,False,5.117317395720224,65.52940203030388,False,5.549195805214084,21.763479836543077,False,False,False,정상,
683,3.595799997128779,external,external,normal,2022-07-12 00:02:26.476,2022-07-12 00:02:26.476,True,0,0,0,18,external_18,False,0.1,0.107764,-0.041773,-75.591454,8.463169938843178,67.5011746172138,False,8.419294321678437,65.52940203030388,False,5.8867612503470985,21.763479836543077,False,False,False,정상,
684,3.6242999995010905,external,external,normal,2022-07-12 00:02:26.576,2022-07-12 00:02:26.576,True,0,0,0,18,external_18,False,0.1,-0.114828,-0.068181,-33.825998,6.749327559683189,67.5011746172138,False,6.465005160041276,65.52940203030388,False,5.87513724885816,21.763479836543077,False,False,False,정상,
685,3.643300002295291,external,external,normal,2022-07-12 00:02:26.676,2022-07-12 00:02:26.676,True,0,0,0,18,external_18,False,0.1,-0.039181,0.059997,23.183706,6.901452785190672,67.5011746172138,False,10.544732560622379,65.52940203030388,False,5.714011208884446,21.763479836543077,False,False,False,정상,
686,3.7897000001976267,external,external,normal,2022-07-12 00:02:26.776,2022-07-12 00:02:26.776,True,0,0,0,18,external_18,False,0.1,0.097694,0.129093,67.998537,6.325106277896543,67.5011746172138,False,8.721237890180728,65.52940203030388,False,4.96329065679796,21.763479836543077,False,False,False,정상,
687,3.75269999858574,external,external,normal,2022-07-12 00:02:26.876,2022-07-12 00:02:26.876,True,0,0,0,18,external_18,False,0.1,-0.075887,-0.054898,117.24831,7.103937240503361,67.5011746172138,False,6.9840652802927154,65.52940203030388,False,4.591399402484328,21.763479836543077,False,False,False,정상,
688,3.547600001184037,external,external,normal,2022-07-12 00:02:26.976,2022-07-12 00:02:26.976,True,0,0,0,18,external_18,False,0.1,0.123159,-0.088912,149.11248,8.227777769904135,67.5011746172138,False,6.3604449109157155,65.52940203030388,False,6.190028431141005,21.763479836543077,False,False,False,정상,
689,3.448499999649357,external,external,normal,2022-07-12 00:02:27.076,2022-07-12 00:02:27.076,True,0,0,0,18,external_18,False,0.1,0.109024,-0.05483,138.68822,10.399754419531686,67.5011746172138,False,8.728502924716075,65.52940203030388,False,7.401429317505325,21.763479836543077,False,False,False,정상,
690,3.849900000204798,external,external,normal,2022-07-12 00:02:27.176,2022-07-12 00:02:27.176,True,0,0,0,18,external_18,False,0.1,-0.147753,-0.049641,124.68792,11.824808575656867,67.5011746172138,False,8.47778155744581,65.52940203030388,False,8.436774051950978,21.763479836543077,False,False,False,정상,
691,3.537799999321578,external,external,normal,2022-07-12 00:02:27.276,2022-07-12 00:02:27.276,True,0,0,0,18,external_18,False,0.1,0.014554,0.130058,90.803634,13.711100165561835,67.5011746172138,False,6.425370817848786,65.52940203030388,False,7.478202213925466,21.763479836543077,False,False,False,정상,
692,3.562199999578297,external,external,normal,2022-07-12 00:02:27.376,2022-07-12 00:02:27.376,True,0,0,0,18,external_18,False,0.1,-0.03447,0.127935,51.775223,14.433433637291023,67.5011746172138,False,9.29430203574136,65.52940203030388,False,6.422305538569255,21.763479836543077,False,False,False,정상,
693,0.7936000001791399,external,external,normal,2022-07-12 00:02:31.936,2022-07-12 00:02:31.936,True,0,0,0,19,external_19,True,4.5600000000000005,0.014694,0.033407,19.282701,0.0,67.5011746172138,False,0.0,65.52940203030388,False,0.0,21.763479836543077,False,False,False,정상,
694,0.8801000003586523,external,external,normal,2022-07-12 00:02:32.036,2022-07-12 00:02:32.036,True,0,0,0,19,external_19,False,0.1,0.072368,-0.040582,-21.3784,0.0,67.5011746172138,False,0.0,65.52940203030388,False,0.0,21.763479836543077,False,False,False,정상,
695,0.755199998820899,external,external,normal,2022-07-12 00:02:32.136,2022-07-12 00:02:32.136,True,0,0,0,19,external_19,False,0.1,-0.123555,-0.093897,-70.007213,0.0,67.5011746172138,False,0.0,65.52940203030388,False,3.1036097112663605,21.763479836543077,False,False,False,정상,
696,0.8014000013645273,external,external,normal,2022-07-12 00:02:32.236,2022-07-12 00:02:32.236,True,0,0,0,19,external_19,False,0.1,-0.012406,0.006579,-108.78481,0.0,67.5011746172138,False,0.0,65.52940203030388,False,4.368160040831406,21.763479836543077,False,False,False,정상,
697,2.33979999757139,external,external,normal,2022-07-12 00:02:32.336,2022-07-12 00:02:32.336,True,0,0,0,19,external_19,False,0.1,0.085039,0.058407,-109.62154,8.374245342176863,67.5011746172138,False,0.0,65.52940203030388,False,4.17803642599662,21.763479836543077,False,False,False,정상,
698,2.2016000002622604,external,external,normal,2022-07-12 00:02:32.436,2022-07-12 00:02:32.436,True,0,0,0,19,external_19,False,0.1,-0.075224,-0.043103,-110.03651,8.800464595179356,67.5011746172138,False,0.0,65.52940203030388,False,3.4943455376954424,21.763479836543077,False,False,False,정상,
699,2.186100002290914,external,external,normal,2022-07-12 00:02:32.536,2022-07-12 00:02:32.536,True,0,0,0,19,external_19,False,0.1,0.079907,-0.019477,-94.730746,13.396525162214358,67.5011746172138,False,0.0,65.52940203030388,False,3.64019336526243,21.763479836543077,False,False,False,정상,
700,2.4730000004637986,external,external,normal,2022-07-12 00:02:32.636,2022-07-12 00:02:32.636,True,0,0,0,19,external_19,False,0.1,0.091397,0.054195,-72.536,11.498234718665858,67.5011746172138,False,0.0,65.52940203030388,False,4.402744059588671,21.763479836543077,False,False,False,정상,
701,2.554200000304263,external,external,normal,2022-07-12 00:02:32.736,2022-07-12 00:02:32.736,True,0,0,0,19,external_19,False,0.1,0.012253,0.025709,-35.240654,7.474883777157155,67.5011746172138,False,0.0,65.52940203030388,False,4.32354183274453,21.763479836543077,False,False,False,정상,
702,3.477099999145139,external,external,normal,2022-07-12 00:02:32.836,2022-07-12 00:02:32.836,True,0,0,0,19,external_19,False,0.1,0.130009,0.000108,8.630754,9.951557994818874,67.5011746172138,False,22.27571437396573,65.52940203030388,False,4.2110446873375205,21.763479836543077,False,False,False,정상,
703,3.477599999314407,external,external,normal,2022-07-12 00:02:32.936,2022-07-12 00:02:32.936,True,0,0,0,19,external_19,False,0.1,-0.051087,-0.025925,52.055723,10.39635462652897,67.5011746172138,False,11.477268162749146,65.52940203030388,False,4.454536508298447,21.763479836543077,False,False,False,정상,
704,3.884399997332366,external,external,normal,2022-07-12 00:02:33.036,2022-07-12 00:02:33.036,True,0,0,0,19,external_19,False,0.1,-0.064643,-0.007238,102.44192,11.684500737429868,67.5011746172138,False,10.56021332672705,65.52940203030388,False,4.334240838352538,21.763479836543077,False,False,False,정상,
705,3.848899999866262,external,external,normal,2022-07-12 00:02:33.136,2022-07-12 00:02:33.136,True,0,0,0,19,external_19,False,0.1,0.119916,0.011155,112.58317,11.299769335788099,67.5011746172138,False,11.318546178195009,65.52940203030388,False,4.64678074251962,21.763479836543077,False,False,False,정상,
706,3.870900000038091,external,external,normal,2022-07-12 00:02:33.236,2022-07-12 00:02:33.236,True,0,0,0,19,external_19,False,0.1,0.003272,-0.004172,111.86577,15.70475909283822,67.5011746172138,False,13.029587096422166,65.52940203030388,False,4.071350177975909,21.763479836543077,False,False,False,정상,
707,3.5997000013594516,external,external,normal,2022-07-12 00:02:33.336,2022-07-12 00:02:33.336,True,0,0,0,19,external_19,False,0.1,0.073492,0.019942,102.99267,12.344037893496775,67.5011746172138,False,12.156490273091798,65.52940203030388,False,3.926575450020169,21.763479836543077,False,False,False,정상,
708,3.8421000026573893,external,external,normal,2022-07-12 00:02:33.436,2022-07-12 00:02:33.436,True,0,0,0,19,external_19,False,0.1,0.111639,0.007431,80.467949,17.272275948666127,67.5011746172138,False,12.630921382315767,65.52940203030388,False,3.6218263358724756,21.763479836543077,False,False,False,정상,
709,3.716600000188919,external,external,normal,2022-07-12 00:02:33.536,2022-07-12 00:02:33.536,True,0,0,0,19,external_19,False,0.1,-0.111271,0.030955,50.120717,16.5829224140783,67.5011746172138,False,11.699265652345836,65.52940203030388,False,5.069608917540724,21.763479836543077,False,False,False,정상,
710,3.7670999990950804,external,external,normal,2022-07-12 00:02:33.636,2022-07-12 00:02:33.636,True,0,0,0,19,external_19,False,0.1,-0.000463,0.048813,4.177929,12.224631177244467,67.5011746172138,False,13.396914184554308,65.52940203030388,False,5.495674183925931,21.763479836543077,False,False,False,정상,
711,3.667899996798951,external,external,normal,2022-07-12 00:02:33.736,2022-07-12 00:02:33.736,True,0,0,0,19,external_19,False,0.1,0.017146,-0.003559,-35.688047,12.95415001142605,67.5011746172138,False,13.583540093899169,65.52940203030388,False,4.633818903011641,21.763479836543077,False,False,False,정상,
712,3.8785999968240503,external,external,normal,2022-07-12 00:02:33.836,2022-07-12 00:02:33.836,True,0,0,0,19,external_19,False,0.1,-0.031412,0.052242,-87.432037,13.930396033927238,67.5011746172138,False,10.585478947286722,65.52940203030388,False,2.9100418340448173,21.763479836543077,False,False,False,정상,
713,3.772100000787759,external,external,normal,2022-07-12 00:02:33.936,2022-07-12 00:02:33.936,True,0,0,0,19,external_19,False,0.1,0.214148,0.062188,-111.32099,19.559011424530365,67.5011746172138,False,16.973256403528815,65.52940203030388,False,4.894615772567611,21.763479836543077,False,False,False,정상,
714,3.8688999993610196,external,external,normal,2022-07-12 00:02:34.036,2022-07-12 00:02:34.036,True,0,0,0,19,external_19,False,0.1,0.084312,-0.034996,-109.66386,15.268354953105321,67.5011746172138,False,17.413814429287868,65.52940203030388,False,7.157611904332487,21.763479836543077,False,False,False,정상,
715,3.5706999988178723,external,external,normal,2022-07-12 00:02:34.136,2022-07-12 00:02:34.136,True,0,0,0,19,external_19,False,0.1,-0.01537,0.050743,-107.51296,10.722030417093578,67.5011746172138,False,16.5811570246361,65.52940203030388,False,7.604157038772087,21.763479836543077,False,False,False,정상,
716,0.7323000027099624,external,external,normal,2022-07-12 00:02:40.000,2022-07-12 00:02:40.000,True,0,0,0,20,external_20,True,5.864,0.080069,-0.028072,110.72363,0.0,67.5011746172138,False,0.0,65.52940203030388,False,0.0,21.763479836543077,False,False,False,정상,
717,0.7189999996626284,external,external,normal,2022-07-12 00:02:40.100,2022-07-12 00:02:40.100,True,0,0,0,20,external_20,False,0.1,0.09073,-0.028697,91.155063,0.0,67.5011746172138,False,0.0,65.52940203030388,False,0.0,21.763479836543077,False,False,False,정상,
718,0.7688000005146023,external,external,normal,2022-07-12 00:02:40.200,2022-07-12 00:02:40.200,True,0,0,0,20,external_20,False,0.1,-0.072576,-0.028651,67.786702,0.0,67.5011746172138,False,0.0,65.52940203030388,False,4.26301473938084,21.763479836543077,False,False,False,정상,
719,0.7374000015261117,external,external,normal,2022-07-12 00:02:40.300,2022-07-12 00:02:40.300,True,0,0,0,20,external_20,False,0.1,0.020237,0.007009,27.672413,0.0,67.5011746172138,False,0.0,65.52940203030388,False,4.086929114579976,21.763479836543077,False,False,False,정상,
720,2.357499997742707,external,external,normal,2022-07-12 00:02:40.400,2022-07-12 00:02:40.400,True,0,0,0,20,external_20,False,0.1,0.013425,0.009802,-11.629344,9.047902357908708,67.5011746172138,False,0.0,65.52940203030388,False,3.045051460110043,21.763479836543077,False,False,False,정상,
721,2.565800001320895,external,external,normal,2022-07-12 00:02:40.500,2022-07-12 00:02:40.500,True,0,0,0,20,external_20,False,0.1,-0.038345,-0.077311,-59.574611,7.557761229382672,67.5011746172138,False,0.0,65.52940203030388,False,2.2579415028829644,21.763479836543077,False,False,False,정상,
722,2.1364000022003893,external,external,normal,2022-07-12 00:02:40.600,2022-07-12 00:02:40.600,True,0,0,0,20,external_20,False,0.1,0.101322,0.029546,-104.43069,9.745817381967417,67.5011746172138,False,0.0,65.52940203030388,False,2.9105255209261145,21.763479836543077,False,False,False,정상,
723,4.083899999386631,external,external,normal,2022-07-12 00:02:40.700,2022-07-12 00:02:40.700,True,0,0,0,20,external_20,False,0.1,0.028196,0.084302,-111.17233,7.852586147678003,67.5011746172138,False,0.0,65.52940203030388,False,3.8848814966014427,21.763479836543077,False,False,False,정상,
724,2.572399997006869,external,external,normal,2022-07-12 00:02:40.800,2022-07-12 00:02:40.800,True,0,0,0,20,external_20,False,0.1,-0.121667,-0.092116,-112.9203,8.208682076676821,67.5011746172138,False,0.0,65.52940203030388,False,4.713257208678582,21.763479836543077,False,False,False,정상,
725,3.470200001174817,external,external,normal,2022-07-12 00:02:40.900,2022-07-12 00:02:40.900,True,0,0,0,20,external_20,False,0.1,-0.04577,0.031317,-98.212611,8.965384283101756,67.5011746172138,False,11.289864435516357,65.52940203030388,False,4.537689357493598,21.763479836543077,False,False,False,정상,
726,3.708500000357162,external,external,normal,2022-07-12 00:02:41.000,2022-07-12 00:02:41.000,True,0,0,0,20,external_20,False,0.1,-0.052639,0.140751,-75.678,18.993683200749132,67.5011746172138,False,11.689478860410723,65.52940203030388,False,4.610217173977022,21.763479836543077,False,False,False,정상,
727,3.5575000001699664,external,external,normal,2022-07-12 00:02:41.100,2022-07-12 00:02:41.100,True,0,0,0,20,external_20,False,0.1,0.001368,-0.064357,-41.268115,7.794242368983647,67.5011746172138,False,8.258114181487558,65.52940203030388,False,5.035809619473004,21.763479836543077,False,False,False,정상,
728,3.5632999970403034,external,external,normal,2022-07-12 00:02:41.200,2022-07-12 00:02:41.200,True,0,0,0,20,external_20,False,0.1,0.125539,-0.056671,0.839949,12.536200566692973,67.5011746172138,False,10.296592048284632,65.52940203030388,False,5.381601106634261,21.763479836543077,False,False,False,정상,
729,3.700300003401935,external,external,normal,2022-07-12 00:02:41.300,2022-07-12 00:02:41.300,True,0,0,0,20,external_20,False,0.1,-0.012857,-0.002017,42.223459,13.491848698833351,67.5011746172138,False,7.947347598091905,65.52940203030388,False,5.833154310214378,21.763479836543077,False,False,False,정상,
730,3.860000000713626,external,external,normal,2022-07-12 00:02:41.400,2022-07-12 00:02:41.400,True,0,0,0,20,external_20,False,0.1,0.013471,0.002797,95.047366,12.62987539230271,67.5011746172138,False,8.49974326385967,65.52940203030388,False,4.464320847100262,21.763479836543077,False,False,False,정상,
731,3.644799999165116,external,external,normal,2022-07-12 00:02:41.500,2022-07-12 00:02:41.500,True,0,0,0,20,external_20,False,0.1,0.090049,0.014514,111.98868,9.569899769870103,67.5011746172138,False,7.342143111781509,65.52940203030388,False,3.6931436745483333,21.763479836543077,False,False,False,정상,
732,3.6497000000963453,external,external,normal,2022-07-12 00:02:41.600,2022-07-12 00:02:41.600,True,0,0,0,20,external_20,False,0.1,-0.103354,-0.118183,113.4056,11.77180112390697,67.5011746172138,False,10.468421288585377,65.52940203030388,False,3.25704794777486,21.763479836543077,False,False,False,정상,
733,3.732000001036795,external,external,normal,2022-07-12 00:02:41.700,2022-07-12 00:02:41.700,True,0,0,0,20,external_20,False,0.1,-0.026152,0.04401,106.23385,6.113032118823004,67.5011746172138,False,9.989555651390948,65.52940203030388,False,3.7447009478725604,21.763479836543077,False,False,False,정상,
734,3.6208999990776647,external,external,normal,2022-07-12 00:02:41.800,2022-07-12 00:02:41.800,True,0,0,0,20,external_20,False,0.1,0.051255,0.12078,84.608088,18.025013753589217,67.5011746172138,False,8.096334035794046,65.52940203030388,False,3.734946821139086,21.763479836543077,False,False,False,정상,
735,3.6190000028000213,external,external,normal,2022-07-12 00:02:41.900,2022-07-12 00:02:41.900,True,0,0,0,20,external_20,False,0.1,-0.11322,-0.13972,57.723767,12.967250998746174,67.5011746172138,False,11.028537915804918,65.52940203030388,False,4.468458790146081,21.763479836543077,False,False,False,정상,
736,3.708200001710793,external,external,normal,2022-07-12 00:02:42.000,2022-07-12 00:02:42.000,True,0,0,0,20,external_20,False,0.1,0.008248,0.028467,15.231015,10.066514898609027,67.5011746172138,False,13.374714838246234,65.52940203030388,False,4.661759812824116,21.763479836543077,False,False,False,정상,
737,3.53230000109761,external,external,normal,2022-07-12 00:02:42.100,2022-07-12 00:02:42.100,True,0,0,0,20,external_20,False,0.1,0.011109,0.135313,-22.721651,13.756399555693047,67.5011746172138,False,18.340935634532528,65.52940203030388,False,4.6272120393860225,21.763479836543077,False,False,False,정상,
738,0.7533000025432557,external,external,normal,2022-07-12 00:02:47.868,2022-07-12 00:02:47.868,True,0,0,0,21,external_21,True,5.768,0.10472,0.06894,19.778612,0.0,67.5011746172138,False,0.0,65.52940203030388,False,0.0,21.763479836543077,False,False,False,정상,
739,0.7108000027074013,external,external,normal,2022-07-12 00:02:47.968,2022-07-12 00:02:47.968,True,0,0,0,21,external_21,False,0.1,0.169138,0.105759,66.611417,0.0,67.5011746172138,False,0.0,65.52940203030388,False,0.0,21.763479836543077,False,False,False,정상,
740,0.7812000003468711,external,external,normal,2022-07-12 00:02:48.068,2022-07-12 00:02:48.068,True,0,0,0,21,external_21,False,0.1,-0.039353,-0.035079,112.59462,0.0,67.5011746172138,False,0.0,65.52940203030388,False,5.845898939790743,21.763479836543077,False,False,False,정상,
741,0.7557999997516163,external,external,normal,2022-07-12 00:02:48.168,2022-07-12 00:02:48.168,True,0,0,0,21,external_21,False,0.1,0.042595,-0.061078,144.61138,0.0,67.5011746172138,False,0.0,65.52940203030388,False,5.85056326985204,21.763479836543077,False,False,False,정상,
742,2.181299998483155,external,external,normal,2022-07-12 00:02:48.268,2022-07-12 00:02:48.268,True,0,0,0,21,external_21,False,0.1,0.023919,0.012253,135.51451,11.94787402767472,67.5011746172138,False,0.0,65.52940203030388,False,4.4250739540615704,21.763479836543077,False,False,False,정상,
743,2.1827999989909586,external,external,normal,2022-07-12 00:02:48.368,2022-07-12 00:02:48.368,True,0,0,0,21,external_21,False,0.1,-0.1249,0.056985,119.54166,14.58434992337089,67.5011746172138,False,0.0,65.52940203030388,False,4.282447605587577,21.763479836543077,False,False,False,정상,
744,2.324699999007862,external,external,normal,2022-07-12 00:02:48.468,2022-07-12 00:02:48.468,True,0,0,0,21,external_21,False,0.1,0.0715,0.16668,86.449157,9.720543423491124,67.5011746172138,False,0.0,65.52940203030388,False,5.208564217668558,21.763479836543077,False,False,False,정상,
745,2.3860000001150183,external,external,normal,2022-07-12 00:02:48.568,2022-07-12 00:02:48.568,True,0,0,0,21,external_21,False,0.1,0.026757,0.095427,48.329001,7.846225906209628,67.5011746172138,False,0.0,65.52940203030388,False,5.679191094243609,21.763479836543077,False,False,False,정상,
746,2.421400000457652,external,external,normal,2022-07-12 00:02:48.668,2022-07-12 00:02:48.668,True,0,0,0,21,external_21,False,0.1,-0.030827,-0.083273,-1.624704,6.48345513894374,67.5011746172138,False,0.0,65.52940203030388,False,4.515460267514222,21.763479836543077,False,False,False,정상,
747,3.719000000273809,external,external,normal,2022-07-12 00:02:48.768,2022-07-12 00:02:48.768,True,0,0,0,21,external_21,False,0.1,0.129754,-0.081922,-54.295189,12.762409158961571,67.5011746172138,False,10.151573976563258,65.52940203030388,False,4.926717714316594,21.763479836543077,False,False,False,정상,
748,3.6854999998467974,external,external,normal,2022-07-12 00:02:48.868,2022-07-12 00:02:48.868,True,0,0,0,21,external_21,False,0.1,-0.062241,-0.057683,-97.72278,8.57124664126422,67.5011746172138,False,8.518985433738223,65.52940203030388,False,5.819258076388416,21.763479836543077,False,False,False,정상,
749,0.7150999990699347,external,external,normal,2022-07-12 00:02:57.334,2022-07-12 00:02:57.334,True,0,0,0,22,external_22,True,8.466,-0.106826,-0.079793,101.54022,0.0,67.5011746172138,False,0.0,65.52940203030388,False,0.0,21.763479836543077,False,False,False,정상,
750,0.7899000011093449,external,external,normal,2022-07-12 00:02:57.434,2022-07-12 00:02:57.434,True,0,0,0,22,external_22,False,0.1,0.084204,0.125099,63.285001,0.0,67.5011746172138,False,0.0,65.52940203030388,False,0.0,21.763479836543077,False,False,False,정상,
751,0.7682999967073556,external,external,normal,2022-07-12 00:02:57.534,2022-07-12 00:02:57.534,True,0,0,0,22,external_22,False,0.1,-0.016045,0.108978,14.84728,0.0,67.5011746172138,False,0.0,65.52940203030388,False,4.980699657622758,21.763479836543077,False,False,False,정상,
752,0.7019000004220288,external,external,normal,2022-07-12 00:02:57.634,2022-07-12 00:02:57.634,True,0,0,0,22,external_22,False,0.1,-0.079816,-0.060913,-39.740567,0.0,67.5011746172138,False,0.0,65.52940203030388,False,5.13413165627695,21.763479836543077,False,False,False,정상,
753,2.3700999990978744,external,external,normal,2022-07-12 00:02:57.734,2022-07-12 00:02:57.734,True,0,0,0,22,external_22,False,0.1,0.153516,-0.025332,-84.003339,8.676104568150656,67.5011746172138,False,0.0,65.52940203030388,False,6.169028564330271,21.763479836543077,False,False,False,정상,
754,2.1717000017815735,external,external,normal,2022-07-12 00:02:57.834,2022-07-12 00:02:57.834,True,0,0,0,22,external_22,False,0.1,-0.038854,-0.082711,-136.75334,6.950717037173837,67.5011746172138,False,0.0,65.52940203030388,False,6.782541072049974,21.763479836543077,False,False,False,정상,
755,2.269000000524102,external,external,normal,2022-07-12 00:02:57.934,2022-07-12 00:02:57.934,True,0,0,0,22,external_22,False,0.1,-0.044587,-0.010856,-146.45948,6.748834652868268,67.5011746172138,False,0.0,65.52940203030388,False,5.947737386539393,21.763479836543077,False,False,False,정상,
756,2.4569999986852054,external,external,normal,2022-07-12 00:02:58.034,2022-07-12 00:02:58.034,True,0,0,0,22,external_22,False,0.1,0.088916,0.148396,-133.41512,5.99867119250551,67.5011746172138,False,0.0,65.52940203030388,False,4.4582608480360895,21.763479836543077,False,False,False,정상,
757,2.4677000001247507,external,external,normal,2022-07-12 00:02:58.134,2022-07-12 00:02:58.134,True,0,0,0,22,external_22,False,0.1,-0.117657,-0.015772,-112.33462,10.988281276874302,67.5011746172138,False,0.0,65.52940203030388,False,4.785305569420699,21.763479836543077,False,False,False,정상,
758,3.793300002143951,external,external,normal,2022-07-12 00:02:58.234,2022-07-12 00:02:58.234,True,0,0,0,22,external_22,False,0.1,0.035317,-0.051047,-75.331935,6.220232908808035,67.5011746172138,False,5.291971951809102,65.52940203030388,False,6.116273318582681,21.763479836543077,False,False,False,정상,
759,3.594699999666773,external,external,normal,2022-07-12 00:02:58.334,2022-07-12 00:02:58.334,True,0,0,0,22,external_22,False,0.1,0.134806,0.004686,-34.712438,7.531410284020197,67.5011746172138,False,7.736617729734146,65.52940203030388,False,6.5284150123305835,21.763479836543077,False,False,False,정상,
760,3.592400000343332,external,external,normal,2022-07-12 00:02:58.434,2022-07-12 00:02:58.434,True,0,0,0,22,external_22,False,0.1,-0.082768,-0.090761,21.703484,6.355782831051501,67.5011746172138,False,11.656317196139918,65.52940203030388,False,5.956803549945909,21.763479836543077,False,False,False,정상,
761,3.748699997231597,external,external,normal,2022-07-12 00:02:58.534,2022-07-12 00:02:58.534,True,0,0,0,22,external_22,False,0.1,0.0199,0.076269,65.582045,6.987535383836399,67.5011746172138,False,7.137387683367065,65.52940203030388,False,5.0592749367008585,21.763479836543077,False,False,False,정상,
762,3.6129000000073574,external,external,normal,2022-07-12 00:02:58.634,2022-07-12 00:02:58.634,True,0,0,0,22,external_22,False,0.1,0.017708,0.130288,119.32029,8.524154848192161,67.5011746172138,False,7.84142171270382,65.52940203030388,False,4.308348091174062,21.763479836543077,False,False,False,정상,
763,3.5725999987334944,external,external,normal,2022-07-12 00:02:58.734,2022-07-12 00:02:58.734,True,0,0,0,22,external_22,False,0.1,-0.084675,-0.073129,148.45874,6.918321088095296,67.5011746172138,False,5.414114295800728,65.52940203030388,False,4.110205381353171,21.763479836543077,False,False,False,정상,
764,3.7476999968930613,external,external,normal,2022-07-12 00:02:58.834,2022-07-12 00:02:58.834,True,0,0,0,22,external_22,False,0.1,0.091584,-0.041919,137.56515,4.670792596242708,67.5011746172138,False,4.640787247600746,65.52940203030388,False,4.944268283905565,21.763479836543077,False,False,False,정상,
765,3.80090000180644,external,external,normal,2022-07-12 00:02:58.934,2022-07-12 00:02:58.934,True,0,0,0,22,external_22,False,0.1,0.027835,-0.061787,123.45506,8.355540987502456,67.5011746172138,False,5.085316665335042,65.52940203030388,False,5.074806231070075,21.763479836543077,False,False,False,정상,
766,3.5812999994959682,external,external,normal,2022-07-12 00:02:59.034,2022-07-12 00:02:59.034,True,0,0,0,22,external_22,False,0.1,-0.077239,-0.039898,89.791666,10.543122173043537,67.5011746172138,False,5.0597346445896845,65.52940203030388,False,4.562699827391698,21.763479836543077,False,False,False,정상,
767,3.70199999815668,external,external,normal,2022-07-12 00:02:59.134,2022-07-12 00:02:59.134,True,0,0,0,22,external_22,False,0.1,0.057524,0.168196,52.884704,3.9883205858611492,67.5011746172138,False,5.759563367269697,65.52940203030388,False,4.13990450124327,21.763479836543077,False,False,False,정상,
768,3.819699999439763,external,external,normal,2022-07-12 00:02:59.234,2022-07-12 00:02:59.234,True,0,0,0,22,external_22,False,0.1,-0.05753,0.049271,-0.380158,5.8406442602513176,67.5011746172138,False,6.833439764979904,65.52940203030388,False,4.4165194615733885,21.763479836543077,False,False,False,정상,
769,3.716899998835288,external,external,normal,2022-07-12 00:02:59.334,2022-07-12 00:02:59.334,True,0,0,0,22,external_22,False,0.1,-0.064274,-0.067044,-48.618918,6.513652018730075,67.5011746172138,False,6.136990820524355,65.52940203030388,False,4.572596655285225,21.763479836543077,False,False,False,정상,
770,3.6933999981556553,external,external,normal,2022-07-12 00:02:59.434,2022-07-12 00:02:59.434,True,0,0,0,22,external_22,False,0.1,0.096318,-0.022141,-97.625267,6.263260956441985,67.5011746172138,False,5.474633425163977,65.52940203030388,False,4.814615771686338,21.763479836543077,False,False,False,정상,
771,3.503899999486748,external,external,normal,2022-07-12 00:02:59.534,2022-07-12 00:02:59.534,True,0,0,0,22,external_22,False,0.1,-0.030146,-0.08841,-142.24495,5.1242162671345755,67.5011746172138,False,4.924847643077713,65.52940203030388,False,4.613149622867351,21.763479836543077,False,False,False,정상,
772,3.5986000002594665,external,external,normal,2022-07-12 00:02:59.634,2022-07-12 00:02:59.634,True,0,0,0,22,external_22,False,0.1,0.033796,0.065256,-138.86167,7.430958947487196,67.5011746172138,False,4.702188902567823,65.52940203030388,False,4.1494853018860836,21.763479836543077,False,False,False,정상,
773,3.6680000011983793,external,external,normal,2022-07-12 00:02:59.734,2022-07-12 00:02:59.734,True,0,0,0,22,external_22,False,0.1,0.071636,0.114143,-127.60986,5.9081721377343985,67.5011746172138,False,5.13975511698599,65.52940203030388,False,3.39997974447837,21.763479836543077,False,False,False,정상,
774,3.6013000026287045,external,external,normal,2022-07-12 00:02:59.834,2022-07-12 00:02:59.834,True,0,0,0,22,external_22,False,0.1,-0.120234,-0.083494,-100.89041,18.335081666101928,67.5011746172138,False,4.619083557335194,65.52940203030388,False,4.286446580870746,21.763479836543077,False,False,False,정상,
775,3.6669999972218648,external,external,normal,2022-07-12 00:02:59.934,2022-07-12 00:02:59.934,True,0,0,0,22,external_22,False,0.1,0.033126,-0.016817,-65.584548,5.348925359628485,67.5011746172138,False,5.674150175380799,65.52940203030388,False,5.06259622349205,21.763479836543077,False,False,False,정상,
776,3.5863999983121175,external,external,normal,2022-07-12 00:03:00.034,2022-07-12 00:03:00.034,True,0,0,0,22,external_22,False,0.1,0.009534,-0.019178,-20.186903,5.649949750468457,67.5011746172138,False,6.866695543123981,65.52940203030388,False,4.657038270867763,21.763479836543077,False,False,False,정상,
777,3.8377999990188982,external,external,normal,2022-07-12 00:03:00.134,2022-07-12 00:03:00.134,True,0,0,0,22,external_22,False,0.1,-0.14596,-0.056871,32.013778,8.601800043494817,67.5011746172138,False,9.263168617799273,65.52940203030388,False,4.198831290780067,21.763479836543077,False,False,False,정상,
778,3.607399998145411,external,external,normal,2022-07-12 00:03:00.234,2022-07-12 00:03:00.234,True,0,0,0,22,external_22,False,0.1,0.050656,0.132274,76.723227,8.751966194165384,67.5011746172138,False,7.613144741170462,65.52940203030388,False,4.453899642964814,21.763479836543077,False,False,False,정상,
779,3.6053000003448687,external,external,normal,2022-07-12 00:03:00.334,2022-07-12 00:03:00.334,True,0,0,0,22,external_22,False,0.1,-0.038002,0.032456,130.77761,7.267082692415729,67.5011746172138,False,10.69455661587509,65.52940203030388,False,5.1592914570812125,21.763479836543077,False,False,False,정상,
780,3.5663000016938895,external,external,normal,2022-07-12 00:03:00.434,2022-07-12 00:03:00.434,True,0,0,0,22,external_22,False,0.1,-0.030645,-0.09294,142.87903,5.265917096111225,67.5011746172138,False,7.263844324622875,65.52940203030388,False,4.507815615352487,21.763479836543077,False,False,False,정상,
781,3.4763999974529725,external,external,normal,2022-07-12 00:03:00.534,2022-07-12 00:03:00.534,True,0,0,0,22,external_22,False,0.1,0.179299,-0.002353,132.54143,13.640833655204194,67.5011746172138,False,9.099499865517013,65.52940203030388,False,5.558117975978256,21.763479836543077,False,False,False,정상,
782,3.540699999575736,external,external,normal,2022-07-12 00:03:00.634,2022-07-12 00:03:00.634,True,0,0,0,22,external_22,False,0.1,-0.070949,-0.082121,113.63985,8.174066776054133,67.5011746172138,False,8.68031292256454,65.52940203030388,False,6.867505343419412,21.763479836543077,False,False,False,정상,
783,3.2952000001387205,external,external,normal,2022-07-12 00:03:00.734,2022-07-12 00:03:00.734,True,0,0,0,22,external_22,False,0.1,-0.065488,0.004993,79.01145,10.680895954270236,67.5011746172138,False,9.265599944758849,65.52940203030388,False,6.9037204729758335,21.763479836543077,False,False,False,정상,
784,3.8386999985959847,external,external,normal,2022-07-12 00:03:00.834,2022-07-12 00:03:00.834,True,0,0,0,22,external_22,False,0.1,0.034488,0.13643,40.526872,5.705775642577863,67.5011746172138,False,8.440696686526607,65.52940203030388,False,5.051619466585193,21.763479836543077,False,False,False,정상,
785,3.498800000670599,external,external,normal,2022-07-12 00:03:00.934,2022-07-12 00:03:00.934,True,0,0,0,22,external_22,False,0.1,-0.148072,-0.029612,-13.147952,14.635632815670185,67.5011746172138,False,13.974589838711891,65.52940203030388,False,4.857074020777645,21.763479836543077,False,False,False,정상,
786,3.366100001585437,external,external,normal,2022-07-12 00:03:01.034,2022-07-12 00:03:01.034,True,0,0,0,22,external_22,False,0.1,0.047465,-0.044087,-57.194001,6.729288105610574,67.5011746172138,False,8.753906141171479,65.52940203030388,False,6.161685263834477,21.763479836543077,False,False,False,정상,
787,3.5274000001663808,external,external,normal,2022-07-12 00:03:01.134,2022-07-12 00:03:01.134,True,0,0,0,22,external_22,False,0.1,0.089211,-0.022459,-111.33469,7.891748848517288,67.5011746172138,False,8.664152256124455,65.52940203030388,False,6.429822107621336,21.763479836543077,False,False,False,정상,
788,4.092700000910554,external,external,normal,2022-07-12 00:03:01.234,2022-07-12 00:03:01.234,True,0,0,0,22,external_22,False,0.1,-0.071789,-0.061458,-140.41819,5.780008983315824,67.5011746172138,False,8.647397697951616,65.52940203030388,False,5.419490677700451,21.763479836543077,False,False,False,정상,
789,3.6289999989094213,external,external,normal,2022-07-12 00:03:01.334,2022-07-12 00:03:01.334,True,0,0,0,22,external_22,False,0.1,0.078709,0.087304,-132.55419,10.133018095702964,67.5011746172138,False,8.184580084200304,65.52940203030388,False,4.333155692811935,21.763479836543077,False,False,False,정상,
790,3.489299997454509,external,external,normal,2022-07-12 00:03:01.434,2022-07-12 00:03:01.434,True,0,0,0,22,external_22,False,0.1,-0.020075,0.05279,-121.06146,7.508185341236727,67.5011746172138,False,8.639542464503359,65.52940203030388,False,4.12925501204171,21.763479836543077,False,False,False,정상,
791,3.4147000005759764,external,external,normal,2022-07-12 00:03:01.534,2022-07-12 00:03:01.534,True,0,0,0,22,external_22,False,0.1,-0.096437,-0.068667,-89.707266,10.420928021201036,67.5011746172138,False,5.589179562365195,65.52940203030388,False,4.155378774539423,21.763479836543077,False,False,False,정상,
792,3.7977000029059127,external,external,normal,2022-07-12 00:03:01.634,2022-07-12 00:03:01.634,True,0,0,0,22,external_22,False,0.1,0.094718,-0.006133,-55.415875,6.307557138162276,67.5011746172138,False,7.3661059389749,65.52940203030388,False,4.7953777797870165,21.763479836543077,False,False,False,정상,
793,3.81310000011581,external,external,normal,2022-07-12 00:03:01.734,2022-07-12 00:03:01.734,True,0,0,0,22,external_22,False,0.1,-0.037741,-0.060618,-5.533815,5.344915832617702,67.5011746172138,False,7.286300283282459,65.52940203030388,False,4.683694181963076,21.763479836543077,False,False,False,정상,
794,3.5189000009268057,external,external,normal,2022-07-12 00:03:01.834,2022-07-12 00:03:01.834,True,0,0,0,22,external_22,False,0.1,-0.043701,-0.018315,41.215067,6.304196327433875,67.5011746172138,False,9.940729453267968,65.52940203030388,False,3.907730678159402,21.763479836543077,False,False,False,정상,
795,3.611800002545351,external,external,normal,2022-07-12 00:03:01.934,2022-07-12 00:03:01.934,True,0,0,0,22,external_22,False,0.1,0.098407,0.125928,91.073047,7.945264850974249,67.5011746172138,False,8.709543840216076,65.52940203030388,False,3.391826731352673,21.763479836543077,False,False,False,정상,
796,3.624199998739641,external,external,normal,2022-07-12 00:03:02.034,2022-07-12 00:03:02.034,True,0,0,0,22,external_22,False,0.1,-0.046858,-0.018622,136.43147,8.079869549398355,67.5011746172138,False,8.84713451321744,65.52940203030388,False,3.8870566760298586,21.763479836543077,False,False,False,정상,
797,3.8181000018084887,external,external,normal,2022-07-12 00:03:02.134,2022-07-12 00:03:02.134,True,0,0,0,22,external_22,False,0.1,0.035272,-0.063603,135.68129,7.36072229565072,67.5011746172138,False,7.547794280399025,65.52940203030388,False,4.120385596693771,21.763479836543077,False,False,False,정상,
798,3.8019000021449756,external,external,normal,2022-07-12 00:03:02.234,2022-07-12 00:03:02.234,True,0,0,0,22,external_22,False,0.1,0.07242,-0.003897,126.84371,6.775923798463325,67.5011746172138,False,7.461638803640755,65.52940203030388,False,3.74470798500421,21.763479836543077,False,False,False,정상,
799,0.7435000006807968,external,external,normal,2022-07-12 00:03:04.000,2022-07-12 00:03:04.000,True,0,0,0,23,external_23,True,1.766,0.045305,0.058254,111.32015,0.0,67.5011746172138,False,0.0,65.52940203030388,False,0.0,21.763479836543077,False,False,False,정상,
800,0.7365999990724958,external,external,normal,2022-07-12 00:03:04.100,2022-07-12 00:03:04.100,True,0,0,0,23,external_23,False,0.1,-0.044216,0.001238,103.13369,0.0,67.5011746172138,False,0.0,65.52940203030388,False,0.0,21.763479836543077,False,False,False,정상,
801,0.7611000000906643,external,external,normal,2022-07-12 00:03:04.200,2022-07-12 00:03:04.200,True,0,0,0,23,external_23,False,0.1,0.061506,-0.000533,83.446513,0.0,67.5011746172138,False,0.0,65.52940203030388,False,2.5934354166731794,21.763479836543077,False,False,False,정상,
802,0.7912000000942498,external,external,normal,2022-07-12 00:03:04.300,2022-07-12 00:03:04.300,True,0,0,0,23,external_23,False,0.1,0.055965,-0.022184,52.986867,0.0,67.5011746172138,False,0.0,65.52940203030388,False,2.9967692394277115,21.763479836543077,False,False,False,정상,
803,2.190600000176346,external,external,normal,2022-07-12 00:03:04.400,2022-07-12 00:03:04.400,True,0,0,0,23,external_23,False,0.1,-0.033385,-0.055869,11.034609,5.224038375821904,67.5011746172138,False,0.0,65.52940203030388,False,2.9216136447097383,21.763479836543077,False,False,False,정상,
804,2.2045000005164184,external,external,normal,2022-07-12 00:03:04.500,2022-07-12 00:03:04.500,True,0,0,0,23,external_23,False,0.1,0.060813,-0.011977,-31.274442,7.89046596764208,67.5011746172138,False,0.0,65.52940203030388,False,2.8000735827578382,21.763479836543077,False,False,False,정상,
805,2.1438000003399793,external,external,normal,2022-07-12 00:03:04.600,2022-07-12 00:03:04.600,True,0,0,0,23,external_23,False,0.1,-0.003878,-0.026679,-84.691773,13.67876078660602,67.5011746172138,False,0.0,65.52940203030388,False,2.7168182063584916,21.763479836543077,False,False,False,정상,
806,2.076599997963058,external,external,normal,2022-07-12 00:03:04.700,2022-07-12 00:03:04.700,True,0,0,0,23,external_23,False,0.1,-0.005081,-0.067438,-105.16442,13.150928592952486,67.5011746172138,False,0.0,65.52940203030388,False,2.5788248471948725,21.763479836543077,False,False,False,정상,
807,2.1658000005118083,external,external,normal,2022-07-12 00:03:04.800,2022-07-12 00:03:04.800,True,0,0,0,23,external_23,False,0.1,0.084485,-0.008321,-108.90247,14.392230825186287,67.5011746172138,False,0.0,65.52940203030388,False,2.6566005291516936,21.763479836543077,False,False,False,정상,
808,30.717099998582853,external,external,normal,2022-07-12 00:03:04.900,2022-07-12 00:03:04.900,True,0,0,0,23,external_23,False,0.1,-0.055819,0.035241,-107.24152,6.061131079920891,67.5011746172138,False,6.801236077850696,65.52940203030388,False,3.2040096543505334,21.763479836543077,False,False,False,정상,
809,3.451699998549884,external,external,normal,2022-07-12 00:03:05.000,2022-07-12 00:03:05.000,True,0,0,0,23,external_23,False,0.1,-0.042751,0.025409,-88.374029,22.769771678250105,67.5011746172138,False,7.242496104165283,65.52940203030388,False,3.543188194148526,21.763479836543077,False,False,False,정상,
810,3.3723000015015714,external,external,normal,2022-07-12 00:03:05.100,2022-07-12 00:03:05.100,True,0,0,0,23,external_23,False,0.1,0.047938,0.029542,-63.261874,6.729737679996381,67.5011746172138,False,6.524325065876976,65.52940203030388,False,3.4284910604445513,21.763479836543077,False,False,False,정상,
811,4.0006000017456245,external,external,normal,2022-07-12 00:03:05.200,2022-07-12 00:03:05.200,True,0,0,0,23,external_23,False,0.1,-0.069454,0.008289,-21.516206,10.119184947169433,67.5011746172138,False,8.164484608708884,65.52940203030388,False,3.1378751620418224,21.763479836543077,False,False,False,정상,
812,3.5939000008511357,external,external,normal,2022-07-12 00:03:05.300,2022-07-12 00:03:05.300,True,0,0,0,23,external_23,False,0.1,0.03931,-0.006834,18.379571,8.315086616916199,67.5011746172138,False,15.333670023236873,65.52940203030388,False,3.154529374892366,21.763479836543077,False,False,False,정상,
813,3.4670999993977603,external,external,normal,2022-07-12 00:03:05.400,2022-07-12 00:03:05.400,True,0,0,0,23,external_23,False,0.1,0.077832,0.006529,70.91225,8.87658392449398,67.5011746172138,False,8.117823063493685,65.52940203030388,False,3.276670155783387,21.763479836543077,False,False,False,정상,
814,4.045800000312738,external,external,normal,2022-07-12 00:03:05.500,2022-07-12 00:03:05.500,True,0,0,0,23,external_23,False,0.1,-0.071101,-0.006675,104.90133,8.848790528250866,67.5011746172138,False,6.3638998718993065,65.52940203030388,False,3.5518189589865696,21.763479836543077,False,False,False,정상,
815,3.9739000021654647,external,external,normal,2022-07-12 00:03:05.600,2022-07-12 00:03:05.600,True,0,0,0,23,external_23,False,0.1,0.043102,-0.010637,108.32824,11.917782107470348,67.5011746172138,False,7.963259665355641,65.52940203030388,False,3.502378745167634,21.763479836543077,False,False,False,정상,
816,3.8195999986783136,external,external,normal,2022-07-12 00:03:05.700,2022-07-12 00:03:05.700,True,0,0,0,23,external_23,False,0.1,0.012074,-0.002043,111.15123,11.16469774351497,67.5011746172138,False,14.46315975694387,65.52940203030388,False,2.9599522699268768,21.763479836543077,False,False,False,정상,
817,3.922600000805687,external,external,normal,2022-07-12 00:03:05.800,2022-07-12 00:03:05.800,True,0,0,0,23,external_23,False,0.1,-0.035485,0.020153,95.434796,8.617718044787562,67.5011746172138,False,12.305544552143715,65.52940203030388,False,2.2637400080116765,21.763479836543077,False,False,False,정상,
