stream_index,infer_ms,source,block,kind,TimeStamp,orig_TimeStamp,ground_truth,Idle,Equipment_state,segment_id,group_id,segment_reset,gap_seconds,AI0_Vibration,AI1_Vibration,AI2_Current,score_0.5s,threshold_0.5s,alarm_0.5s,score_1.0s,threshold_1.0s,alarm_1.0s,sample_score,sample_threshold,sample_alarm,OR_3,P2,state,active_detectors
0,0.9580000005371403,external,external,fault,2022-07-17 10:51:07.943,2022-07-17 10:51:07.943,1,0,1,0,external_0,False,0.0,0.29372695,-0.54055375,21.457675,0.0,67.5011746172138,False,0.0,65.52940203030388,False,0.0,21.763479836543077,False,False,False,정상,
1,0.8545000018784776,external,external,fault,2022-07-17 10:51:08.043,2022-07-17 10:51:08.043,1,0,1,0,external_0,False,0.1,1.0703204,-0.55738194,-44.107442000000006,0.0,67.5011746172138,False,0.0,65.52940203030388,False,0.0,21.763479836543077,False,False,False,정상,
2,0.7957999987411313,external,external,fault,2022-07-17 10:51:08.143,2022-07-17 10:51:08.143,1,0,1,0,external_0,False,0.1,0.90869242,0.063108272,25.033954,0.0,67.5011746172138,False,0.0,65.52940203030388,False,159.19861358093925,21.763479836543077,True,True,False,WARNING,sample
3,0.7497000005969312,external,external,fault,2022-07-17 10:51:08.243,2022-07-17 10:51:08.243,1,0,1,0,external_0,False,0.1,0.23592147,0.50932143,-101.32791,0.0,67.5011746172138,False,0.0,65.52940203030388,False,190.83482276767927,21.763479836543077,True,True,True,ALARM,sample
4,0.7065999998303596,external,external,fault,2022-07-17 10:51:16.724,2022-07-17 10:51:16.724,1,0,1,1,external_1,True,8.481,0.31553783,0.20531456,34.570698,0.0,67.5011746172138,False,0.0,65.52940203030388,False,0.0,21.763479836543077,False,False,False,정상,
5,0.8586999974795617,external,external,fault,2022-07-17 10:51:16.824,2022-07-17 10:51:16.824,1,0,1,1,external_1,False,0.1,-0.30299289,0.30915396,70.333489,0.0,67.5011746172138,False,0.0,65.52940203030388,False,0.0,21.763479836543077,False,False,False,정상,
6,0.7666999990760814,external,external,fault,2022-07-17 10:51:16.924,2022-07-17 10:51:16.924,1,0,1,1,external_1,False,0.1,-0.20851951,0.24723456,151.39582,0.0,67.5011746172138,False,0.0,65.52940203030388,False,37.37602745900211,21.763479836543077,True,True,False,WARNING,sample
7,0.743499997042818,external,external,fault,2022-07-17 10:51:17.024,2022-07-17 10:51:17.024,1,0,1,1,external_1,False,0.1,-0.10328419,0.25261634,147.81954,0.0,67.5011746172138,False,0.0,65.52940203030388,False,35.66135778165305,21.763479836543077,True,True,True,ALARM,sample
8,2.462000000377884,external,external,fault,2022-07-17 10:51:17.124,2022-07-17 10:51:17.124,1,0,1,1,external_1,False,0.1,-0.0030048799,0.26231512,110.86465,229.81996570205382,67.5011746172138,True,0.0,65.52940203030388,False,22.234496334477395,21.763479836543077,True,True,True,ALARM,"sample,0.5s"
9,2.224500000011176,external,external,fault,2022-07-17 10:51:17.224,2022-07-17 10:51:17.224,1,0,1,1,external_1,False,0.1,-0.034705724,0.16326723,32.186512,185.6883199242603,67.5011746172138,True,0.0,65.52940203030388,False,12.651795255904483,21.763479836543077,False,True,True,ALARM,0.5s
10,2.1947000022919383,external,external,fault,2022-07-17 10:51:17.324,2022-07-17 10:51:17.324,1,0,1,1,external_1,False,0.1,0.10219733,0.18943541,185.96651,149.33378340281484,67.5011746172138,True,0.0,65.52940203030388,False,8.618445401696519,21.763479836543077,False,True,True,ALARM,0.5s
11,2.1875999991607387,external,external,fault,2022-07-17 10:51:17.424,2022-07-17 10:51:17.424,1,0,1,1,external_1,False,0.1,-0.25183223,0.061985622,-107.28837,90.83294084738706,67.5011746172138,True,0.0,65.52940203030388,False,12.095016646230144,21.763479836543077,False,True,True,ALARM,0.5s
12,2.205400000093505,external,external,fault,2022-07-17 10:51:17.524,2022-07-17 10:51:17.524,1,0,1,1,external_1,False,0.1,-0.72065593,0.18661143,103.71209,214.24124254508473,67.5011746172138,True,0.0,65.52940203030388,False,34.572558781415815,21.763479836543077,True,True,True,ALARM,"sample,0.5s"
13,3.611399999499554,external,external,fault,2022-07-17 10:51:17.624,2022-07-17 10:51:17.624,1,0,1,1,external_1,False,0.1,-1.0084029,0.18383373,-59.604652,452.5410808750156,67.5011746172138,True,566.5260329130006,65.52940203030388,True,78.82578397197102,21.763479836543077,True,True,True,ALARM,"sample,0.5s,1.0s"
14,3.474800003459677,external,external,fault,2022-07-17 10:51:17.724,2022-07-17 10:51:17.724,1,0,1,1,external_1,False,0.1,-0.55159947,-0.03054626,-98.943722,479.96768264639365,67.5011746172138,True,525.6225659456017,65.52940203030388,True,130.738518128224,21.763479836543077,True,True,True,ALARM,"sample,0.5s,1.0s"
15,3.631900002801558,external,external,fault,2022-07-17 10:51:17.824,2022-07-17 10:51:17.824,1,0,1,1,external_1,False,0.1,0.05619137,-0.41095125,-58.412559,425.6222238861739,67.5011746172138,True,423.52918066165654,65.52940203030388,True,130.32828320659064,21.763479836543077,True,True,True,ALARM,"sample,0.5s,1.0s"
16,3.489499998977408,external,external,fault,2022-07-17 10:51:17.924,2022-07-17 10:51:17.924,1,0,1,1,external_1,False,0.1,0.77666812,-0.63460179,-41.723256000000006,567.9594607436514,67.5011746172138,True,474.0535284568295,65.52940203030388,True,125.70426200132066,21.763479836543077,True,True,True,ALARM,"sample,0.5s,1.0s"
17,3.715300001204014,external,external,fault,2022-07-17 10:51:18.024,2022-07-17 10:51:18.024,1,0,1,1,external_1,False,0.1,1.0141485,-0.27726322,-4.7683722,706.7172689868804,67.5011746172138,True,684.5127759173844,65.52940203030388,True,130.75998961738333,21.763479836543077,True,True,True,ALARM,"sample,0.5s,1.0s"
18,3.6089999994146638,external,external,fault,2022-07-17 10:51:18.124,2022-07-17 10:51:18.124,1,0,1,1,external_1,False,0.1,0.66565997,0.22642502,19.073489,633.1612996881256,67.5011746172138,True,794.1046241727894,65.52940203030388,True,173.51565996111376,21.763479836543077,True,True,True,ALARM,"sample,0.5s,1.0s"
19,3.398900000320282,external,external,fault,2022-07-17 10:51:18.224,2022-07-17 10:51:18.224,1,0,1,1,external_1,False,0.1,0.14287199,0.35294891,-10.728837,711.1813270274429,67.5011746172138,True,788.4414749508736,65.52940203030388,True,157.2109192981538,21.763479836543077,True,True,True,ALARM,"sample,0.5s,1.0s"
20,3.5129999996570405,external,external,fault,2022-07-17 10:51:18.324,2022-07-17 10:51:18.324,1,0,1,1,external_1,False,0.1,-0.35207842,0.27173613,20.265582,814.5601669873653,67.5011746172138,True,824.7200322168359,65.52940203030388,True,107.90909922758392,21.763479836543077,True,True,True,ALARM,"sample,0.5s,1.0s"
21,3.458600000158185,external,external,fault,2022-07-17 10:51:18.424,2022-07-17 10:51:18.424,1,0,1,1,external_1,False,0.1,-0.78304213,0.2774304,11.92093,849.4032755358406,67.5011746172138,True,843.0279947192585,65.52940203030388,True,72.25241978381709,21.763479836543077,True,True,True,ALARM,"sample,0.5s,1.0s"
22,3.3928999982890673,external,external,fault,2022-07-17 10:51:18.524,2022-07-17 10:51:18.524,1,0,1,1,external_1,False,0.1,-0.7427538,0.2534728,-183.58233,581.8787590876269,67.5011746172138,True,709.7783378731007,65.52940203030388,True,93.10449041155402,21.763479836543077,True,True,True,ALARM,"sample,0.5s,1.0s"
23,3.465699999651406,external,external,fault,2022-07-17 10:51:18.624,2022-07-17 10:51:18.624,1,0,1,1,external_1,False,0.1,-0.38071073,-0.2854227,-141.85907,420.4342479786075,67.5011746172138,True,743.4754057441231,65.52940203030388,True,122.27237173411511,21.763479836543077,True,True,True,ALARM,"sample,0.5s,1.0s"
24,3.443000001425389,external,external,fault,2022-07-17 10:51:18.724,2022-07-17 10:51:18.724,1,0,1,1,external_1,False,0.1,0.44957103,-0.61829442,-84.638606,414.1262956727063,67.5011746172138,True,772.7276763936666,65.52940203030388,True,124.33676023359607,21.763479836543077,True,True,True,ALARM,"sample,0.5s,1.0s"
25,3.486099998553982,external,external,fault,2022-07-17 10:51:18.824,2022-07-17 10:51:18.824,1,0,1,1,external_1,False,0.1,0.97580285,-0.31235474,-54.83628,520.9150160796398,67.5011746172138,True,740.4010711991051,65.52940203030388,True,130.1924367168214,21.763479836543077,True,True,True,ALARM,"sample,0.5s,1.0s"
26,3.467300000920659,external,external,fault,2022-07-17 10:51:18.924,2022-07-17 10:51:18.924,1,0,1,1,external_1,False,0.1,0.45143644,0.37491583,-183.58233,431.2701228303269,67.5011746172138,True,557.5819766870769,65.52940203030388,True,153.58233598632933,21.763479836543077,True,True,True,ALARM,"sample,0.5s,1.0s"
27,3.6117999989073724,external,external,fault,2022-07-17 10:51:19.024,2022-07-17 10:51:19.024,1,0,1,1,external_1,False,0.1,0.51206762,-0.44267481,181.19814,459.74255493471304,67.5011746172138,True,597.1250788836362,65.52940203030388,True,143.15402169968073,21.763479836543077,True,True,True,ALARM,"sample,0.5s,1.0s"
28,3.444199999648845,external,external,fault,2022-07-17 10:51:19.124,2022-07-17 10:51:19.124,1,0,1,1,external_1,False,0.1,-0.29843423,-0.03294202,87.022792,445.8195593426219,67.5011746172138,True,597.2655198593072,65.52940203030388,True,116.49957797499214,21.763479836543077,True,True,True,ALARM,"sample,0.5s,1.0s"
29,3.454600002442021,external,external,fault,2022-07-17 10:51:19.224,2022-07-17 10:51:19.224,1,0,1,1,external_1,False,0.1,-0.22486664,-0.05416822,25.033954,339.22732859777415,67.5011746172138,True,585.4820056048688,65.52940203030388,True,56.47917469605891,21.763479836543077,True,True,True,ALARM,"sample,0.5s,1.0s"
30,3.6271999997552484,external,external,fault,2022-07-17 10:51:19.324,2022-07-17 10:51:19.324,1,0,1,1,external_1,False,0.1,-0.15277812,-0.070301984,76.293954,137.22717553014678,67.5011746172138,True,505.1285519905033,65.52940203030388,True,37.199623012267224,21.763479836543077,True,True,True,ALARM,"sample,0.5s,1.0s"
31,3.6125999977230094,external,external,fault,2022-07-17 10:51:19.424,2022-07-17 10:51:19.424,1,0,1,1,external_1,False,0.1,-0.17111207,0.029069965,125.16977,128.65167962448362,67.5011746172138,True,374.362416577529,65.52940203030388,True,14.645139820673933,21.763479836543077,False,True,True,ALARM,"0.5s,1.0s"
32,3.4333000003243797,external,external,fault,2022-07-17 10:51:19.524,2022-07-17 10:51:19.524,1,0,1,1,external_1,False,0.1,0.088731095,0.21633274,95.367443,57.251282856562796,67.5011746172138,False,415.3239268123503,65.52940203030388,True,10.305901102483269,21.763479836543077,False,True,True,ALARM,1.0s
33,3.589800002373522,external,external,fault,2022-07-17 10:51:19.624,2022-07-17 10:51:19.624,1,0,1,1,external_1,False,0.1,-0.027553166,0.26119247,128.74605,35.62904934558911,67.5011746172138,False,501.7502722930935,65.52940203030388,True,9.41681067877065,21.763479836543077,False,True,True,ALARM,1.0s
34,3.4459999988030177,external,external,fault,2022-07-17 10:51:19.724,2022-07-17 10:51:19.724,1,0,1,1,external_1,False,0.1,0.020693488,0.26979174,72.717675,63.1314076681757,67.5011746172138,False,406.8082215189238,65.52940203030388,True,9.236508732120527,21.763479836543077,False,True,True,ALARM,1.0s
35,3.753499997401377,external,external,fault,2022-07-17 10:51:19.824,2022-07-17 10:51:19.824,1,0,1,1,external_1,False,0.1,0.015770585,0.27914331,95.367443,90.92527615432189,67.5011746172138,True,195.47260006377005,65.52940203030388,True,9.048441364738354,21.763479836543077,False,True,True,ALARM,"0.5s,1.0s"
36,3.463900000497233,external,external,fault,2022-07-17 10:51:19.924,2022-07-17 10:51:19.924,1,0,1,1,external_1,False,0.1,0.039844242,0.25953743,27.41814,182.39591211119827,67.5011746172138,True,133.3514974616378,65.52940203030388,True,8.326548349829915,21.763479836543077,False,True,True,ALARM,"0.5s,1.0s"
37,3.357799996592803,external,external,fault,2022-07-17 10:51:20.024,2022-07-17 10:51:20.024,1,0,1,1,external_1,False,0.1,0.071567162,0.21963125,90.599071,182.52163863861875,67.5011746172138,True,123.52600725141052,65.52940203030388,True,7.7798542733426,21.763479836543077,False,True,True,ALARM,"0.5s,1.0s"
38,3.543099999660626,external,external,fault,2022-07-17 10:51:20.124,2022-07-17 10:51:20.124,1,0,1,1,external_1,False,0.1,0.063531572,0.24368143,47.683722,176.30474272227875,67.5011746172138,True,118.28249823343128,65.52940203030388,True,7.453047018734414,21.763479836543077,False,True,True,ALARM,"0.5s,1.0s"
39,3.475500001513865,external,external,fault,2022-07-17 10:51:20.224,2022-07-17 10:51:20.224,1,0,1,1,external_1,False,0.1,0.083741964,-0.17587745,69.141396,88.14491546296914,67.5011746172138,True,95.14073802877553,65.52940203030388,True,8.381339482033988,21.763479836543077,False,True,True,ALARM,"0.5s,1.0s"
40,3.448200001002988,external,external,fault,2022-07-17 10:51:20.324,2022-07-17 10:51:20.324,1,0,1,1,external_1,False,0.1,0.11077378,-0.18301843,72.717675,82.734146782875,67.5011746172138,True,102.7299066273134,65.52940203030388,True,9.084386573760257,21.763479836543077,False,True,True,ALARM,"0.5s,1.0s"
41,3.3718000013323035,external,external,fault,2022-07-17 10:51:20.424,2022-07-17 10:51:20.424,1,0,1,1,external_1,False,0.1,0.040837653,-0.097257176,119.2093,51.998640673217366,67.5011746172138,False,105.81312338101138,65.52940203030388,True,9.565643489969395,21.763479836543077,False,True,True,ALARM,1.0s
42,3.662600000097882,external,external,fault,2022-07-17 10:51:20.524,2022-07-17 10:51:20.524,1,0,1,1,external_1,False,0.1,0.14821433,-0.16974338,60.796745,62.73745539329998,67.5011746172138,False,111.44040943180094,65.52940203030388,True,9.483884251797859,21.763479836543077,False,True,True,ALARM,1.0s
43,3.4674000016821083,external,external,fault,2022-07-17 10:51:20.624,2022-07-17 10:51:20.624,1,0,1,1,external_1,False,0.1,0.1271761,-0.17331966,-7.1525582000000005,105.22977526842278,67.5011746172138,True,109.9911402880239,65.52940203030388,True,10.596128115555116,21.763479836543077,False,True,True,ALARM,"0.5s,1.0s"
44,3.510200000164332,external,external,fault,2022-07-17 10:51:20.724,2022-07-17 10:51:20.724,1,0,1,1,external_1,False,0.1,0.10451529,-0.13157325,135.89861,88.36370364376003,67.5011746172138,True,90.91804831167235,65.52940203030388,True,11.607759336403703,21.763479836543077,False,True,True,ALARM,"0.5s,1.0s"
45,3.5444999994069804,external,external,fault,2022-07-17 10:51:20.824,2022-07-17 10:51:20.824,1,0,1,1,external_1,False,0.1,0.074194182,-0.12804327,85.83069900000001,79.22045845548179,67.5011746172138,True,84.57817125420307,65.52940203030388,True,10.661606856800057,21.763479836543077,False,True,True,ALARM,"0.5s,1.0s"
46,3.4967999999935273,external,external,fault,2022-07-17 10:51:20.924,2022-07-17 10:51:20.924,1,0,1,1,external_1,False,0.1,0.092991723,-0.1683661,79.870234,109.27906740261702,67.5011746172138,True,86.79339006515389,65.52940203030388,True,8.881411595412914,21.763479836543077,False,True,True,ALARM,"0.5s,1.0s"
47,3.5157000020262785,external,external,fault,2022-07-17 10:51:21.024,2022-07-17 10:51:21.024,1,0,1,1,external_1,False,0.1,0.091578872,-0.14827413,94.17535,101.84396280255189,67.5011746172138,True,93.35182504431663,65.52940203030388,True,7.76904418609834,21.763479836543077,False,True,True,ALARM,"0.5s,1.0s"
48,3.358699999807868,external,external,fault,2022-07-17 10:51:21.124,2022-07-17 10:51:21.124,1,0,1,1,external_1,False,0.1,0.062107683,-0.16543795,67.949303,90.66560867679732,67.5011746172138,True,147.8360681313502,65.52940203030388,True,7.577550171183777,21.763479836543077,False,True,True,ALARM,"0.5s,1.0s"
49,3.6942000006092712,external,external,fault,2022-07-17 10:51:21.224,2022-07-17 10:51:21.224,1,0,1,1,external_1,False,0.1,0.066324161,-0.15020694,44.107442000000006,92.38743697864642,67.5011746172138,True,137.57487448850668,65.52940203030388,True,7.435860885371528,21.763479836543077,False,True,True,ALARM,"0.5s,1.0s"
50,3.5797999989881646,external,external,fault,2022-07-17 10:51:21.324,2022-07-17 10:51:21.324,1,0,1,1,external_1,False,0.1,0.041444737,-0.14007994,95.367443,88.84133786037903,67.5011746172138,True,131.808984283972,65.52940203030388,True,6.6442392910004715,21.763479836543077,False,True,True,ALARM,"0.5s,1.0s"
51,3.4680000026128255,external,external,fault,2022-07-17 10:51:21.424,2022-07-17 10:51:21.424,1,0,1,1,external_1,False,0.1,0.07252746,-0.13643421,132.32233,86.54328917496728,67.5011746172138,True,143.56410560460972,65.52940203030388,True,6.264663928540476,21.763479836543077,False,True,True,ALARM,"0.5s,1.0s"
52,3.668200002721278,external,external,fault,2022-07-17 10:51:21.524,2022-07-17 10:51:21.524,1,0,1,1,external_1,False,0.1,0.094316271,-0.13323987,181.19814,87.57332911372562,67.5011746172138,True,149.43584848612076,65.52940203030388,True,6.600639496974073,21.763479836543077,False,True,True,ALARM,"0.5s,1.0s"
53,3.473099997790996,external,external,fault,2022-07-17 10:51:21.624,2022-07-17 10:51:21.624,1,0,1,1,external_1,False,0.1,0.10750656,-0.15582019,57.220466,89.02374522596472,67.5011746172138,True,169.74977235360768,65.52940203030388,True,7.838140019548285,21.763479836543077,False,True,True,ALARM,"0.5s,1.0s"
54,0.7207999988168012,external,external,fault,2022-07-17 10:51:23.615,2022-07-17 10:51:23.615,1,0,1,2,external_2,True,1.991,0.018761856,-0.1593849,164.50884,0.0,67.5011746172138,False,0.0,65.52940203030388,False,0.0,21.763479836543077,False,False,False,정상,
55,0.6592999998247251,external,external,fault,2022-07-17 10:51:23.715,2022-07-17 10:51:23.715,1,0,1,2,external_2,False,0.1,0.11277164,-0.14023039,45.299535000000006,0.0,67.5011746172138,False,0.0,65.52940203030388,False,0.0,21.763479836543077,False,False,False,정상,
56,0.7871000016166363,external,external,fault,2022-07-17 10:51:23.815,2022-07-17 10:51:23.815,1,0,1,2,external_2,False,0.1,0.0961596,-0.14276504,11.92093,0.0,67.5011746172138,False,0.0,65.52940203030388,False,7.249031624760472,21.763479836543077,False,False,False,정상,
57,0.7919000017864164,external,external,fault,2022-07-17 10:51:23.915,2022-07-17 10:51:23.915,1,0,1,2,external_2,False,0.1,0.1176835,-0.13832073,78.67814000000001,0.0,67.5011746172138,False,0.0,65.52940203030388,False,8.952974150621126,21.763479836543077,False,False,False,정상,
58,2.447599999868544,external,external,fault,2022-07-17 10:51:24.015,2022-07-17 10:51:24.015,1,0,1,2,external_2,False,0.1,0.010328902,-0.13299682,153.78,84.40331607583983,67.5011746172138,True,0.0,65.52940203030388,False,8.326963011572053,21.763479836543077,False,True,False,WARNING,0.5s
59,2.5973999981943052,external,external,fault,2022-07-17 10:51:24.115,2022-07-17 10:51:24.115,1,0,1,2,external_2,False,0.1,0.037371753,-0.11535847,94.17535,77.76715183619143,67.5011746172138,True,0.0,65.52940203030388,False,7.217603773049851,21.763479836543077,False,True,True,ALARM,0.5s
60,2.266200001031393,external,external,fault,2022-07-17 10:51:24.215,2022-07-17 10:51:24.215,1,0,1,2,external_2,False,0.1,0.011112592,-0.12424709,-63.180931,73.2550678991368,67.5011746172138,True,0.0,65.52940203030388,False,5.600082002316985,21.763479836543077,False,True,True,ALARM,0.5s
61,2.298999999766238,external,external,fault,2022-07-17 10:51:24.315,2022-07-17 10:51:24.315,1,0,1,2,external_2,False,0.1,-0.051847581,-0.14057761,165.70093,72.1045571770029,67.5011746172138,True,0.0,65.52940203030388,False,4.821883591102522,21.763479836543077,False,True,True,ALARM,0.5s
62,2.117300002282718,external,external,fault,2022-07-17 10:51:24.415,2022-07-17 10:51:24.415,1,0,1,2,external_2,False,0.1,0.096501775,-0.13626061,133.51442,76.65549479445906,67.5011746172138,True,0.0,65.52940203030388,False,5.994105412505483,21.763479836543077,False,True,True,ALARM,0.5s
63,3.4309000002394896,external,external,fault,2022-07-17 10:51:24.515,2022-07-17 10:51:24.515,1,0,1,2,external_2,False,0.1,0.089338179,-0.13180473,125.16977,78.69231922280173,67.5011746172138,True,110.59641300023102,65.52940203030388,True,6.994953484013358,21.763479836543077,False,True,True,ALARM,"0.5s,1.0s"
64,3.4779999987222254,external,external,fault,2022-07-17 10:51:24.615,2022-07-17 10:51:24.615,1,0,1,2,external_2,False,0.1,0.076092701,-0.10680549,17.881396,74.29937959282228,67.5011746172138,True,98.9606773532538,65.52940203030388,True,7.734548594005358,21.763479836543077,False,True,True,ALARM,"0.5s,1.0s"
65,3.4107999999832828,external,external,fault,2022-07-17 10:51:24.715,2022-07-17 10:51:24.715,1,0,1,2,external_2,False,0.1,0.033353958,-0.070556606,82.25442,52.94297817368448,67.5011746172138,False,82.16072704533636,65.52940203030388,True,6.524758813525822,21.763479836543077,False,True,True,ALARM,1.0s
66,3.636900000856258,external,external,fault,2022-07-17 10:51:24.815,2022-07-17 10:51:24.815,1,0,1,2,external_2,False,0.1,0.04568329,-0.070845949,100.13582,47.87725316440951,67.5011746172138,False,85.15600773778631,65.52940203030388,True,5.009473268277094,21.763479836543077,False,True,True,ALARM,1.0s
67,3.6872999990009703,external,external,fault,2022-07-17 10:51:24.915,2022-07-17 10:51:24.915,1,0,1,2,external_2,False,0.1,-0.90681008,0.32970889,-97.751629,204.61746474779648,67.5011746172138,True,194.966848465724,65.52940203030388,True,45.27489785307904,21.763479836543077,True,True,True,ALARM,"sample,0.5s,1.0s"
68,3.359000002092216,external,external,fault,2022-07-17 10:51:25.015,2022-07-17 10:51:25.015,1,0,1,2,external_2,False,0.1,-0.81761283,0.27299766,-32.186512,394.40644093772954,67.5011746172138,True,369.4216932567983,65.52940203030388,True,101.4115344167313,21.763479836543077,True,True,True,ALARM,"sample,0.5s,1.0s"
69,3.3566999991307966,external,external,fault,2022-07-17 10:51:25.115,2022-07-17 10:51:25.115,1,0,1,2,external_2,False,0.1,-0.67382212,-0.16860915,-88.21488500000001,490.75179033941464,67.5011746172138,True,469.1116594031887,65.52940203030388,True,150.67624035739541,21.763479836543077,True,True,True,ALARM,"sample,0.5s,1.0s"
70,3.424599999561906,external,external,fault,2022-07-17 10:51:25.215,2022-07-17 10:51:25.215,1,0,1,2,external_2,False,0.1,0.039126779,-0.54696559,8.344651299999999,465.4200798874616,67.5011746172138,True,434.8994284882201,65.52940203030388,True,140.6059449553811,21.763479836543077,True,True,True,ALARM,"sample,0.5s,1.0s"
71,3.437399998801993,external,external,fault,2022-07-17 10:51:25.315,2022-07-17 10:51:25.315,1,0,1,2,external_2,False,0.1,0.60786554,-0.65786497,-149.01163,598.4000928855269,67.5011746172138,True,452.1570075824334,65.52940203030388,True,117.66891921625002,21.763479836543077,True,True,True,ALARM,"sample,0.5s,1.0s"
72,3.4706000005826354,external,external,fault,2022-07-17 10:51:25.415,2022-07-17 10:51:25.415,1,0,1,2,external_2,False,0.1,0.90028154,-0.30307262,-4.7683722,613.7040782049069,67.5011746172138,True,644.3542615130928,65.52940203030388,True,121.80784084200961,21.763479836543077,True,True,True,ALARM,"sample,0.5s,1.0s"
73,3.5042999988945667,external,external,fault,2022-07-17 10:51:25.515,2022-07-17 10:51:25.515,1,0,1,2,external_2,False,0.1,0.77455988,0.12670586,-78.67814000000001,611.4195020088608,67.5011746172138,True,799.3358981878088,65.52940203030388,True,147.07700724704694,21.763479836543077,True,True,True,ALARM,"sample,0.5s,1.0s"
74,3.6242999995010905,external,external,fault,2022-07-17 10:51:25.615,2022-07-17 10:51:25.615,1,0,1,2,external_2,False,0.1,0.36752633,0.33792623,-57.220466,581.4214045791275,67.5011746172138,True,819.2353482770424,65.52940203030388,True,148.70173591479488,21.763479836543077,True,True,True,ALARM,"sample,0.5s,1.0s"
75,3.463799999735784,external,external,fault,2022-07-17 10:51:25.715,2022-07-17 10:51:25.715,1,0,1,2,external_2,False,0.1,-0.037376896,0.31792684,-119.2093,523.7423114150023,67.5011746172138,True,766.1235942029115,65.52940203030388,True,105.6401260677314,21.763479836543077,True,True,True,ALARM,"sample,0.5s,1.0s"
76,3.4243000009155367,external,external,fault,2022-07-17 10:51:25.815,2022-07-17 10:51:25.815,1,0,1,2,external_2,False,0.1,-0.49312069,0.33882898,-14.305116,486.6378529106121,67.5011746172138,True,712.5870400322971,65.52940203030388,True,67.8342329092543,21.763479836543077,True,True,True,ALARM,"sample,0.5s,1.0s"
77,3.5336999972059857,external,external,fault,2022-07-17 10:51:25.915,2022-07-17 10:51:25.915,1,0,1,2,external_2,False,0.1,-0.78852796,0.30414254,-97.751629,537.4239281192637,67.5011746172138,True,574.0196972225762,65.52940203030388,True,68.10090051892858,21.763479836543077,True,True,True,ALARM,"sample,0.5s,1.0s"
78,3.4476000000722706,external,external,fault,2022-07-17 10:51:26.015,2022-07-17 10:51:26.015,1,0,1,2,external_2,False,0.1,-0.8093344,0.13280521,-163.31675,560.5318334048242,67.5011746172138,True,732.3730467752165,65.52940203030388,True,105.10858816571056,21.763479836543077,True,True,True,ALARM,"sample,0.5s,1.0s"
79,3.4214000006613787,external,external,fault,2022-07-17 10:51:26.115,2022-07-17 10:51:26.115,1,0,1,2,external_2,False,0.1,-0.46426762,-0.35951764,-89.406978,488.13909249357164,67.5011746172138,True,865.448871407684,65.52940203030388,True,132.97454406996528,21.763479836543077,True,True,True,ALARM,"sample,0.5s,1.0s"
80,3.461699998297263,external,external,fault,2022-07-17 10:51:26.215,2022-07-17 10:51:26.215,1,0,1,2,external_2,False,0.1,0.18571007,-0.67001737,-108.48047,493.6995310727799,67.5011746172138,True,764.5525835226701,65.52940203030388,True,123.37728635902828,21.763479836543077,True,True,True,ALARM,"sample,0.5s,1.0s"
81,3.42599999930826,external,external,fault,2022-07-17 10:51:26.315,2022-07-17 10:51:26.315,1,0,1,2,external_2,False,0.1,0.87640657,-0.43525606,-110.86465,584.088976224395,67.5011746172138,True,599.5292379339236,65.52940203030388,True,122.79399716148039,21.763479836543077,True,True,True,ALARM,"sample,0.5s,1.0s"
82,3.5153999997419305,external,external,fault,2022-07-17 10:51:26.415,2022-07-17 10:51:26.415,1,0,1,2,external_2,False,0.1,1.0029671,0.14065219,-127.55396,600.8208162538131,67.5011746172138,True,584.3327960382483,65.52940203030388,True,135.04640915904687,21.763479836543077,True,True,True,ALARM,"sample,0.5s,1.0s"
83,3.4766999997373205,external,external,fault,2022-07-17 10:51:26.515,2022-07-17 10:51:26.515,1,0,1,2,external_2,False,0.1,0.56532548,0.37315663,-83.44651300000001,605.6031390299796,67.5011746172138,True,710.3032189880081,65.52940203030388,True,163.93111252092945,21.763479836543077,True,True,True,ALARM,"sample,0.5s,1.0s"
84,3.6467999998421874,external,external,fault,2022-07-17 10:51:26.615,2022-07-17 10:51:26.615,1,0,1,2,external_2,False,0.1,0.014733023,0.32789181,-139.47489000000002,552.9483503306597,67.5011746172138,True,711.6103317800049,65.52940203030388,True,134.49862073959278,21.763479836543077,True,True,True,ALARM,"sample,0.5s,1.0s"
85,3.4764000010909513,external,external,fault,2022-07-17 10:51:26.715,2022-07-17 10:51:26.715,1,0,1,2,external_2,False,0.1,-0.50401509,0.40272748,-144.24326,568.39584493272,67.5011746172138,True,645.2023943381377,65.52940203030388,True,96.38172614977476,21.763479836543077,True,True,True,ALARM,"sample,0.5s,1.0s"
86,3.49379999897792,external,external,fault,2022-07-17 10:51:26.815,2022-07-17 10:51:26.815,1,0,1,2,external_2,False,0.1,-0.79093423,0.31933883,-115.63302,637.1457522012204,67.5011746172138,True,644.821121768653,65.52940203030388,True,79.31910574745142,21.763479836543077,True,True,True,ALARM,"sample,0.5s,1.0s"
87,3.519800000503892,external,external,fault,2022-07-17 10:51:26.915,2022-07-17 10:51:26.915,1,0,1,2,external_2,False,0.1,-0.86031846,-0.26631449,-165.70093,520.2237236219587,67.5011746172138,True,713.4667003332706,65.52940203030388,True,111.6790072173586,21.763479836543077,True,True,True,ALARM,"sample,0.5s,1.0s"
88,33.02529999928083,external,external,fault,2022-07-17 10:51:27.015,2022-07-17 10:51:27.015,1,0,1,2,external_2,False,0.1,-0.089288132,-0.63668506,-76.293954,442.3012512611454,67.5011746172138,True,721.9842654468591,65.52940203030388,True,134.7283492045223,21.763479836543077,True,True,True,ALARM,"sample,0.5s,1.0s"
89,3.354399999807356,external,external,fault,2022-07-17 10:51:27.115,2022-07-17 10:51:27.115,1,0,1,2,external_2,False,0.1,0.98647649,-0.46380842,-94.17535,589.5586505197822,67.5011746172138,True,740.8504036716935,65.52940203030388,True,151.36770207260392,21.763479836543077,True,True,True,ALARM,"sample,0.5s,1.0s"
90,3.552899997885106,external,external,fault,2022-07-17 10:51:27.215,2022-07-17 10:51:27.215,1,0,1,2,external_2,False,0.1,1.1848827,-0.10034736,-141.85907,730.4944794769339,67.5011746172138,True,770.5321346346183,65.52940203030388,True,172.84314242198562,21.763479836543077,True,True,True,ALARM,"sample,0.5s,1.0s"
91,3.4761999995680526,external,external,fault,2022-07-17 10:51:27.315,2022-07-17 10:51:27.315,1,0,1,2,external_2,False,0.1,0.59527129,-0.38463261,128.74605,806.081641681745,67.5011746172138,True,721.4049346494044,65.52940203030388,True,193.31243575901314,21.763479836543077,True,True,True,ALARM,"sample,0.5s,1.0s"
92,3.575400001864182,external,external,fault,2022-07-17 10:51:27.415,2022-07-17 10:51:27.415,1,0,1,2,external_2,False,0.1,0.275978,-0.22223019,38.146977,746.0582645082892,67.5011746172138,True,801.9054088960174,65.52940203030388,True,167.29983995214312,21.763479836543077,True,True,True,ALARM,"sample,0.5s,1.0s"
93,3.4087999993062112,external,external,fault,2022-07-17 10:51:27.515,2022-07-17 10:51:27.515,1,0,1,2,external_2,False,0.1,0.26995131,-0.12489522,83.44651300000001,746.0741803696648,67.5011746172138,True,880.3673174737628,65.52940203030388,True,105.71623330406548,21.763479836543077,True,True,True,ALARM,"sample,0.5s,1.0s"
94,3.639499998826068,external,external,fault,2022-07-17 10:51:27.615,2022-07-17 10:51:27.615,1,0,1,2,external_2,False,0.1,0.27341721,-0.19892072,26.226047,510.39999180034715,67.5011746172138,True,925.7954399099017,65.52940203030388,True,49.29026289236595,21.763479836543077,True,True,True,ALARM,"sample,0.5s,1.0s"
95,3.6392000001796987,external,external,fault,2022-07-17 10:51:27.715,2022-07-17 10:51:27.715,1,0,1,2,external_2,False,0.1,0.27747916,-0.08447979,92.983257,284.18793893845236,67.5011746172138,True,847.1283639807713,65.52940203030388,True,29.999023935198636,21.763479836543077,True,True,True,ALARM,"sample,0.5s,1.0s"
96,3.6305000030552037,external,external,fault,2022-07-17 10:51:27.815,2022-07-17 10:51:27.815,1,0,1,2,external_2,False,0.1,0.088300617,-0.057385714,67.949303,156.85805195911226,67.5011746172138,True,686.9287082334823,65.52940203030388,True,25.402868715247276,21.763479836543077,True,True,True,ALARM,"sample,0.5s,1.0s"
97,3.5189000009268057,external,external,fault,2022-07-17 10:51:27.915,2022-07-17 10:51:27.915,1,0,1,2,external_2,False,0.1,0.069878364,-0.012606996,120.4014,103.81980934924505,67.5011746172138,True,666.8131366105736,65.52940203030388,True,17.923142203792786,21.763479836543077,False,True,True,ALARM,"0.5s,1.0s"
98,3.5099000015179627,external,external,fault,2022-07-17 10:51:28.015,2022-07-17 10:51:28.015,1,0,1,2,external_2,False,0.1,0.080187761,-0.0032322839,28.610233,70.13545473077433,67.5011746172138,True,701.2367093192298,65.52940203030388,True,9.074185244531835,21.763479836543077,False,True,True,ALARM,"0.5s,1.0s"
99,3.41399999888381,external,external,fault,2022-07-17 10:51:28.115,2022-07-17 10:51:28.115,1,0,1,2,external_2,False,0.1,0.054745405,0.021558622,91.791164,38.68250107997568,67.5011746172138,False,491.7001901626682,65.52940203030388,True,4.37437200154005,21.763479836543077,False,True,True,ALARM,1.0s
100,3.4225999988848343,external,external,fault,2022-07-17 10:51:28.215,2022-07-17 10:51:28.215,1,0,1,2,external_2,False,0.1,0.023375698,0.022577109,67.949303,22.5632399519147,67.5011746172138,False,241.02254814203434,65.52940203030388,True,3.5321541965117373,21.763479836543077,False,True,True,ALARM,1.0s
101,0.7332000022870488,external,external,fault,2022-07-17 10:51:31.734,2022-07-17 10:51:31.734,1,0,1,3,external_3,True,3.519,0.049347873,0.087089018,133.51442,0.0,67.5011746172138,False,0.0,65.52940203030388,False,0.0,21.763479836543077,False,False,False,정상,
102,0.7127000026230235,external,external,fault,2022-07-17 10:51:31.834,2022-07-17 10:51:31.834,1,0,1,3,external_3,False,0.1,0.033950004,0.19192376,118.01721,0.0,67.5011746172138,False,0.0,65.52940203030388,False,0.0,21.763479836543077,False,False,False,정상,
103,0.7103999996616039,external,external,fault,2022-07-17 10:51:31.934,2022-07-17 10:51:31.934,1,0,1,3,external_3,False,0.1,0.060694832,-0.046101338,73.909768,0.0,67.5011746172138,False,0.0,65.52940203030388,False,4.528668050817212,21.763479836543077,False,False,False,정상,
104,0.7274999989022035,external,external,fault,2022-07-17 10:51:32.034,2022-07-17 10:51:32.034,1,0,1,3,external_3,False,0.1,0.061721357,-0.055360313,52.452094,0.0,67.5011746172138,False,0.0,65.52940203030388,False,4.928990794319621,21.763479836543077,False,False,False,정상,
105,2.151200002117548,external,external,fault,2022-07-17 10:51:32.134,2022-07-17 10:51:32.134,1,0,1,3,external_3,False,0.1,0.07809056,-0.055915852,53.644187,27.332464772241067,67.5011746172138,False,0.0,65.52940203030388,False,4.296274744120466,21.763479836543077,False,False,False,정상,
106,2.1393999995780177,external,external,fault,2022-07-17 10:51:32.234,2022-07-17 10:51:32.234,1,0,1,3,external_3,False,0.1,0.031091189,-0.052327999,101.32791,21.207084445722785,67.5011746172138,False,0.0,65.52940203030388,False,3.4860138918506487,21.763479836543077,False,False,False,정상,
107,2.174200002627913,external,external,fault,2022-07-17 10:51:32.334,2022-07-17 10:51:32.334,1,0,1,3,external_3,False,0.1,0.10139156,-0.10148158,208.61628,37.258226205921495,67.5011746172138,False,0.0,65.52940203030388,False,4.481135407178115,21.763479836543077,False,False,False,정상,
108,2.1394000032159965,external,external,fault,2022-07-17 10:51:32.434,2022-07-17 10:51:32.434,1,0,1,3,external_3,False,0.1,0.012249496,-0.065938692,94.17535,34.79627539510153,67.5011746172138,False,0.0,65.52940203030388,False,5.567599021743294,21.763479836543077,False,False,False,정상,
109,2.142100001947256,external,external,fault,2022-07-17 10:51:32.534,2022-07-17 10:51:32.534,1,0,1,3,external_3,False,0.1,0.047063028,-0.075683764,58.412559,35.06450754056448,67.5011746172138,False,0.0,65.52940203030388,False,5.428128481708264,21.763479836543077,False,False,False,정상,
110,3.4140999996452592,external,external,fault,2022-07-17 10:51:32.634,2022-07-17 10:51:32.634,1,0,1,3,external_3,False,0.1,0.031278833,-0.064445683,-94.17535,60.347103559393,67.5011746172138,False,59.188083369792594,65.52940203030388,False,4.648728610765128,21.763479836543077,False,False,False,정상,
111,3.7698000014643185,external,external,fault,2022-07-17 10:51:32.734,2022-07-17 10:51:32.734,1,0,1,3,external_3,False,0.1,0.029567959,-0.094213287,118.01721,63.56043785268724,67.5011746172138,False,63.77638602505447,65.52940203030388,False,3.9500307081803974,21.763479836543077,False,False,False,정상,
112,3.548900000168942,external,external,fault,2022-07-17 10:51:32.834,2022-07-17 10:51:32.834,1,0,1,3,external_3,False,0.1,0.017028906,-0.12141153,56.028373,33.797300379984954,67.5011746172138,False,92.46088520889273,65.52940203030388,True,4.138834496051343,21.763479836543077,False,True,False,WARNING,1.0s
113,3.5155999976268504,external,external,fault,2022-07-17 10:51:32.934,2022-07-17 10:51:32.934,1,0,1,3,external_3,False,0.1,0.11274956,-0.077952213,71.525582,38.86132952005289,67.5011746172138,False,97.01121086415759,65.52940203030388,True,4.763933273912625,21.763479836543077,False,True,True,ALARM,1.0s
114,3.5220000027038623,external,external,fault,2022-07-17 10:51:33.034,2022-07-17 10:51:33.034,1,0,1,3,external_3,False,0.1,0.050341284,-0.10909709,106.09628,40.60307859930688,67.5011746172138,False,98.53692341097806,65.52940203030388,True,5.219853077921641,21.763479836543077,False,True,True,ALARM,1.0s
115,3.375399999640649,external,external,fault,2022-07-17 10:51:33.134,2022-07-17 10:51:33.134,1,0,1,3,external_3,False,0.1,-0.0039320633,-0.1132752,-19.073489,43.15603597520235,67.5011746172138,False,81.9094834252798,65.52940203030388,True,5.194519177714422,21.763479836543077,False,True,True,ALARM,1.0s
116,3.5083000002487097,external,external,fault,2022-07-17 10:51:33.234,2022-07-17 10:51:33.234,1,0,1,3,external_3,False,0.1,0.019611774,-0.12101802,112.05675,44.610354961351845,67.5011746172138,False,86.80219131170588,65.52940203030388,True,4.686768214572488,21.763479836543077,False,True,True,ALARM,1.0s
117,3.432100002100924,external,external,fault,2022-07-17 10:51:33.334,2022-07-17 10:51:33.334,1,0,1,3,external_3,False,0.1,0.042228428,-0.081667376,10.728837,42.5893076208482,67.5011746172138,False,50.027008933472274,65.52940203030388,False,4.181512178329049,21.763479836543077,False,False,False,정상,
118,3.6232999991625547,external,external,fault,2022-07-17 10:51:33.434,2022-07-17 10:51:33.434,1,0,1,3,external_3,False,0.1,0.021410952,-0.11598345,258.68419,70.3534730392048,67.5011746172138,True,102.20038453397261,65.52940203030388,True,4.603333335006838,21.763479836543077,False,True,False,WARNING,"0.5s,1.0s"
119,3.439500000240514,external,external,fault,2022-07-17 10:51:33.534,2022-07-17 10:51:33.534,1,0,1,3,external_3,False,0.1,0.047537657,-0.072825055,25.033954,63.13445277091145,67.5011746172138,False,100.10644019169577,65.52940203030388,True,4.819853737355866,21.763479836543077,False,True,True,ALARM,1.0s
120,3.453799999988405,external,external,fault,2022-07-17 10:51:33.634,2022-07-17 10:51:33.634,1,0,1,3,external_3,False,0.1,0.055904384,-0.078577193,94.17535,62.63113670676889,67.5011746172138,False,90.41396211108045,65.52940203030388,True,4.808066159445282,21.763479836543077,False,True,True,ALARM,1.0s
121,3.5204000014346093,external,external,fault,2022-07-17 10:51:33.734,2022-07-17 10:51:33.734,1,0,1,3,external_3,False,0.1,0.034987567,-0.090555992,138.28279,63.26245830059087,67.5011746172138,False,88.9729727481458,65.52940203030388,True,4.3849121765411745,21.763479836543077,False,True,True,ALARM,1.0s
122,3.4780999994836748,external,external,fault,2022-07-17 10:51:33.834,2022-07-17 10:51:33.834,1,0,1,3,external_3,False,0.1,0.012547519,-0.10908552,-5.9604652,65.89669904947552,67.5011746172138,False,77.14335919224403,65.52940203030388,True,3.818076673845116,21.763479836543077,False,True,True,ALARM,1.0s
123,3.585800001019379,external,external,fault,2022-07-17 10:51:33.934,2022-07-17 10:51:33.934,1,0,1,3,external_3,False,0.1,0.010902872,-0.12858723,73.909768,39.00770988017511,67.5011746172138,False,81.37030086323738,65.52940203030388,True,3.7280552343547275,21.763479836543077,False,True,True,ALARM,1.0s
124,3.740199997992022,external,external,fault,2022-07-17 10:51:34.034,2022-07-17 10:51:34.034,1,0,1,3,external_3,False,0.1,0.0085628378,-0.13076309,23.841861,45.5151205431688,67.5011746172138,False,78.81850501652389,65.52940203030388,True,3.68422927867015,21.763479836543077,False,True,True,ALARM,1.0s
125,3.6540000000968575,external,external,fault,2022-07-17 10:51:34.134,2022-07-17 10:51:34.134,1,0,1,3,external_3,False,0.1,-0.0067246516,-0.081204428,64.373024,42.3349246291222,67.5011746172138,False,75.81902450031274,65.52940203030388,True,3.5835980122086633,21.763479836543077,False,True,True,ALARM,1.0s
126,3.5722000029636547,external,external,fault,2022-07-17 10:51:34.234,2022-07-17 10:51:34.234,1,0,1,3,external_3,False,0.1,0.038409315,-0.089884717,5.9604652,50.12199019402555,67.5011746172138,False,68.11582211823712,65.52940203030388,True,3.3376152425563554,21.763479836543077,False,True,True,ALARM,1.0s
127,3.3863999997265637,external,external,fault,2022-07-17 10:51:34.334,2022-07-17 10:51:34.334,1,0,1,3,external_3,False,0.1,-0.0080712753,-0.11135397,66.75721,46.28135610808128,67.5011746172138,False,73.75606960548943,65.52940203030388,True,3.176039875399573,21.763479836543077,False,True,True,ALARM,1.0s
128,3.5234000024502166,external,external,fault,2022-07-17 10:51:34.434,2022-07-17 10:51:34.434,1,0,1,3,external_3,False,0.1,0.025550164,-0.10251164,66.75721,52.48182271605763,67.5011746172138,False,57.05368362547704,65.52940203030388,False,2.9726833940469493,21.763479836543077,False,False,False,정상,
129,3.5614999978861306,external,external,fault,2022-07-17 10:51:34.534,2022-07-17 10:51:34.534,1,0,1,3,external_3,False,0.1,0.015770585,-0.11285855,154.97209,51.49720882272302,67.5011746172138,False,58.523972433463484,65.52940203030388,False,3.301453553629491,21.763479836543077,False,False,False,정상,
130,3.3128000031865668,external,external,fault,2022-07-17 10:51:34.634,2022-07-17 10:51:34.634,1,0,1,3,external_3,False,0.1,0.0081654734,-0.13284636,19.073489,46.87343962957972,67.5011746172138,False,57.43061066660317,65.52940203030388,False,3.629673818858079,21.763479836543077,False,False,False,정상,
131,3.7059000023873523,external,external,fault,2022-07-17 10:51:34.734,2022-07-17 10:51:34.734,1,0,1,3,external_3,False,0.1,0.069061559,-0.14255671,35.762791,54.62841467371269,67.5011746172138,False,76.26005192603071,65.52940203030388,True,4.475566545495429,21.763479836543077,False,True,False,WARNING,1.0s
132,0.7010999979684129,external,external,fault,2022-07-17 10:51:39.999,2022-07-17 10:51:39.999,1,0,1,4,external_4,True,5.265,0.14524513,-0.13643421,-40.53116300000001,0.0,67.5011746172138,False,0.0,65.52940203030388,False,0.0,21.763479836543077,False,False,False,정상,
133,0.6737000003340654,external,external,fault,2022-07-17 10:51:40.099,2022-07-17 10:51:40.099,1,0,1,4,external_4,False,0.1,-0.036449712,-0.0771652,65.565117,0.0,67.5011746172138,False,0.0,65.52940203030388,False,0.0,21.763479836543077,False,False,False,정상,
134,0.7186999973782804,external,external,fault,2022-07-17 10:51:40.199,2022-07-17 10:51:40.199,1,0,1,4,external_4,False,0.1,0.0061565759,-0.11053223,85.83069900000001,0.0,67.5011746172138,False,0.0,65.52940203030388,False,7.661220989628977,21.763479836543077,False,False,False,정상,
135,0.7253999974636827,external,external,fault,2022-07-17 10:51:40.299,2022-07-17 10:51:40.299,1,0,1,4,external_4,False,0.1,-0.3958768,0.10553753,-129.93814,0.0,67.5011746172138,False,0.0,65.52940203030388,False,15.443007631454941,21.763479836543077,False,False,False,정상,
136,2.111100002366584,external,external,fault,2022-07-17 10:51:40.399,2022-07-17 10:51:40.399,1,0,1,4,external_4,False,0.1,-0.537482,0.16562827,-259.87628,136.998167510618,67.5011746172138,True,0.0,65.52940203030388,False,31.76461435367223,21.763479836543077,True,True,False,WARNING,"sample,0.5s"
137,2.1570999997493345,external,external,fault,2022-07-17 10:51:40.499,2022-07-17 10:51:40.499,1,0,1,4,external_4,False,0.1,-1.0435476,0.12384715,-26.226047,381.9893638070577,67.5011746172138,True,0.0,65.52940203030388,False,73.60063810720776,21.763479836543077,True,True,True,ALARM,"sample,0.5s"
138,2.1383000021160115,external,external,fault,2022-07-17 10:51:40.599,2022-07-17 10:51:40.599,1,0,1,4,external_4,False,0.1,-0.9547256,-0.098310384,-33.378605,551.0426680340637,67.5011746172138,True,0.0,65.52940203030388,False,125.3414361634422,21.763479836543077,True,True,True,ALARM,"sample,0.5s"
139,2.172900000005029,external,external,fault,2022-07-17 10:51:40.699,2022-07-17 10:51:40.699,1,0,1,4,external_4,False,0.1,-0.29186668,-0.45667901,-70.333489,565.5187682232358,67.5011746172138,True,0.0,65.52940203030388,False,158.11492976787315,21.763479836543077,True,True,True,ALARM,"sample,0.5s"
140,2.1314000005077105,external,external,fault,2022-07-17 10:51:40.799,2022-07-17 10:51:40.799,1,0,1,4,external_4,False,0.1,0.60917905,-0.54426892,-168.08512000000002,576.240275921665,67.5011746172138,True,0.0,65.52940203030388,False,152.47701878551715,21.763479836543077,True,True,True,ALARM,"sample,0.5s"
141,3.4302999993087724,external,external,fault,2022-07-17 10:51:40.899,2022-07-17 10:51:40.899,1,0,1,4,external_4,False,0.1,1.214663,-0.29509832,-203.84791,750.9796009467261,67.5011746172138,True,649.7217309830838,65.52940203030388,True,153.49350702228006,21.763479836543077,True,True,True,ALARM,"sample,0.5s,1.0s"
142,3.62200000017765,external,external,fault,2022-07-17 10:51:40.999,2022-07-17 10:51:40.999,1,0,1,4,external_4,False,0.1,1.1296932,0.074068584,-138.28279,775.5844762633059,67.5011746172138,True,906.533172397663,65.52940203030388,True,186.37247774295625,21.763479836543077,True,True,True,ALARM,"sample,0.5s,1.0s"
143,3.4192000020993873,external,external,fault,2022-07-17 10:51:41.099,2022-07-17 10:51:41.099,1,0,1,4,external_4,False,0.1,0.51275197,0.36157133,-230.07396,679.1952305980046,67.5011746172138,True,931.9562045052604,65.52940203030388,True,216.34373184667743,21.763479836543077,True,True,True,ALARM,"sample,0.5s,1.0s"
144,3.4579000021039974,external,external,fault,2022-07-17 10:51:41.199,2022-07-17 10:51:41.199,1,0,1,4,external_4,False,0.1,-0.083393895,0.34958096,-180.00605,685.2218762966261,67.5011746172138,True,902.9865876809722,65.52940203030388,True,170.13219621944825,21.763479836543077,True,True,True,ALARM,"sample,0.5s,1.0s"
145,3.5337000008439645,external,external,fault,2022-07-17 10:51:41.299,2022-07-17 10:51:41.299,1,0,1,4,external_4,False,0.1,-0.51964476,0.27803223,-138.28279,660.7181426365255,67.5011746172138,True,767.8712153601641,65.52940203030388,True,105.83992165689034,21.763479836543077,True,True,True,ALARM,"sample,0.5s,1.0s"
146,3.563499998563202,external,external,fault,2022-07-17 10:51:41.399,2022-07-17 10:51:41.399,1,0,1,4,external_4,False,0.1,-0.88631271,0.23328823,-216.96093,632.4670930285125,67.5011746172138,True,681.3657473849217,65.52940203030388,True,77.93103147130807,21.763479836543077,True,True,True,ALARM,"sample,0.5s,1.0s"
147,3.426800001761876,external,external,fault,2022-07-17 10:51:41.499,2022-07-17 10:51:41.499,1,0,1,4,external_4,False,0.1,-1.1061545,0.098130345,-125.16977,680.6738517389747,67.5011746172138,True,848.5353904344538,65.52940203030388,True,117.1678814583944,21.763479836543077,True,True,True,ALARM,"sample,0.5s,1.0s"
148,3.4773000006680377,external,external,fault,2022-07-17 10:51:41.599,2022-07-17 10:51:41.599,1,0,1,4,external_4,False,0.1,-0.51882795,-0.29932273,-197.88744,607.1134812030505,67.5011746172138,True,1010.674073067462,65.52940203030388,True,165.93387305016984,21.763479836543077,True,True,True,ALARM,"sample,0.5s,1.0s"
149,3.7024999983259477,external,external,fault,2022-07-17 10:51:41.699,2022-07-17 10:51:41.699,1,0,1,4,external_4,False,0.1,0.55337143,-0.64508758,-157.35628000000003,608.130707831432,67.5011746172138,True,1065.7447621179854,65.52940203030388,True,171.12854381931024,21.763479836543077,True,True,True,ALARM,"sample,0.5s,1.0s"
150,0.7277000004251022,external,external,fault,2022-07-17 10:51:48.093,2022-07-17 10:51:48.093,1,0,1,5,external_5,True,6.394,1.2754045,-0.41103227,-158.54837,0.0,67.5011746172138,False,0.0,65.52940203030388,False,0.0,21.763479836543077,False,False,False,정상,
151,0.6710000016028062,external,external,fault,2022-07-17 10:51:48.193,2022-07-17 10:51:48.193,1,0,1,5,external_5,False,0.1,1.0632451,0.14878851,-151.39582,0.0,67.5011746172138,False,0.0,65.52940203030388,False,0.0,21.763479836543077,False,False,False,정상,
152,0.7387999976344872,external,external,fault,2022-07-17 10:51:48.293,2022-07-17 10:51:48.293,1,0,1,5,external_5,False,0.1,0.18182473,0.41165081,-115.63302,0.0,67.5011746172138,False,0.0,65.52940203030388,False,244.03005510157354,21.763479836543077,True,True,False,WARNING,sample
153,0.7235000011860393,external,external,fault,2022-07-17 10:51:56.684,2022-07-17 10:51:56.684,1,0,1,6,external_6,True,8.391,-0.56095961,0.29034667,-267.02884,0.0,67.5011746172138,False,0.0,65.52940203030388,False,0.0,21.763479836543077,False,False,False,정상,
154,0.7905999991635326,external,external,fault,2022-07-17 10:51:56.784,2022-07-17 10:51:56.784,1,0,1,6,external_6,False,0.1,-1.1479882,0.2396885,-147.81954,0.0,67.5011746172138,False,0.0,65.52940203030388,False,0.0,21.763479836543077,False,False,False,정상,
155,0.7159000015235506,external,external,fault,2022-07-17 10:51:56.884,2022-07-17 10:51:56.884,1,0,1,6,external_6,False,0.1,-1.093472,-0.0095052395,-200.27163,0.0,67.5011746172138,False,0.0,65.52940203030388,False,158.85421973699832,21.763479836543077,True,True,False,WARNING,sample
156,0.6978000019444153,external,external,fault,2022-07-17 10:51:56.984,2022-07-17 10:51:56.984,1,0,1,6,external_6,False,0.1,-0.59016589,-0.1065393,-53.644187,0.0,67.5011746172138,False,0.0,65.52940203030388,False,189.68622573743323,21.763479836543077,True,True,True,ALARM,sample
157,2.120699999068165,external,external,fault,2022-07-17 10:51:57.084,2022-07-17 10:51:57.084,1,0,1,6,external_6,False,0.1,-0.11512785,0.059115339,-2.3841861,692.1467593623462,67.5011746172138,True,0.0,65.52940203030388,False,152.5201826209918,21.763479836543077,True,True,True,ALARM,"sample,0.5s"
158,2.3795999986759853,external,external,fault,2022-07-17 10:51:57.184,2022-07-17 10:51:57.184,1,0,1,6,external_6,False,0.1,-0.1798872,0.02812092,9.5367443,633.7980461434889,67.5011746172138,True,0.0,65.52940203030388,False,79.24688951836761,21.763479836543077,True,True,True,ALARM,"sample,0.5s"
159,2.194600001530489,external,external,fault,2022-07-17 10:51:57.284,2022-07-17 10:51:57.284,1,0,1,6,external_6,False,0.1,-0.26812416,0.14086052,-26.226047,349.682816164637,67.5011746172138,True,0.0,65.52940203030388,False,24.514311517384996,21.763479836543077,True,True,True,ALARM,"sample,0.5s"
160,2.1656000026268885,external,external,fault,2022-07-17 10:51:57.384,2022-07-17 10:51:57.384,1,0,1,6,external_6,False,0.1,-0.28524394,0.18681975,26.226047,204.24110377107402,67.5011746172138,True,0.0,65.52940203030388,False,18.443469853976858,21.763479836543077,False,True,True,ALARM,0.5s
161,2.152699998987373,external,external,fault,2022-07-17 10:51:57.484,2022-07-17 10:51:57.484,1,0,1,6,external_6,False,0.1,-0.20783516,0.20820799,104.90419,141.6976086745367,67.5011746172138,True,0.0,65.52940203030388,False,24.871806046111487,21.763479836543077,True,True,True,ALARM,"sample,0.5s"
162,3.444300000410294,external,external,fault,2022-07-17 10:51:57.584,2022-07-17 10:51:57.584,1,0,1,6,external_6,False,0.1,-0.29374313,0.19865967,-22.649768,194.61703425118867,67.5011746172138,True,658.3631597425453,65.52940203030388,True,28.348646766458796,21.763479836543077,True,True,True,ALARM,"sample,0.5s,1.0s"
163,3.5167000023648143,external,external,fault,2022-07-17 10:51:57.684,2022-07-17 10:51:57.684,1,0,1,6,external_6,False,0.1,-0.31084083,0.21566146,9.5367443,261.8658407930373,67.5011746172138,True,648.4167432947577,65.52940203030388,True,30.433761195144527,21.763479836543077,True,True,True,ALARM,"sample,0.5s,1.0s"
164,3.585200000088662,external,external,fault,2022-07-17 10:51:57.784,2022-07-17 10:51:57.784,1,0,1,6,external_6,False,0.1,-0.24599318,0.27954839,-17.881396,283.5904319152867,67.5011746172138,True,488.2177081916335,65.52940203030388,True,32.23425716673683,21.763479836543077,True,True,True,ALARM,"sample,0.5s,1.0s"
165,3.4378000018477906,external,external,fault,2022-07-17 10:51:57.884,2022-07-17 10:51:57.884,1,0,1,6,external_6,False,0.1,-0.23616945,0.28683983,-15.497209,297.8819566507689,67.5011746172138,True,456.5059501359038,65.52940203030388,True,32.64056126977658,21.763479836543077,True,True,True,ALARM,"sample,0.5s,1.0s"
166,3.4615999975358136,external,external,fault,2022-07-17 10:51:57.984,2022-07-17 10:51:57.984,1,0,1,6,external_6,False,0.1,-0.20955707,0.31017245,-2.3841861,449.0993198040536,67.5011746172138,True,461.3316092502753,65.52940203030388,True,30.59174396126457,21.763479836543077,True,True,True,ALARM,"sample,0.5s,1.0s"
167,3.5853000008501112,external,external,fault,2022-07-17 10:51:58.084,2022-07-17 10:51:58.084,1,0,1,6,external_6,False,0.1,-0.22049563,0.33098199,-13.113023,499.9454119196076,67.5011746172138,True,507.7061835652833,65.52940203030388,True,29.10627595858598,21.763479836543077,True,True,True,ALARM,"sample,0.5s,1.0s"
168,3.472600001259707,external,external,fault,2022-07-17 10:51:58.184,2022-07-17 10:51:58.184,1,0,1,6,external_6,False,0.1,0.020936322,-0.034284571,-14.305116,439.164300443677,67.5011746172138,True,459.252551930862,65.52940203030388,True,27.623268198048873,21.763479836543077,True,True,True,ALARM,"sample,0.5s,1.0s"
169,3.4254999991389923,external,external,fault,2022-07-17 10:51:58.284,2022-07-17 10:51:58.284,1,0,1,6,external_6,False,0.1,0.049977033,-0.071100571,65.565117,190.5908183004564,67.5011746172138,True,382.7167222416789,65.52940203030388,True,19.294991255175784,21.763479836543077,False,True,True,ALARM,"0.5s,1.0s"
170,3.465899997536326,external,external,fault,2022-07-17 10:51:58.384,2022-07-17 10:51:58.384,1,0,1,6,external_6,False,0.1,-0.00062069378,-0.067917798,53.644187,141.06551105175245,67.5011746172138,True,336.3561578545123,65.52940203030388,True,10.496778442656272,21.763479836543077,False,True,True,ALARM,"0.5s,1.0s"
171,3.4445999990566634,external,external,fault,2022-07-17 10:51:58.484,2022-07-17 10:51:58.484,1,0,1,6,external_6,False,0.1,0.076048549,-0.063438769,135.89861,39.57706833877575,67.5011746172138,False,299.4745707695691,65.52940203030388,True,3.501049346924956,21.763479836543077,False,True,True,ALARM,1.0s
172,3.575200000341283,external,external,fault,2022-07-17 10:51:58.584,2022-07-17 10:51:58.584,1,0,1,6,external_6,False,0.1,0.032901404,-0.097141438,29.802326,27.092969981128892,67.5011746172138,False,270.2691095901037,65.52940203030388,True,3.8946879618504497,21.763479836543077,False,True,True,ALARM,1.0s
173,3.4928999994008336,external,external,fault,2022-07-17 10:51:58.684,2022-07-17 10:51:58.684,1,0,1,6,external_6,False,0.1,-0.004726792,-0.067142359,-28.610233,33.684160867502875,67.5011746172138,False,235.3359125986419,65.52940203030388,True,4.0081878905564325,21.763479836543077,False,True,True,ALARM,1.0s
174,3.498100002616411,external,external,fault,2022-07-17 10:51:58.784,2022-07-17 10:51:58.784,1,0,1,6,external_6,False,0.1,0.030351649,-0.13885312,-20.265582,24.6443312676165,67.5011746172138,False,206.55076999119592,65.52940203030388,True,3.479422421782612,21.763479836543077,False,True,True,ALARM,1.0s
175,3.7491000002773944,external,external,fault,2022-07-17 10:51:58.884,2022-07-17 10:51:58.884,1,0,1,6,external_6,False,0.1,-0.0045281098,-0.069538119,60.796745,24.09135350702297,67.5011746172138,False,150.9431386689079,65.52940203030388,True,3.3097927634904196,21.763479836543077,False,True,True,ALARM,1.0s
176,3.519999998388812,external,external,fault,2022-07-17 10:51:58.984,2022-07-17 10:51:58.984,1,0,1,6,external_6,False,0.1,0.031035999,-0.067119212,23.841861,44.986630114418084,67.5011746172138,False,123.09249955872376,65.52940203030388,True,3.2538247889258276,21.763479836543077,False,True,True,ALARM,1.0s
177,3.4397999988868833,external,external,fault,2022-07-17 10:51:59.084,2022-07-17 10:51:59.084,1,0,1,6,external_6,False,0.1,-0.021979027,-0.077223068,-3.5762791000000003,45.264522642807094,67.5011746172138,False,53.373849003988894,65.52940203030388,False,2.7828326141345214,21.763479836543077,False,False,False,정상,
178,3.3900999987963587,external,external,fault,2022-07-17 10:51:59.184,2022-07-17 10:51:59.184,1,0,1,6,external_6,False,0.1,-0.054662245,-0.11870328,-3.5762791000000003,57.29044260362706,67.5011746172138,False,62.476738123051526,65.52940203030388,False,1.8590094853438492,21.763479836543077,False,False,False,정상,
179,3.496999997878447,external,external,fault,2022-07-17 10:51:59.284,2022-07-17 10:51:59.284,1,0,1,6,external_6,False,0.1,0.037713928,-0.1046875,88.21488500000001,33.51187426980478,67.5011746172138,False,51.31088976428302,65.52940203030388,False,2.676752872669186,21.763479836543077,False,False,False,정상,
180,3.5121999972034246,external,external,fault,2022-07-17 10:51:59.384,2022-07-17 10:51:59.384,1,0,1,6,external_6,False,0.1,0.073918235,-0.10810175,3.5762791000000003,41.6112718875936,67.5011746172138,False,59.77620758567937,65.52940203030388,False,3.7730601730653013,21.763479836543077,False,False,False,정상,
181,3.5333999985596165,external,external,fault,2022-07-17 10:51:59.484,2022-07-17 10:51:59.484,1,0,1,6,external_6,False,0.1,0.046168958,-0.13270748,79.870234,70.36837532566028,67.5011746172138,True,75.41545141751743,65.52940203030388,True,5.170699523565836,21.763479836543077,False,True,False,WARNING,"0.5s,1.0s"
182,3.739200001291465,external,external,fault,2022-07-17 10:51:59.584,2022-07-17 10:51:59.584,1,0,1,6,external_6,False,0.1,0.026444233,-0.12145782,54.83628,58.00364823679377,67.5011746172138,False,70.77145573814215,65.52940203030388,True,4.923309968512462,21.763479836543077,False,True,True,ALARM,1.0s
183,3.488199999992503,external,external,fault,2022-07-17 10:51:59.684,2022-07-17 10:51:59.684,1,0,1,6,external_6,False,0.1,0.30700554,-0.086655649,-41.723256000000006,67.32359455080613,67.5011746172138,False,102.2431011875551,65.52940203030388,True,10.490485514928354,21.763479836543077,False,True,True,ALARM,1.0s
184,3.4440999988873955,external,external,fault,2022-07-17 10:51:59.784,2022-07-17 10:51:59.784,1,0,1,6,external_6,False,0.1,0.038056103,0.2794558,-17.881396,65.45996357120612,67.5011746172138,False,132.9127007792675,65.52940203030388,True,20.444694803122243,21.763479836543077,False,True,True,ALARM,1.0s
185,3.5337000008439645,external,external,fault,2022-07-17 10:51:59.884,2022-07-17 10:51:59.884,1,0,1,6,external_6,False,0.1,1.5223885,-0.70039838,-245.57117,522.8534087479991,67.5011746172138,True,671.3171212940513,65.52940203030388,True,113.22324444695327,21.763479836543077,True,True,True,ALARM,"sample,0.5s,1.0s"
186,3.3876999987114687,external,external,fault,2022-07-17 10:51:59.984,2022-07-17 10:51:59.984,1,0,1,6,external_6,False,0.1,1.5525772,-0.47321786,-326.63349,971.0020338906403,67.5011746172138,True,1036.444976761836,65.52940203030388,True,235.95693717370662,21.763479836543077,True,True,True,ALARM,"sample,0.5s,1.0s"
187,3.4664000013435725,external,external,fault,2022-07-17 10:52:00.084,2022-07-17 10:52:00.084,1,0,1,6,external_6,False,0.1,1.18613,0.071406629,-196.69535,1137.1945533316568,67.5011746172138,True,1208.8432643400063,65.52940203030388,True,353.0871825210388,21.763479836543077,True,True,True,ALARM,"sample,0.5s,1.0s"
188,3.54940000033821,external,external,fault,2022-07-17 10:52:00.184,2022-07-17 10:52:00.184,1,0,1,6,external_6,False,0.1,0.092815117,0.48463469,-166.89302999999998,1030.4676108424414,67.5011746172138,True,1009.3208082089836,65.52940203030388,True,323.7076443845278,21.763479836543077,True,True,True,ALARM,"sample,0.5s,1.0s"
189,3.563000002031913,external,external,fault,2022-07-17 10:52:00.284,2022-07-17 10:52:00.284,1,0,1,6,external_6,False,0.1,-0.67898786,0.34026412,-306.36791,1116.814582077565,67.5011746172138,True,772.687783876877,65.52940203030388,True,227.1846201998989,21.763479836543077,True,True,True,ALARM,"sample,0.5s,1.0s"
190,3.3752999988792,external,external,fault,2022-07-17 10:52:00.384,2022-07-17 10:52:00.384,1,0,1,6,external_6,False,0.1,-0.99851295,0.18612533,-176.42977000000002,874.9205519630041,67.5011746172138,True,892.5390018752155,65.52940203030388,True,147.8507262697378,21.763479836543077,True,True,True,ALARM,"sample,0.5s,1.0s"
191,3.446700000495184,external,external,fault,2022-07-17 10:52:00.484,2022-07-17 10:52:00.484,1,0,1,6,external_6,False,0.1,-1.0720695,0.16835967,-221.7293,819.5216903878552,67.5011746172138,True,1165.5673148757314,65.52940203030388,True,144.3905185353257,21.763479836543077,True,True,True,ALARM,"sample,0.5s,1.0s"
192,3.3947999982046895,external,external,fault,2022-07-17 10:52:00.584,2022-07-17 10:52:00.584,1,0,1,6,external_6,False,0.1,-0.56020903,-0.025557987,-263.45256,715.725254386887,67.5011746172138,True,1310.4119563113238,65.52940203030388,True,174.52703238998183,21.763479836543077,True,True,True,ALARM,"sample,0.5s,1.0s"
193,3.485900000669062,external,external,fault,2022-07-17 10:52:00.684,2022-07-17 10:52:00.684,1,0,1,6,external_6,False,0.1,-0.52779073,-0.028937513,51.260001,850.3460581431439,67.5011746172138,True,1360.9574495742572,65.52940203030388,True,147.56129838236754,21.763479836543077,True,True,True,ALARM,"sample,0.5s,1.0s"
194,3.4874999983003363,external,external,fault,2022-07-17 10:52:00.784,2022-07-17 10:52:00.784,1,0,1,6,external_6,False,0.1,-0.17202822,0.29181653,-129.93814,651.4317548484249,67.5011746172138,True,1419.4391900070186,65.52940203030388,True,101.15085822328427,21.763479836543077,True,True,True,ALARM,"sample,0.5s,1.0s"
195,3.518899997288827,external,external,fault,2022-07-17 10:52:00.884,2022-07-17 10:52:00.884,1,0,1,6,external_6,False,0.1,-0.12992967,0.31642226,-63.180931,429.58387168791927,67.5011746172138,True,1107.401529438095,65.52940203030388,True,44.74611777618298,21.763479836543077,True,True,True,ALARM,"sample,0.5s,1.0s"
196,3.6700999989989214,external,external,fault,2022-07-17 10:52:00.984,2022-07-17 10:52:00.984,1,0,1,6,external_6,False,0.1,-0.34951763,0.38162859,-8.344651299999999,258.33207664401675,67.5011746172138,True,831.2277282282756,65.52940203030388,True,36.046207051431864,21.763479836543077,True,True,True,ALARM,"sample,0.5s,1.0s"
197,3.5380000008444767,external,external,fault,2022-07-17 10:52:01.084,2022-07-17 10:52:01.084,1,0,1,6,external_6,False,0.1,0.44060826,-0.22576018,-236.03442,178.5730512122768,67.5011746172138,True,668.1139148687233,65.52940203030388,True,50.592405882949635,21.763479836543077,True,True,True,ALARM,"sample,0.5s,1.0s"
198,3.505800003040349,external,external,fault,2022-07-17 10:52:01.184,2022-07-17 10:52:01.184,1,0,1,6,external_6,False,0.1,0.75217502,-0.66704293,-209.80837,248.21688225185042,67.5011746172138,True,908.6833111251644,65.52940203030388,True,82.09214980390863,21.763479836543077,True,True,True,ALARM,"sample,0.5s,1.0s"
199,3.4802000009221956,external,external,fault,2022-07-17 10:52:01.284,2022-07-17 10:52:01.284,1,0,1,6,external_6,False,0.1,1.0047663,-0.2510256,-269.41303,438.8697298885958,67.5011746172138,True,1027.1486251694928,65.52940203030388,True,132.20357102494572,21.763479836543077,True,True,True,ALARM,"sample,0.5s,1.0s"
200,3.523999999742955,external,external,fault,2022-07-17 10:52:01.384,2022-07-17 10:52:01.384,1,0,1,6,external_6,False,0.1,0.57656206,0.19039603,-399.35117,470.0106767888241,67.5011746172138,True,858.8510086200866,65.52940203030388,True,167.68243656109493,21.763479836543077,True,True,True,ALARM,"sample,0.5s,1.0s"
201,3.4010000017588027,external,external,fault,2022-07-17 10:52:01.484,2022-07-17 10:52:01.484,1,0,1,6,external_6,False,0.1,0.087174751,0.37532091,-247.95535,488.4330086862368,67.5011746172138,True,554.6125367797507,65.52940203030388,True,151.82138640448065,21.763479836543077,True,True,True,ALARM,"sample,0.5s,1.0s"
202,3.51550000050338,external,external,fault,2022-07-17 10:52:01.584,2022-07-17 10:52:01.584,1,0,1,6,external_6,False,0.1,-0.32913063,0.34562275,-150.20372,443.06129372318185,67.5011746172138,True,382.00227339328404,65.52940203030388,True,102.87848504925859,21.763479836543077,True,True,True,ALARM,"sample,0.5s,1.0s"
203,0.7310000000870787,external,external,fault,2022-07-17 10:52:04.407,2022-07-17 10:52:04.407,1,0,1,7,external_7,True,2.823,-0.53801182,0.2297814,-240.80279,0.0,67.5011746172138,False,0.0,65.52940203030388,False,0.0,21.763479836543077,False,False,False,정상,
204,0.68450000253506,external,external,fault,2022-07-17 10:52:04.507,2022-07-17 10:52:04.507,1,0,1,7,external_7,False,0.1,-0.68500351,0.26120404,-258.68419,0.0,67.5011746172138,False,0.0,65.52940203030388,False,0.0,21.763479836543077,False,False,False,정상,
205,0.7216999983938877,external,external,fault,2022-07-17 10:52:04.607,2022-07-17 10:52:04.607,1,0,1,7,external_7,False,0.1,-0.70739941,0.02030866,-338.55442,0.0,67.5011746172138,False,0.0,65.52940203030388,False,96.69637379168898,21.763479836543077,True,True,False,WARNING,sample
206,0.7172999976319261,external,external,fault,2022-07-17 10:52:04.707,2022-07-17 10:52:04.707,1,0,1,7,external_7,False,0.1,0.0083751935,-0.42033754,-251.53163,0.0,67.5011746172138,False,0.0,65.52940203030388,False,104.57954189477641,21.763479836543077,True,True,True,ALARM,sample
207,2.1478000016941223,external,external,fault,2022-07-17 10:52:04.807,2022-07-17 10:52:04.807,1,0,1,7,external_7,False,0.1,0.75119265,-0.50135357,-232.45814,403.282708162359,67.5011746172138,True,0.0,65.52940203030388,False,111.77796230336689,21.763479836543077,True,True,True,ALARM,"sample,0.5s"
208,2.1254000021144748,external,external,fault,2022-07-17 10:52:04.907,2022-07-17 10:52:04.907,1,0,1,7,external_7,False,0.1,0.9826353,-0.26276135,-212.19256,513.7373089376014,67.5011746172138,True,0.0,65.52940203030388,False,129.93281298873595,21.763479836543077,True,True,True,ALARM,"sample,0.5s"
209,2.1887000002607238,external,external,fault,2022-07-17 10:52:05.007,2022-07-17 10:52:05.007,1,0,1,7,external_7,False,0.1,0.49222147,0.20107857,-349.28326000000004,477.74949419928197,67.5011746172138,True,0.0,65.52940203030388,False,157.91519327602862,21.763479836543077,True,True,True,ALARM,"sample,0.5s"
210,2.2643999982392415,external,external,fault,2022-07-17 10:52:05.107,2022-07-17 10:52:05.107,1,0,1,7,external_7,False,0.1,-0.058370979,0.39025101,-342.1307,392.8751769211565,67.5011746172138,True,0.0,65.52940203030388,False,138.83045120801918,21.763479836543077,True,True,True,ALARM,"sample,0.5s"
211,2.1481000003404915,external,external,fault,2022-07-17 10:52:05.207,2022-07-17 10:52:05.207,1,0,1,7,external_7,False,0.1,-0.46125427,0.38262393,-319.48092999999994,447.171131645591,67.5011746172138,True,0.0,65.52940203030388,False,101.81564471740292,21.763479836543077,True,True,True,ALARM,"sample,0.5s"
212,3.4227000032842625,external,external,fault,2022-07-17 10:52:05.307,2022-07-17 10:52:05.307,1,0,1,7,external_7,False,0.1,-0.63887614,0.42199772,-195.50326,484.8223951268033,67.5011746172138,True,683.5154356888045,65.52940203030388,True,71.64373781528131,21.763479836543077,True,True,True,ALARM,"sample,0.5s,1.0s"
213,3.7167999980738387,external,external,fault,2022-07-17 10:52:05.407,2022-07-17 10:52:05.407,1,0,1,7,external_7,False,0.1,-0.55512056,0.102864,-294.44698,466.4401276523961,67.5011746172138,True,685.9013308185006,65.52940203030388,True,92.14331206750857,21.763479836543077,True,True,True,ALARM,"sample,0.5s,1.0s"
214,3.428100000746781,external,external,fault,2022-07-17 10:52:05.507,2022-07-17 10:52:05.507,1,0,1,7,external_7,False,0.1,-0.34961697,0.058976455,-11.92093,437.93389316996723,67.5011746172138,True,540.7538573852456,65.52940203030388,True,93.93210451963425,21.763479836543077,True,True,True,ALARM,"sample,0.5s,1.0s"
215,3.6404999991646037,external,external,fault,2022-07-17 10:52:05.607,2022-07-17 10:52:05.607,1,0,1,7,external_7,False,0.1,0.084006874,0.19921521,65.565117,388.7102350066686,67.5011746172138,True,570.567276865706,65.52940203030388,True,68.32599173289427,21.763479836543077,True,True,True,ALARM,"sample,0.5s,1.0s"
216,3.6652999988291413,external,external,fault,2022-07-17 10:52:05.707,2022-07-17 10:52:05.707,1,0,1,7,external_7,False,0.1,0.10290376,0.16300104,-56.028373,270.5192018620027,67.5011746172138,True,575.8382346583821,65.52940203030388,True,30.94579770083112,21.763479836543077,True,True,True,ALARM,"sample,0.5s,1.0s"
217,3.5194000010960735,external,external,fault,2022-07-17 10:52:05.807,2022-07-17 10:52:05.807,1,0,1,7,external_7,False,0.1,-0.066616289,0.19938881,45.299535000000006,155.85961235578037,67.5011746172138,True,491.80949000715873,65.52940203030388,True,12.48910788851965,21.763479836543077,False,True,True,ALARM,"0.5s,1.0s"
218,3.67270000060671,external,external,fault,2022-07-17 10:52:05.907,2022-07-17 10:52:05.907,1,0,1,7,external_7,False,0.1,-0.16957781,0.21389068,-66.75721,100.68693983607801,67.5011746172138,True,381.8444884349093,65.52940203030388,True,10.790409680297074,21.763479836543077,False,True,True,ALARM,"0.5s,1.0s"
219,3.4947000021929853,external,external,fault,2022-07-17 10:52:06.007,2022-07-17 10:52:06.007,1,0,1,7,external_7,False,0.1,-0.21056152,0.25717639,-15.497209,160.9812325476969,67.5011746172138,True,362.7610407717463,65.52940203030388,True,15.85271900493334,21.763479836543077,False,True,True,ALARM,"0.5s,1.0s"
220,3.642499999841675,external,external,fault,2022-07-17 10:52:06.107,2022-07-17 10:52:06.107,1,0,1,7,external_7,False,0.1,-0.1999541,0.24136669,33.378605,190.02056078391556,67.5011746172138,True,356.3847433939244,65.52940203030388,True,20.538878707117806,21.763479836543077,False,True,True,ALARM,"0.5s,1.0s"
221,3.506000000925269,external,external,fault,2022-07-17 10:52:06.207,2022-07-17 10:52:06.207,1,0,1,7,external_7,False,0.1,-0.20979991,0.23860057,-21.457675,230.77998712134462,67.5011746172138,True,299.7098756481832,65.52940203030388,True,23.360651788895094,21.763479836543077,True,True,True,ALARM,"sample,0.5s,1.0s"
222,3.4349000015936326,external,external,fault,2022-07-17 10:52:06.307,2022-07-17 10:52:06.307,1,0,1,7,external_7,False,0.1,-0.24953634,0.24353097,-57.220466,278.3031015248077,67.5011746172138,True,250.64993273051726,65.52940203030388,True,25.18611367140195,21.763479836543077,True,True,True,ALARM,"sample,0.5s,1.0s"
223,3.53009999889764,external,external,fault,2022-07-17 10:52:06.407,2022-07-17 10:52:06.407,1,0,1,7,external_7,False,0.1,-0.15730366,0.23765153,29.802326,290.2219477682726,67.5011746172138,True,300.59706527460224,65.52940203030388,True,25.23634340603681,21.763479836543077,True,True,True,ALARM,"sample,0.5s,1.0s"
224,3.3917000000656117,external,external,fault,2022-07-17 10:52:06.507,2022-07-17 10:52:06.507,1,0,1,7,external_7,False,0.1,-0.16367253,0.3112488,27.41814,281.2296093165232,67.5011746172138,True,351.1244558533452,65.52940203030388,True,23.570379769232506,21.763479836543077,True,True,True,ALARM,"sample,0.5s,1.0s"
225,3.5128000017721206,external,external,fault,2022-07-17 10:52:06.607,2022-07-17 10:52:06.607,1,0,1,7,external_7,False,0.1,-0.20543994,0.36077275,-11.92093,307.7540304553771,67.5011746172138,True,395.1577998347635,65.52940203030388,True,23.409493968103646,21.763479836543077,True,True,True,ALARM,"sample,0.5s,1.0s"
226,3.5024000026169233,external,external,fault,2022-07-17 10:52:06.707,2022-07-17 10:52:06.707,1,0,1,7,external_7,False,0.1,0.15437348,-0.15094766,-7.1525582000000005,216.79443476679927,67.5011746172138,True,412.9462174153931,65.52940203030388,True,27.310433395958352,21.763479836543077,True,True,True,ALARM,"sample,0.5s,1.0s"
227,3.4784999988914933,external,external,fault,2022-07-17 10:52:06.807,2022-07-17 10:52:06.807,1,0,1,7,external_7,False,0.1,0.09532072,-0.13645736,26.226047,275.59027087961033,67.5011746172138,True,414.2533327361574,65.52940203030388,True,24.546709761484653,21.763479836543077,True,True,True,ALARM,"sample,0.5s,1.0s"
228,3.5052999992331024,external,external,fault,2022-07-17 10:52:06.907,2022-07-17 10:52:06.907,1,0,1,7,external_7,False,0.1,0.07073932,-0.13517268,19.073489,269.75720495862805,67.5011746172138,True,490.5477675469897,65.52940203030388,True,17.694678272152384,21.763479836543077,False,True,True,ALARM,"0.5s,1.0s"
229,3.4097000025212765,external,external,fault,2022-07-17 10:52:07.007,2022-07-17 10:52:07.007,1,0,1,7,external_7,False,0.1,0.02877323,-0.13333246,47.683722,174.2888713871131,67.5011746172138,True,439.8659090367142,65.52940203030388,True,7.118263069185879,21.763479836543077,False,True,True,ALARM,"0.5s,1.0s"
230,3.4314000004087575,external,external,fault,2022-07-17 10:52:07.107,2022-07-17 10:52:07.107,1,0,1,7,external_7,False,0.1,0.081225324,-0.093808207,-52.452094,87.33809908142743,67.5011746172138,True,381.88468317314727,65.52940203030388,True,5.618628348380571,21.763479836543077,False,True,True,ALARM,"0.5s,1.0s"
231,3.502499999740394,external,external,fault,2022-07-17 10:52:07.207,2022-07-17 10:52:07.207,1,0,1,7,external_7,False,0.1,0.088973928,-0.12348322,20.265582,83.06302377249982,67.5011746172138,True,363.36529615068406,65.52940203030388,True,5.649926596052669,21.763479836543077,False,True,True,ALARM,"0.5s,1.0s"
232,3.8113999980851077,external,external,fault,2022-07-17 10:52:07.307,2022-07-17 10:52:07.307,1,0,1,7,external_7,False,0.1,0.13917429,-0.12303185,39.33907000000001,76.3209392475031,67.5011746172138,True,371.73213726864225,65.52940203030388,True,6.945394537329896,21.763479836543077,False,True,True,ALARM,"0.5s,1.0s"
233,3.491999999823747,external,external,fault,2022-07-17 10:52:07.407,2022-07-17 10:52:07.407,1,0,1,7,external_7,False,0.1,0.070728282,-0.13253387,-119.2093,63.00801518837027,67.5011746172138,False,244.61131383018053,65.52940203030388,True,8.126242100564927,21.763479836543077,False,True,True,ALARM,1.0s
234,3.486100002191961,external,external,fault,2022-07-17 10:52:07.507,2022-07-17 10:52:07.507,1,0,1,7,external_7,False,0.1,0.074326637,-0.11330992,-78.67814000000001,63.37031108938663,67.5011746172138,False,179.54434905444285,65.52940203030388,True,8.268968380459173,21.763479836543077,False,True,True,ALARM,1.0s
235,3.391300000657793,external,external,fault,2022-07-17 10:52:07.607,2022-07-17 10:52:07.607,1,0,1,7,external_7,False,0.1,0.07405069,-0.13386485,-109.67256,84.87222413757438,67.5011746172138,True,94.27271006840245,65.52940203030388,True,7.384797174395149,21.763479836543077,False,True,True,ALARM,"0.5s,1.0s"
236,3.495699998893542,external,external,fault,2022-07-17 10:52:07.707,2022-07-17 10:52:07.707,1,0,1,7,external_7,False,0.1,0.088422033,-0.16144502,109.67256,82.96209335874033,67.5011746172138,True,101.93291185697282,65.52940203030388,True,7.0847849248129675,21.763479836543077,False,True,True,ALARM,"0.5s,1.0s"
237,3.467800001089927,external,external,fault,2022-07-17 10:52:07.807,2022-07-17 10:52:07.807,1,0,1,7,external_7,False,0.1,0.0552973,-0.11769636,-94.17535,80.58869085086758,67.5011746172138,True,88.62985936904626,65.52940203030388,True,7.5919946484839995,21.763479836543077,False,True,True,ALARM,"0.5s,1.0s"
238,3.6076000033062883,external,external,fault,2022-07-17 10:52:07.907,2022-07-17 10:52:07.907,1,0,1,7,external_7,False,0.1,0.091325001,-0.12243001,28.610233,76.27605743729275,67.5011746172138,True,87.52813382892639,65.52940203030388,True,7.791786591619053,21.763479836543077,False,True,True,ALARM,"0.5s,1.0s"
239,3.589500000089174,external,external,fault,2022-07-17 10:52:08.007,2022-07-17 10:52:08.007,1,0,1,7,external_7,False,0.1,0.052493674,-0.15129487,-71.525582,77.56785590715691,67.5011746172138,True,91.64813136721982,65.52940203030388,True,7.158379454381401,21.763479836543077,False,True,True,ALARM,"0.5s,1.0s"
240,3.4682000004977454,external,external,fault,2022-07-17 10:52:08.107,2022-07-17 10:52:08.107,1,0,1,7,external_7,False,0.1,0.085508028,-0.12258047,95.367443,82.12600326854052,67.5011746172138,True,92.14808295991173,65.52940203030388,True,7.028885056845368,21.763479836543077,False,True,True,ALARM,"0.5s,1.0s"
241,3.4902000006695744,external,external,fault,2022-07-17 10:52:08.207,2022-07-17 10:52:08.207,1,0,1,7,external_7,False,0.1,0.076898467,-0.13094827,-71.525582,73.77652342216723,67.5011746172138,True,92.0146981409514,65.52940203030388,True,7.299857839642878,21.763479836543077,False,True,True,ALARM,"0.5s,1.0s"
242,3.7035000023024622,external,external,fault,2022-07-17 10:52:08.307,2022-07-17 10:52:08.307,1,0,1,7,external_7,False,0.1,0.094570143,-0.14034613,35.762791,81.28050580714189,67.5011746172138,True,97.60827678024043,65.52940203030388,True,7.608523144946069,21.763479836543077,False,True,True,ALARM,"0.5s,1.0s"
243,0.7458000000042375,external,external,fault,2022-07-17 10:52:12.567,2022-07-17 10:52:12.567,1,0,1,8,external_8,True,4.26,0.084547731,-0.17960418,104.90419,0.0,67.5011746172138,False,0.0,65.52940203030388,False,0.0,21.763479836543077,False,False,False,정상,
244,0.6883999994897749,external,external,fault,2022-07-17 10:52:12.667,2022-07-17 10:52:12.667,1,0,1,8,external_8,False,0.1,0.037989875,-0.17730101,116.82512,0.0,67.5011746172138,False,0.0,65.52940203030388,False,0.0,21.763479836543077,False,False,False,정상,
245,0.6963000014366116,external,external,fault,2022-07-17 10:52:12.767,2022-07-17 10:52:12.767,1,0,1,8,external_8,False,0.1,0.052449522,-0.1507509,47.683722,0.0,67.5011746172138,False,0.0,65.52940203030388,False,7.239517981646261,21.763479836543077,False,False,False,정상,
246,0.7057000002532732,external,external,fault,2022-07-17 10:52:12.867,2022-07-17 10:52:12.867,1,0,1,8,external_8,False,0.1,0.096104411,-0.14771859,15.497209,0.0,67.5011746172138,False,0.0,65.52940203030388,False,6.9441516838299995,21.763479836543077,False,False,False,정상,
247,2.08070000007865,external,external,fault,2022-07-17 10:52:12.967,2022-07-17 10:52:12.967,1,0,1,8,external_8,False,0.1,0.10812468,-0.14512608,-168.08512000000002,109.15766286309294,67.5011746172138,True,0.0,65.52940203030388,False,8.041819148219105,21.763479836543077,False,True,False,WARNING,0.5s
248,2.1457000002556015,external,external,fault,2022-07-17 10:52:13.067,2022-07-17 10:52:13.067,1,0,1,8,external_8,False,0.1,0.083256297,-0.15681553,-28.610233,110.52274799652393,67.5011746172138,True,0.0,65.52940203030388,False,8.849755902834035,21.763479836543077,False,True,True,ALARM,0.5s
249,2.1816999978909735,external,external,fault,2022-07-17 10:52:13.167,2022-07-17 10:52:13.167,1,0,1,8,external_8,False,0.1,0.10502303,-0.13933922,0.0,102.50322560819735,67.5011746172138,True,0.0,65.52940203030388,False,9.002357065348052,21.763479836543077,False,True,True,ALARM,0.5s
250,2.1630000010190997,external,external,fault,2022-07-17 10:52:13.267,2022-07-17 10:52:13.267,1,0,1,8,external_8,False,0.1,0.091578872,-0.13263803,7.1525582000000005,98.41661469923612,67.5011746172138,True,0.0,65.52940203030388,False,7.880166039522019,21.763479836543077,False,True,True,ALARM,0.5s
251,2.159599996957695,external,external,fault,2022-07-17 10:52:13.367,2022-07-17 10:52:13.367,1,0,1,8,external_8,False,0.1,0.072626801,-0.16489399,-2.3841861,97.60397273597344,67.5011746172138,True,0.0,65.52940203030388,False,6.763116593397354,21.763479836543077,False,True,True,ALARM,0.5s
252,3.519600002618972,external,external,fault,2022-07-17 10:52:13.467,2022-07-17 10:52:13.467,1,0,1,8,external_8,False,0.1,0.059922179,-0.15548455,22.649768,192.68596893321742,67.5011746172138,True,185.23515384149744,65.52940203030388,True,6.321441624169267,21.763479836543077,False,True,True,ALARM,"0.5s,1.0s"
253,3.458300001511816,external,external,fault,2022-07-17 10:52:13.567,2022-07-17 10:52:13.567,1,0,1,8,external_8,False,0.1,0.055021353,-0.17072714,84.638606,108.10898362111146,67.5011746172138,True,197.63913843742696,65.52940203030388,True,6.285344164606262,21.763479836543077,False,True,True,ALARM,"0.5s,1.0s"
254,3.4254999991389923,external,external,fault,2022-07-17 10:52:13.667,2022-07-17 10:52:13.667,1,0,1,8,external_8,False,0.1,0.083013463,-0.1392582,61.988838,100.79860576000776,67.5011746172138,True,194.9200704102948,65.52940203030388,True,6.773072109746907,21.763479836543077,False,True,True,ALARM,"0.5s,1.0s"
255,3.542499998729909,external,external,fault,2022-07-17 10:52:13.767,2022-07-17 10:52:13.767,1,0,1,8,external_8,False,0.1,0.099559273,-0.16298432,-126.36186,99.11303979185897,67.5011746172138,True,155.22400443579863,65.52940203030388,True,7.8042975222878646,21.763479836543077,False,True,True,ALARM,"0.5s,1.0s"
256,3.4194999971077777,external,external,fault,2022-07-17 10:52:13.867,2022-07-17 10:52:13.867,1,0,1,8,external_8,False,0.1,0.1418565,-0.14249884,120.4014,104.7800192223161,67.5011746172138,True,154.09957414055424,65.52940203030388,True,9.706705456753516,21.763479836543077,False,True,True,ALARM,"0.5s,1.0s"
257,3.4304999971936923,external,external,fault,2022-07-17 10:52:13.967,2022-07-17 10:52:13.967,1,0,1,8,external_8,False,0.1,0.16477118,-0.14328586,38.146977,111.77378683166964,67.5011746172138,True,194.83585109009016,65.52940203030388,True,11.841546824890406,21.763479836543077,False,True,True,ALARM,"0.5s,1.0s"
258,3.4718999995675404,external,external,fault,2022-07-17 10:52:14.067,2022-07-17 10:52:14.067,1,0,1,8,external_8,False,0.1,0.077615931,-0.11864541,-11.92093,98.369657246309,67.5011746172138,True,187.3361580218325,65.52940203030388,True,12.144555957509567,21.763479836543077,False,True,True,ALARM,"0.5s,1.0s"
259,3.49379999897792,external,external,fault,2022-07-17 10:52:14.167,2022-07-17 10:52:14.167,1,0,1,8,external_8,False,0.1,-0.011945578,-0.088218101,4.7683722,78.55803326647685,67.5011746172138,True,163.71425568687485,65.52940203030388,True,9.15178305862731,21.763479836543077,False,True,True,ALARM,"0.5s,1.0s"
260,3.352900002937531,external,external,fault,2022-07-17 10:52:14.267,2022-07-17 10:52:14.267,1,0,1,8,external_8,False,0.1,0.65825354,-0.7512533,-79.870234,282.5266493341773,67.5011746172138,True,365.9338199444578,65.52940203030388,True,45.261605407338806,21.763479836543077,True,True,True,ALARM,"sample,0.5s,1.0s"
261,3.5237000010965858,external,external,fault,2022-07-17 10:52:14.367,2022-07-17 10:52:14.367,1,0,1,8,external_8,False,0.1,0.74485689,-0.45572997,-185.96651,444.4334612991325,67.5011746172138,True,484.96832776179457,65.52940203030388,True,98.0935186733979,21.763479836543077,True,True,True,ALARM,"sample,0.5s,1.0s"
262,3.601599997637095,external,external,fault,2022-07-17 10:52:14.467,2022-07-17 10:52:14.467,1,0,1,8,external_8,False,0.1,0.70486659,-0.014377775,-98.943722,517.4909834593774,67.5011746172138,True,562.6795276249157,65.52940203030388,True,146.68036573821954,21.763479836543077,True,True,True,ALARM,"sample,0.5s,1.0s"
263,3.425200000492623,external,external,fault,2022-07-17 10:52:14.567,2022-07-17 10:52:14.567,1,0,1,8,external_8,False,0.1,0.28476417,0.38180219,-70.333489,487.5847745604689,67.5011746172138,True,552.36422903909,65.52940203030388,True,141.7983760865188,21.763479836543077,True,True,True,ALARM,"sample,0.5s,1.0s"
264,3.471199997875374,external,external,fault,2022-07-17 10:52:14.667,2022-07-17 10:52:14.667,1,0,1,8,external_8,False,0.1,-0.19848606,0.43896479,-120.4014,508.28207021660114,67.5011746172138,True,438.87010810197387,65.52940203030388,True,100.90328654972991,21.763479836543077,True,True,True,ALARM,"sample,0.5s,1.0s"
265,3.4190000005764887,external,external,fault,2022-07-17 10:52:14.767,2022-07-17 10:52:14.767,1,0,1,8,external_8,False,0.1,-0.35238748,0.29983712,-185.96651,374.33611534221393,67.5011746172138,True,408.12929524797,65.52940203030388,True,67.57362123511818,21.763479836543077,True,True,True,ALARM,"sample,0.5s,1.0s"
266,3.4515000006649643,external,external,fault,2022-07-17 10:52:14.867,2022-07-17 10:52:14.867,1,0,1,8,external_8,False,0.1,-0.59300263,0.27615729,-107.28837,396.2195269012078,67.5011746172138,True,511.96059319777345,65.52940203030388,True,56.704058581621645,21.763479836543077,True,True,True,ALARM,"sample,0.5s,1.0s"
267,3.4049000023514964,external,external,fault,2022-07-17 10:52:14.967,2022-07-17 10:52:14.967,1,0,1,8,external_8,False,0.1,-0.72322776,0.19169229,-94.17535,488.2505381715071,67.5011746172138,True,655.1882063495477,65.52940203030388,True,76.28622874914673,21.763479836543077,True,True,True,ALARM,"sample,0.5s,1.0s"
268,0.6744999991497025,external,external,fault,2022-07-17 10:52:21.018,2022-07-17 10:52:21.018,1,0,1,9,external_9,True,6.051,-0.43752279,-0.039955694,-33.378605,0.0,67.5011746172138,False,0.0,65.52940203030388,False,0.0,21.763479836543077,False,False,False,정상,
269,0.7092999985616188,external,external,fault,2022-07-17 10:52:21.118,2022-07-17 10:52:21.118,1,0,1,9,external_9,False,0.1,0.026874711,-0.52731342,-50.067908,0.0,67.5011746172138,False,0.0,65.52940203030388,False,0.0,21.763479836543077,False,False,False,정상,
270,0.7277000004251022,external,external,fault,2022-07-17 10:52:21.218,2022-07-17 10:52:21.218,1,0,1,9,external_9,False,0.1,0.54211278,-0.71433314,-175.23767999999998,0.0,67.5011746172138,False,0.0,65.52940203030388,False,69.12702403293889,21.763479836543077,True,True,False,WARNING,sample
271,0.712499997462146,external,external,fault,2022-07-17 10:52:21.318,2022-07-17 10:52:21.318,1,0,1,9,external_9,False,0.1,0.78196631,-0.25027331,-140.66698,0.0,67.5011746172138,False,0.0,65.52940203030388,False,103.77802003217835,21.763479836543077,True,True,True,ALARM,sample
272,2.138400002877461,external,external,fault,2022-07-17 10:52:21.418,2022-07-17 10:52:21.418,1,0,1,9,external_9,False,0.1,0.52067718,0.28664308,-114.44093,427.3085121627194,67.5011746172138,True,0.0,65.52940203030388,False,129.50857825110555,21.763479836543077,True,True,True,ALARM,"sample,0.5s"
273,2.106899999489542,external,external,fault,2022-07-17 10:52:21.518,2022-07-17 10:52:21.518,1,0,1,9,external_9,False,0.1,0.14722092,0.41908114,-168.08512000000002,390.3322543344934,67.5011746172138,True,0.0,65.52940203030388,False,116.57154192694941,21.763479836543077,True,True,True,ALARM,"sample,0.5s"
274,2.120599998306716,external,external,fault,2022-07-17 10:52:21.618,2022-07-17 10:52:21.618,1,0,1,9,external_9,False,0.1,-0.21849777,0.30170049,-59.604652,379.01392758556034,67.5011746172138,True,0.0,65.52940203030388,False,78.7047425862426,21.763479836543077,True,True,True,ALARM,"sample,0.5s"
275,2.122300000337418,external,external,fault,2022-07-17 10:52:21.718,2022-07-17 10:52:21.718,1,0,1,9,external_9,False,0.1,-0.56633507,0.28952493,-128.74605,372.9308516005181,67.5011746172138,True,0.0,65.52940203030388,False,52.96539687430152,21.763479836543077,True,True,True,ALARM,"sample,0.5s"
276,0.6954999989829957,external,external,fault,2022-07-17 10:52:29.326,2022-07-17 10:52:29.326,1,0,1,10,external_10,True,7.608,-0.75195941,0.25165573,-209.80837,0.0,67.5011746172138,False,0.0,65.52940203030388,False,0.0,21.763479836543077,False,False,False,정상,
277,0.695100003213156,external,external,fault,2022-07-17 10:52:29.426,2022-07-17 10:52:29.426,1,0,1,10,external_10,False,0.1,-0.64600662,-0.33873124,-249.14744,0.0,67.5011746172138,False,0.0,65.52940203030388,False,0.0,21.763479836543077,False,False,False,정상,
278,0.7103999996616039,external,external,fault,2022-07-17 10:52:29.526,2022-07-17 10:52:29.526,1,0,1,10,external_10,False,0.1,0.0045229669,-0.74273505,-221.7293,0.0,67.5011746172138,False,0.0,65.52940203030388,False,124.89844036401145,21.763479836543077,True,True,False,WARNING,sample
279,0.8009999983187299,external,external,fault,2022-07-17 10:52:29.626,2022-07-17 10:52:29.626,1,0,1,10,external_10,False,0.1,0.67336443,-0.3104798,-58.412559,0.0,67.5011746172138,False,0.0,65.52940203030388,False,119.17450810601349,21.763479836543077,True,True,True,ALARM,sample
280,0.7200000000011642,external,external,fault,2022-07-17 10:52:38.172,2022-07-17 10:52:38.172,1,0,1,11,external_11,True,8.546,0.9721493,0.17281555,-107.28837,0.0,67.5011746172138,False,0.0,65.52940203030388,False,0.0,21.763479836543077,False,False,False,정상,
281,0.6689000001642853,external,external,fault,2022-07-17 10:52:38.272,2022-07-17 10:52:38.272,1,0,1,11,external_11,False,0.1,0.66219407,0.17252621,-104.90419,0.0,67.5011746172138,False,0.0,65.52940203030388,False,0.0,21.763479836543077,False,False,False,정상,
282,0.7667999998375308,external,external,fault,2022-07-17 10:52:38.372,2022-07-17 10:52:38.372,1,0,1,11,external_11,False,0.1,0.023232205,0.070376568,-3.5762791000000003,0.0,67.5011746172138,False,0.0,65.52940203030388,False,115.90119287912484,21.763479836543077,True,True,False,WARNING,sample
283,0.7096000008459669,external,external,fault,2022-07-17 10:52:38.472,2022-07-17 10:52:38.472,1,0,1,11,external_11,False,0.1,0.21169328,-0.069133039,-58.412559,0.0,67.5011746172138,False,0.0,65.52940203030388,False,70.8316828288106,21.763479836543077,True,True,True,ALARM,sample
284,2.144199999747798,external,external,fault,2022-07-17 10:52:38.572,2022-07-17 10:52:38.572,1,0,1,11,external_11,False,0.1,0.12444973,0.030655565,-107.28837,311.8710554211143,67.5011746172138,True,0.0,65.52940203030388,False,27.439969771409977,21.763479836543077,True,True,True,ALARM,"sample,0.5s"
285,2.1591999975498766,external,external,fault,2022-07-17 10:52:38.672,2022-07-17 10:52:38.672,1,0,1,11,external_11,False,0.1,0.087395509,0.10703054,47.683722,118.55256344118601,67.5011746172138,True,0.0,65.52940203030388,False,11.215482174548988,21.763479836543077,False,True,True,ALARM,0.5s
286,2.213599997048732,external,external,fault,2022-07-17 10:52:38.772,2022-07-17 10:52:38.772,1,0,1,11,external_11,False,0.1,0.11428383,0.098743753,-59.604652,30.811406731978245,67.5011746172138,False,0.0,65.52940203030388,False,8.97773380467227,21.763479836543077,False,False,False,정상,
287,2.1561999965342693,external,external,fault,2022-07-17 10:52:38.872,2022-07-17 10:52:38.872,1,0,1,11,external_11,False,0.1,-0.11046986,0.17758393,9.5367443,47.43710699720597,67.5011746172138,False,0.0,65.52940203030388,False,8.33797480722326,21.763479836543077,False,False,False,정상,
288,2.144199999747798,external,external,fault,2022-07-17 10:52:38.972,2022-07-17 10:52:38.972,1,0,1,11,external_11,False,0.1,-0.026283808,0.14789734,-14.305116,49.727944307651555,67.5011746172138,False,0.0,65.52940203030388,False,8.316801349277483,21.763479836543077,False,False,False,정상,
289,3.3223000027646776,external,external,fault,2022-07-17 10:52:39.072,2022-07-17 10:52:39.072,1,0,1,11,external_11,False,0.1,-0.073978567,0.2081154,-35.762791,91.74062509348754,67.5011746172138,True,376.2582794725089,65.52940203030388,True,8.890123524430528,21.763479836543077,False,True,False,WARNING,"0.5s,1.0s"
290,3.415900002437411,external,external,fault,2022-07-17 10:52:39.172,2022-07-17 10:52:39.172,1,0,1,11,external_11,False,0.1,-0.084122396,0.23674878,26.226047,121.39812362815893,67.5011746172138,True,231.95369423529786,65.52940203030388,True,8.160625441468964,21.763479836543077,False,True,True,ALARM,"0.5s,1.0s"
291,3.4420000010868534,external,external,fault,2022-07-17 10:52:39.272,2022-07-17 10:52:39.272,1,0,1,11,external_11,False,0.1,-0.10777661,0.24605405,-30.994419,179.4190322974459,67.5011746172138,True,199.46460143755345,65.52940203030388,True,10.010094224270832,21.763479836543077,False,True,True,ALARM,"0.5s,1.0s"
292,3.495700002531521,external,external,fault,2022-07-17 10:52:39.372,2022-07-17 10:52:39.372,1,0,1,11,external_11,False,0.1,-0.094564248,0.23074202,-5.9604652,195.64385021995244,67.5011746172138,True,227.8511778538833,65.52940203030388,True,11.7362200378124,21.763479836543077,False,True,True,ALARM,"0.5s,1.0s"
293,3.4802000009221956,external,external,fault,2022-07-17 10:52:39.472,2022-07-17 10:52:39.472,1,0,1,11,external_11,False,0.1,0.099228136,-0.17311133,-11.92093,177.03535496191265,67.5011746172138,True,225.02623691374694,65.52940203030388,True,14.43778141592321,21.763479836543077,False,True,True,ALARM,"0.5s,1.0s"
294,3.52030000067316,external,external,fault,2022-07-17 10:52:39.572,2022-07-17 10:52:39.572,1,0,1,11,external_11,False,0.1,0.043817886,-0.16101679,102.52,77.8339492285291,67.5011746172138,True,231.57886993274877,65.52940203030388,True,12.984085769116007,21.763479836543077,False,True,True,ALARM,"0.5s,1.0s"
295,3.308600000309525,external,external,fault,2022-07-17 10:52:39.672,2022-07-17 10:52:39.672,1,0,1,11,external_11,False,0.1,0.11422864,-0.13041588,42.915349000000006,65.35121941695883,67.5011746172138,False,239.91731604484883,65.52940203030388,True,11.79070706812638,21.763479836543077,False,True,True,ALARM,1.0s
296,3.545999999914784,external,external,fault,2022-07-17 10:52:39.772,2022-07-17 10:52:39.772,1,0,1,11,external_11,False,0.1,0.039789053,-0.15354017,44.107442000000006,61.453539273113805,67.5011746172138,False,242.54061276084195,65.52940203030388,True,7.600406912978134,21.763479836543077,False,True,True,ALARM,1.0s
297,3.359999998792773,external,external,fault,2022-07-17 10:52:39.872,2022-07-17 10:52:39.872,1,0,1,11,external_11,False,0.1,0.066467653,-0.15468597,-61.988838,90.34959062231769,67.5011746172138,True,231.5326711578783,65.52940203030388,True,7.079300765123949,21.763479836543077,False,True,True,ALARM,"0.5s,1.0s"
298,3.525600001012208,external,external,fault,2022-07-17 10:52:39.972,2022-07-17 10:52:39.972,1,0,1,11,external_11,False,0.1,0.079381995,-0.14164239,41.723256000000006,98.03716869663984,67.5011746172138,True,222.44651350382566,65.52940203030388,True,6.652425679701754,21.763479836543077,False,True,True,ALARM,"0.5s,1.0s"
299,3.5274000001663808,external,external,fault,2022-07-17 10:52:40.072,2022-07-17 10:52:40.072,1,0,1,11,external_11,False,0.1,0.11023292,-0.15038054,-85.83069900000001,110.26707975869553,67.5011746172138,True,197.86390249383993,65.52940203030388,True,7.810799258417913,21.763479836543077,False,True,True,ALARM,"0.5s,1.0s"
300,3.4314000004087575,external,external,fault,2022-07-17 10:52:40.172,2022-07-17 10:52:40.172,1,0,1,11,external_11,False,0.1,0.12435039,-0.19228898,52.452094,108.2976881529646,67.5011746172138,True,185.3460239952247,65.52940203030388,True,9.363257506488976,21.763479836543077,False,True,True,ALARM,"0.5s,1.0s"
301,3.5057999994023703,external,external,fault,2022-07-17 10:52:40.272,2022-07-17 10:52:40.272,1,0,1,11,external_11,False,0.1,0.091788592,-0.14764915,-25.033954,102.1958271610871,67.5011746172138,True,178.1836681537867,65.52940203030388,True,10.49796225949619,21.763479836543077,False,True,True,ALARM,"0.5s,1.0s"
302,3.30250000115484,external,external,fault,2022-07-17 10:52:40.372,2022-07-17 10:52:40.372,1,0,1,11,external_11,False,0.1,0.079646904,-0.16171122,34.570698,103.02631986536711,67.5011746172138,True,166.50237290676887,65.52940203030388,True,9.992718371332844,21.763479836543077,False,True,True,ALARM,"0.5s,1.0s"
303,3.4780999994836748,external,external,fault,2022-07-17 10:52:40.472,2022-07-17 10:52:40.472,1,0,1,11,external_11,False,0.1,0.033585754,-0.15734792,60.796745,97.18444595813158,67.5011746172138,True,147.94051547756433,65.52940203030388,True,8.188121750098562,21.763479836543077,False,True,True,ALARM,"0.5s,1.0s"
304,3.543099999660626,external,external,fault,2022-07-17 10:52:40.572,2022-07-17 10:52:40.572,1,0,1,11,external_11,False,0.1,0.053211137,-0.16878276,-23.841861,123.29205385895824,67.5011746172138,True,146.35407578483452,65.52940203030388,True,6.615450237967242,21.763479836543077,False,True,True,ALARM,"0.5s,1.0s"
305,3.49379999897792,external,external,fault,2022-07-17 10:52:40.672,2022-07-17 10:52:40.672,1,0,1,11,external_11,False,0.1,0.097439996,-0.15297306,33.378605,115.07257355352606,67.5011746172138,True,153.7857453314502,65.52940203030388,True,6.712269763211452,21.763479836543077,False,True,True,ALARM,"0.5s,1.0s"
306,3.499599999486236,external,external,fault,2022-07-17 10:52:40.772,2022-07-17 10:52:40.772,1,0,1,11,external_11,False,0.1,0.088300617,-0.18746274,120.4014,107.88348258925375,67.5011746172138,True,167.00179120287518,65.52940203030388,True,7.827033139503698,21.763479836543077,False,True,True,ALARM,"0.5s,1.0s"
307,3.521599999658065,external,external,fault,2022-07-17 10:52:40.872,2022-07-17 10:52:40.872,1,0,1,11,external_11,False,0.1,0.089614126,-0.17785655,-33.378605,102.16387104940816,67.5011746172138,True,185.76733829067356,65.52940203030388,True,9.107084183148297,21.763479836543077,False,True,True,ALARM,"0.5s,1.0s"
308,3.73550000222167,external,external,fault,2022-07-17 10:52:40.972,2022-07-17 10:52:40.972,1,0,1,11,external_11,False,0.1,0.053189061,-0.15369063,40.53116300000001,103.00402451045936,67.5011746172138,True,187.03344411685396,65.52940203030388,True,9.019834730042296,21.763479836543077,False,True,True,ALARM,"0.5s,1.0s"
309,3.3634999999776483,external,external,fault,2022-07-17 10:52:41.072,2022-07-17 10:52:41.072,1,0,1,11,external_11,False,0.1,0.078763872,-0.1548943,20.265582,113.45242991119038,67.5011746172138,True,169.4699979710538,65.52940203030388,True,8.033600949699496,21.763479836543077,False,True,True,ALARM,"0.5s,1.0s"
310,3.5404999980528373,external,external,fault,2022-07-17 10:52:41.172,2022-07-17 10:52:41.172,1,0,1,11,external_11,False,0.1,0.05661081,-0.16859758,-10.728837,107.15481046510433,67.5011746172138,True,173.8724588847655,65.52940203030388,True,6.780785825267537,21.763479836543077,False,True,True,ALARM,"0.5s,1.0s"
311,3.6699000011140015,external,external,fault,2022-07-17 10:52:41.272,2022-07-17 10:52:41.272,1,0,1,11,external_11,False,0.1,0.073719553,-0.15893352,56.028373,116.95941546966532,67.5011746172138,True,172.03002945449055,65.52940203030388,True,6.654932855516677,21.763479836543077,False,True,True,ALARM,"0.5s,1.0s"
312,3.466499998467043,external,external,fault,2022-07-17 10:52:41.372,2022-07-17 10:52:41.372,1,0,1,11,external_11,False,0.1,0.056688075,-0.13642264,151.39582,93.01451460965022,67.5011746172138,True,132.18961894945633,65.52940203030388,True,6.956441644440928,21.763479836543077,False,True,True,ALARM,"0.5s,1.0s"
313,3.5039999966102187,external,external,fault,2022-07-17 10:52:41.472,2022-07-17 10:52:41.472,1,0,1,11,external_11,False,0.1,0.047405203,-0.16635228,-1.192093,89.45473180385106,67.5011746172138,True,135.17135689591979,65.52940203030388,True,6.850537999423497,21.763479836543077,False,True,True,ALARM,"0.5s,1.0s"
314,3.4664000013435725,external,external,fault,2022-07-17 10:52:41.572,2022-07-17 10:52:41.572,1,0,1,11,external_11,False,0.1,0.05030817,-0.16121355,-54.83628,93.89810429421632,67.5011746172138,True,141.99455779114336,65.52940203030388,True,6.466144194787634,21.763479836543077,False,True,True,ALARM,"0.5s,1.0s"
315,3.88310000198544,external,external,fault,2022-07-17 10:52:41.672,2022-07-17 10:52:41.672,1,0,1,11,external_11,False,0.1,0.057328273,-0.18203467,95.367443,93.17924714028737,67.5011746172138,True,133.7886505925344,65.52940203030388,True,6.54367952129006,21.763479836543077,False,True,True,ALARM,"0.5s,1.0s"
316,3.4967999999935273,external,external,fault,2022-07-17 10:52:41.772,2022-07-17 10:52:41.772,1,0,1,11,external_11,False,0.1,0.059988407,-0.19440697,-25.033954,96.12108547931459,67.5011746172138,True,152.7007322639929,65.52940203030388,True,7.2006690142223855,21.763479836543077,False,True,True,ALARM,"0.5s,1.0s"
317,3.583099998650141,external,external,fault,2022-07-17 10:52:41.872,2022-07-17 10:52:41.872,1,0,1,11,external_11,False,0.1,0.02546186,-0.18518272,-66.75721,105.39658663567461,67.5011746172138,True,152.15150594580658,65.52940203030388,True,7.351080302412991,21.763479836543077,False,True,True,ALARM,"0.5s,1.0s"
318,3.5177999998268206,external,external,fault,2022-07-17 10:52:41.972,2022-07-17 10:52:41.972,1,0,1,11,external_11,False,0.1,0.0067195087,-0.12889972,21.457675,88.35059297278445,67.5011746172138,True,142.86178211439758,65.52940203030388,True,6.512503566541049,21.763479836543077,False,True,True,ALARM,"0.5s,1.0s"
319,3.610899999330286,external,external,fault,2022-07-17 10:52:42.072,2022-07-17 10:52:42.072,1,0,1,11,external_11,False,0.1,0.04242711,-0.076181434,41.723256000000006,68.72463117520863,67.5011746172138,True,124.33097425285683,65.52940203030388,True,5.019268819959292,21.763479836543077,False,True,True,ALARM,"0.5s,1.0s"
320,3.3976999984588474,external,external,fault,2022-07-17 10:52:42.172,2022-07-17 10:52:42.172,1,0,1,11,external_11,False,0.1,0.1782926,-0.13204777,32.186512,77.6156381774645,67.5011746172138,True,122.83973555493938,65.52940203030388,True,6.20530929743568,21.763479836543077,False,True,True,ALARM,"0.5s,1.0s"
321,3.3358000000589527,external,external,fault,2022-07-17 10:52:42.272,2022-07-17 10:52:42.272,1,0,1,11,external_11,False,0.1,-0.28763917,0.09194998,-60.796745,90.41071312676279,67.5011746172138,True,117.59543075820632,65.52940203030388,True,15.175793083552323,21.763479836543077,False,True,True,ALARM,"0.5s,1.0s"
322,3.457999999227468,external,external,fault,2022-07-17 10:52:42.372,2022-07-17 10:52:42.372,1,0,1,11,external_11,False,0.1,-0.48794391,0.22085806,-98.943722,131.32649843974778,67.5011746172138,True,223.2824046049657,65.52940203030388,True,29.892699007622554,21.763479836543077,True,True,True,ALARM,"sample,0.5s,1.0s"
323,3.511800001433585,external,external,fault,2022-07-17 10:52:42.472,2022-07-17 10:52:42.472,1,0,1,11,external_11,False,0.1,-0.96386498,0.1775492,-123.97768,346.5898602953003,67.5011746172138,True,407.77643638026484,65.52940203030388,True,66.41284121027478,21.763479836543077,True,True,True,ALARM,"sample,0.5s,1.0s"
324,3.530400001181988,external,external,fault,2022-07-17 10:52:42.572,2022-07-17 10:52:42.572,1,0,1,11,external_11,False,0.1,-0.99543337,-0.0439602,-46.491628000000006,526.3424865340991,67.5011746172138,True,603.6010534803644,65.52940203030388,True,113.93526445971064,21.763479836543077,True,True,True,ALARM,"sample,0.5s,1.0s"
325,3.581000000849599,external,external,fault,2022-07-17 10:52:42.672,2022-07-17 10:52:42.672,1,0,1,11,external_11,False,0.1,-0.2890741,-0.58445287,-96.559536,600.2758594580057,67.5011746172138,True,596.3648833610829,65.52940203030388,True,159.14334494227623,21.763479836543077,True,True,True,ALARM,"sample,0.5s,1.0s"
326,3.392300000996329,external,external,fault,2022-07-17 10:52:42.772,2022-07-17 10:52:42.772,1,0,1,11,external_11,False,0.1,0.49622823,-0.70132428,-69.141396,652.0326330095154,67.5011746172138,True,543.6424958059911,65.52940203030388,True,154.82731541280788,21.763479836543077,True,True,True,ALARM,"sample,0.5s,1.0s"
327,3.612000000430271,external,external,fault,2022-07-17 10:52:42.872,2022-07-17 10:52:42.872,1,0,1,11,external_11,False,0.1,1.0064882,-0.28811937,-22.649768,758.7265846640753,67.5011746172138,True,694.944319731484,65.52940203030388,True,153.55804521302932,21.763479836543077,True,True,True,ALARM,"sample,0.5s,1.0s"
328,3.436900002270704,external,external,fault,2022-07-17 10:52:42.972,2022-07-17 10:52:42.972,1,0,1,11,external_11,False,0.1,0.91458666,0.13657824,-33.378605,776.4401553868507,67.5011746172138,True,855.3267774768283,65.52940203030388,True,158.72801010061755,21.763479836543077,True,True,True,ALARM,"sample,0.5s,1.0s"
329,3.674199997476535,external,external,fault,2022-07-17 10:52:43.072,2022-07-17 10:52:43.072,1,0,1,11,external_11,False,0.1,0.48363399,0.40670884,-84.638606,699.0019887004528,67.5011746172138,True,906.4346695377368,65.52940203030388,True,172.4725332951191,21.763479836543077,True,True,True,ALARM,"sample,0.5s,1.0s"
330,0.691100001859013,external,external,fault,2022-07-17 10:52:45.655,2022-07-17 10:52:45.655,1,0,1,12,external_12,True,2.583,0.05099252,0.30350599,-121.59349,0.0,67.5011746172138,False,0.0,65.52940203030388,False,0.0,21.763479836543077,False,False,False,정상,
331,0.7078999988152646,external,external,fault,2022-07-17 10:52:45.755,2022-07-17 10:52:45.755,1,0,1,12,external_12,False,0.1,-0.37009227,0.22240894,-60.796745,0.0,67.5011746172138,False,0.0,65.52940203030388,False,0.0,21.763479836543077,False,False,False,정상,
332,0.6853000013506971,external,external,fault,2022-07-17 10:52:45.855,2022-07-17 10:52:45.855,1,0,1,12,external_12,False,0.1,-0.94285986,0.23284843,-187.15861,0.0,67.5011746172138,False,0.0,65.52940203030388,False,55.39698854681845,21.763479836543077,True,True,False,WARNING,sample
333,0.7271000031323638,external,external,fault,2022-07-17 10:52:45.955,2022-07-17 10:52:45.955,1,0,1,12,external_12,False,0.1,-1.1426237,0.032449491,50.067908,0.0,67.5011746172138,False,0.0,65.52940203030388,False,113.04662846239175,21.763479836543077,True,True,True,ALARM,sample
334,2.1785999997518957,external,external,fault,2022-07-17 10:52:46.055,2022-07-17 10:52:46.055,1,0,1,12,external_12,False,0.1,-0.70564438,-0.38987551,-69.141396,614.4114969659892,67.5011746172138,True,0.0,65.52940203030388,False,174.72101837527,21.763479836543077,True,True,True,ALARM,"sample,0.5s"
335,2.1760000017820857,external,external,fault,2022-07-17 10:52:46.155,2022-07-17 10:52:46.155,1,0,1,12,external_12,False,0.1,0.28981953,-0.67905645,-121.59349,620.7513613331072,67.5011746172138,True,0.0,65.52940203030388,False,176.30549495105822,21.763479836543077,True,True,True,ALARM,"sample,0.5s"
336,2.295499998581363,external,external,fault,2022-07-17 10:52:46.255,2022-07-17 10:52:46.255,1,0,1,12,external_12,False,0.1,1.1314041,-0.32013228,-102.52,761.817760762129,67.5011746172138,True,0.0,65.52940203030388,False,176.52247654835688,21.763479836543077,True,True,True,ALARM,"sample,0.5s"
337,2.1272000012686476,external,external,fault,2022-07-17 10:52:46.355,2022-07-17 10:52:46.355,1,0,1,12,external_12,False,0.1,1.125852,0.14355719,25.033954,801.396856638813,67.5011746172138,True,0.0,65.52940203030388,False,179.110106560835,21.763479836543077,True,True,True,ALARM,"sample,0.5s"
338,2.2863999984110706,external,external,fault,2022-07-17 10:52:46.455,2022-07-17 10:52:46.455,1,0,1,12,external_12,False,0.1,0.46330218,0.41129203,-109.67256,678.3014543001821,67.5011746172138,True,0.0,65.52940203030388,False,203.8079054619977,21.763479836543077,True,True,True,ALARM,"sample,0.5s"
339,3.334100001666229,external,external,fault,2022-07-17 10:52:46.555,2022-07-17 10:52:46.555,1,0,1,12,external_12,False,0.1,-0.22116894,0.31135297,-35.762791,656.3163235726587,67.5011746172138,True,852.6876871427118,65.52940203030388,True,161.677818375888,21.763479836543077,True,True,True,ALARM,"sample,0.5s,1.0s"
340,3.5268000028736424,external,external,fault,2022-07-17 10:52:46.655,2022-07-17 10:52:46.655,1,0,1,12,external_12,False,0.1,-1.0267589,0.23571871,-82.25442,759.8726763196875,67.5011746172138,True,852.7738069640595,65.52940203030388,True,128.57572795925662,21.763479836543077,True,True,True,ALARM,"sample,0.5s,1.0s"
341,3.369800000655232,external,external,fault,2022-07-17 10:52:46.755,2022-07-17 10:52:46.755,1,0,1,12,external_12,False,0.1,-1.3702583,0.17536177,-38.146977,900.0666457659106,67.5011746172138,True,940.8551769280083,65.52940203030388,True,134.3637552961242,21.763479836543077,True,True,True,ALARM,"sample,0.5s,1.0s"
342,3.5772000010183547,external,external,fault,2022-07-17 10:52:46.855,2022-07-17 10:52:46.855,1,0,1,12,external_12,False,0.1,-0.37811682,-0.11337937,-60.796745,757.0109041828484,67.5011746172138,True,1001.5213220653723,65.52940203030388,True,199.0008467065784,21.763479836543077,True,True,True,ALARM,"sample,0.5s,1.0s"
343,3.6417999981495086,external,external,fault,2022-07-17 10:52:46.955,2022-07-17 10:52:46.955,1,0,1,12,external_12,False,0.1,-0.028667994,0.11418309,-51.260001,706.7827065323947,67.5011746172138,True,994.9615667695612,65.52940203030388,True,160.95632553732327,21.763479836543077,True,True,True,ALARM,"sample,0.5s,1.0s"
344,3.4904999993159436,external,external,fault,2022-07-17 10:52:47.055,2022-07-17 10:52:47.055,1,0,1,12,external_12,False,0.1,0.033188389,0.031674052,-33.378605,682.5458959309437,67.5011746172138,True,1045.3636307333065,65.52940203030388,True,90.88372097350843,21.763479836543077,True,True,True,ALARM,"sample,0.5s,1.0s"
345,3.428899999562418,external,external,fault,2022-07-17 10:52:47.155,2022-07-17 10:52:47.155,1,0,1,12,external_12,False,0.1,-0.055313481,0.043907473,0.0,462.88055759282094,67.5011746172138,True,973.1155717980074,65.52940203030388,True,8.451604962808032,21.763479836543077,False,True,True,ALARM,"0.5s,1.0s"
346,3.5018999988096766,external,external,fault,2022-07-17 10:52:47.255,2022-07-17 10:52:47.255,1,0,1,12,external_12,False,0.1,-0.14841815,0.11519001,-33.378605,74.10576825727055,67.5011746172138,True,777.6665148134332,65.52940203030388,True,4.4910090005789405,21.763479836543077,False,True,True,ALARM,"0.5s,1.0s"
347,3.4244999988004565,external,external,fault,2022-07-17 10:52:47.355,2022-07-17 10:52:47.355,1,0,1,12,external_12,False,0.1,-0.14532754,0.16518847,-23.841861,91.34928125093874,67.5011746172138,True,604.2954901501162,65.52940203030388,True,7.218992449191066,21.763479836543077,False,True,True,ALARM,"0.5s,1.0s"
348,3.508899997541448,external,external,fault,2022-07-17 10:52:47.455,2022-07-17 10:52:47.455,1,0,1,12,external_12,False,0.1,-0.1112094,0.18936597,61.988838,79.84522699774027,67.5011746172138,True,716.9100889726858,65.52940203030388,True,10.501341081091,21.763479836543077,False,True,True,ALARM,"0.5s,1.0s"
349,3.4166000004915986,external,external,fault,2022-07-17 10:52:47.555,2022-07-17 10:52:47.555,1,0,1,12,external_12,False,0.1,-0.18424717,0.23619324,2.3841861,128.4918109691051,67.5011746172138,True,724.1241907698151,65.52940203030388,True,13.308759727604352,21.763479836543077,False,True,True,ALARM,"0.5s,1.0s"
350,3.4493999992264435,external,external,fault,2022-07-17 10:52:47.655,2022-07-17 10:52:47.655,1,0,1,12,external_12,False,0.1,-0.18753647,0.23327666,4.7683722,177.46168921220027,67.5011746172138,True,570.214050935534,65.52940203030388,True,16.137932635347713,21.763479836543077,False,True,True,ALARM,"0.5s,1.0s"
351,3.504099997371668,external,external,fault,2022-07-17 10:52:47.755,2022-07-17 10:52:47.755,1,0,1,12,external_12,False,0.1,-0.18690731,0.2617943,72.717675,206.35967345368852,67.5011746172138,True,249.50481415491703,65.52940203030388,True,19.348706142928535,21.763479836543077,False,True,True,ALARM,"0.5s,1.0s"
352,3.6199999995005783,external,external,fault,2022-07-17 10:52:47.855,2022-07-17 10:52:47.855,1,0,1,12,external_12,False,0.1,-0.21126795,0.24416753,157.35628000000003,223.66955455780467,67.5011746172138,True,226.93286979702594,65.52940203030388,True,22.283852778777543,21.763479836543077,True,True,True,ALARM,"sample,0.5s,1.0s"
353,3.5294000008434523,external,external,fault,2022-07-17 10:52:47.955,2022-07-17 10:52:47.955,1,0,1,12,external_12,False,0.1,-0.23867505,0.27229167,-13.113023,282.27489540202083,67.5011746172138,True,257.9219035255004,65.52940203030388,True,24.932644454311628,21.763479836543077,True,True,True,ALARM,"sample,0.5s,1.0s"
354,3.6878999999316875,external,external,fault,2022-07-17 10:52:48.055,2022-07-17 10:52:48.055,1,0,1,12,external_12,False,0.1,0.063829596,-0.068716385,10.728837,125.2815957589865,67.5011746172138,True,223.6572225471329,65.52940203030388,True,26.561140081445306,21.763479836543077,True,True,True,ALARM,"sample,0.5s,1.0s"
355,3.705999999510823,external,external,fault,2022-07-17 10:52:48.155,2022-07-17 10:52:48.155,1,0,1,12,external_12,False,0.1,0.04920438,-0.14322799,71.525582,82.69373775206653,67.5011746172138,True,200.68162626681405,65.52940203030388,True,19.801204176638908,21.763479836543077,False,True,True,ALARM,"0.5s,1.0s"
356,3.5037000016018283,external,external,fault,2022-07-17 10:52:48.255,2022-07-17 10:52:48.255,1,0,1,12,external_12,False,0.1,0.032172903,-0.096528031,8.344651299999999,55.52020454949276,67.5011746172138,False,194.6795801402008,65.52940203030388,True,12.092276143253647,21.763479836543077,False,True,True,ALARM,1.0s
357,3.5753000011027325,external,external,fault,2022-07-17 10:52:48.355,2022-07-17 10:52:48.355,1,0,1,12,external_12,False,0.1,0.055473906,-0.13626061,112.05675,54.163100879429784,67.5011746172138,False,157.32550638322616,65.52940203030388,True,4.916748438412707,21.763479836543077,False,True,True,ALARM,1.0s
358,3.5180000013497192,external,external,fault,2022-07-17 10:52:48.455,2022-07-17 10:52:48.455,1,0,1,12,external_12,False,0.1,0.098002929,-0.12149254,88.21488500000001,48.5252533877194,67.5011746172138,False,156.0924061373004,65.52940203030388,True,5.67954686612914,21.763479836543077,False,True,True,ALARM,1.0s
359,3.516900000249734,external,external,fault,2022-07-17 10:52:48.555,2022-07-17 10:52:48.555,1,0,1,12,external_12,False,0.1,0.075132404,-0.10890034,19.073489,54.83320402081776,67.5011746172138,False,140.7017776854258,65.52940203030388,True,6.4589269602696175,21.763479836543077,False,True,True,ALARM,1.0s
360,3.444500001933193,external,external,fault,2022-07-17 10:52:48.655,2022-07-17 10:52:48.655,1,0,1,12,external_12,False,0.1,0.080066344,-0.095567413,-1.192093,56.13743509230998,67.5011746172138,False,122.67425076919685,65.52940203030388,True,6.234661316677926,21.763479836543077,False,True,True,ALARM,1.0s
361,3.5032000014325604,external,external,fault,2022-07-17 10:52:48.755,2022-07-17 10:52:48.755,1,0,1,12,external_12,False,0.1,0.046864346,-0.12818215,45.299535000000006,59.02446693109965,67.5011746172138,False,104.16412464740806,65.52940203030388,True,5.491676674094599,21.763479836543077,False,True,True,ALARM,1.0s
362,3.507900000840891,external,external,fault,2022-07-17 10:52:48.855,2022-07-17 10:52:48.855,1,0,1,12,external_12,False,0.1,0.059580005,-0.14729036,78.67814000000001,61.24799244198834,67.5011746172138,False,109.66576515119829,65.52940203030388,True,4.998467449040651,21.763479836543077,False,True,True,ALARM,1.0s
363,3.7236999996821396,external,external,fault,2022-07-17 10:52:48.955,2022-07-17 10:52:48.955,1,0,1,12,external_12,False,0.1,0.058023661,-0.10798601,4.7683722,71.23194673216409,67.5011746172138,True,74.43651590124686,65.52940203030388,True,5.294605430849528,21.763479836543077,False,True,True,ALARM,"0.5s,1.0s"
364,3.455699999904027,external,external,fault,2022-07-17 10:52:49.055,2022-07-17 10:52:49.055,1,0,1,12,external_12,False,0.1,0.086920879,-0.11391176,64.373024,67.2938236514698,67.5011746172138,False,82.803695705224,65.52940203030388,True,5.667959473336549,21.763479836543077,False,True,True,ALARM,1.0s
365,3.426200000831159,external,external,fault,2022-07-17 10:52:49.155,2022-07-17 10:52:49.155,1,0,1,12,external_12,False,0.1,-0.011537175,-0.099433035,29.802326,57.73531378538702,67.5011746172138,False,71.77862198810746,65.52940203030388,True,5.389594773100089,21.763479836543077,False,True,True,ALARM,1.0s
366,3.5782000013568904,external,external,fault,2022-07-17 10:52:49.255,2022-07-17 10:52:49.255,1,0,1,12,external_12,False,0.1,-0.01755283,-0.095856756,87.022792,45.27085255060771,67.5011746172138,False,70.4219326664846,65.52940203030388,True,4.51653616582992,21.763479836543077,False,True,True,ALARM,1.0s
367,3.492499999993015,external,external,fault,2022-07-17 10:52:49.355,2022-07-17 10:52:49.355,1,0,1,12,external_12,False,0.1,0.021168118,-0.12003425,123.97768,44.92527082395296,67.5011746172138,False,66.67961700355396,65.52940203030388,True,3.7671577762820387,21.763479836543077,False,True,True,ALARM,1.0s
368,3.649099999165628,external,external,fault,2022-07-17 10:52:49.455,2022-07-17 10:52:49.455,1,0,1,12,external_12,False,0.1,0.024755435,-0.12576324,-3.5762791000000003,45.73947409695298,67.5011746172138,False,64.86697708321509,65.52940203030388,False,3.552623415258703,21.763479836543077,False,False,False,정상,
369,3.4658000004128553,external,external,fault,2022-07-17 10:52:49.555,2022-07-17 10:52:49.555,1,0,1,12,external_12,False,0.1,0.028166146,-0.096354425,17.881396,43.07079775870938,67.5011746172138,False,62.78242843296885,65.52940203030388,False,3.5816164040413567,21.763479836543077,False,False,False,정상,
370,3.5180000013497192,external,external,fault,2022-07-17 10:52:49.655,2022-07-17 10:52:49.655,1,0,1,12,external_12,False,0.1,0.0120177,-0.062339266,2.3841861,36.38387597475538,67.5011746172138,False,57.6175121586844,65.52940203030388,False,2.9469712656825386,21.763479836543077,False,False,False,정상,
371,3.4921000005851965,external,external,fault,2022-07-17 10:52:49.755,2022-07-17 10:52:49.755,1,0,1,12,external_12,False,0.1,-0.10889144,-0.1277655,90.599071,37.73039182877813,67.5011746172138,False,49.83455386057069,65.52940203030388,False,3.1888606066970397,21.763479836543077,False,False,False,정상,
372,0.7128999968699645,external,external,fault,2022-07-17 10:52:53.769,2022-07-17 10:52:53.769,1,0,1,13,external_13,True,4.014,-0.18935772,-0.17257894,46.491628000000006,0.0,67.5011746172138,False,0.0,65.52940203030388,False,0.0,21.763479836543077,False,False,False,정상,
373,0.7053000008454546,external,external,fault,2022-07-17 10:52:53.869,2022-07-17 10:52:53.869,1,0,1,13,external_13,False,0.1,-0.096606259,0.0969614,137.0907,0.0,67.5011746172138,False,0.0,65.52940203030388,False,0.0,21.763479836543077,False,False,False,정상,
374,0.7213999997475185,external,external,fault,2022-07-17 10:52:53.969,2022-07-17 10:52:53.969,1,0,1,13,external_13,False,0.1,1.1976205,-0.57166391,137.0907,0.0,67.5011746172138,False,0.0,65.52940203030388,False,76.25489280872766,21.763479836543077,True,True,False,WARNING,sample
375,0.7028999971225858,external,external,fault,2022-07-17 10:52:54.069,2022-07-17 10:52:54.069,1,0,1,13,external_13,False,0.1,1.7322521,-0.38215584,184.77442,0.0,67.5011746172138,False,0.0,65.52940203030388,False,177.14608267122495,21.763479836543077,True,True,True,ALARM,sample
376,2.1753999972133897,external,external,fault,2022-07-17 10:52:54.169,2022-07-17 10:52:54.169,1,0,1,13,external_13,False,0.1,1.7014895,-0.050383614,67.949303,1284.640767639519,67.5011746172138,True,0.0,65.52940203030388,False,308.03448217713435,21.763479836543077,True,True,True,ALARM,"sample,0.5s"
377,2.2105999996711034,external,external,fault,2022-07-17 10:52:54.269,2022-07-17 10:52:54.269,1,0,1,13,external_13,False,0.1,0.63208269,0.37061041,91.791164,1248.9588801278367,67.5011746172138,True,0.0,65.52940203030388,False,361.1410030748757,21.763479836543077,True,True,True,ALARM,"sample,0.5s"
378,2.1267000010993797,external,external,fault,2022-07-17 10:52:54.369,2022-07-17 10:52:54.369,1,0,1,13,external_13,False,0.1,-0.29920689,0.32041519,102.52,1313.2006699203273,67.5011746172138,True,0.0,65.52940203030388,False,283.1305435463725,21.763479836543077,True,True,True,ALARM,"sample,0.5s"
379,2.1133999980520457,external,external,fault,2022-07-17 10:52:54.469,2022-07-17 10:52:54.469,1,0,1,13,external_13,False,0.1,-1.140957,0.12966873,79.870234,1172.0500309600125,67.5011746172138,True,0.0,65.52940203030388,False,197.76096778920223,21.763479836543077,True,True,True,ALARM,"sample,0.5s"
380,2.135499998985324,external,external,fault,2022-07-17 10:52:54.569,2022-07-17 10:52:54.569,1,0,1,13,external_13,False,0.1,-1.2157167,0.26427108,128.74605,1020.297345288574,67.5011746172138,True,0.0,65.52940203030388,False,146.36644658081906,21.763479836543077,True,True,True,ALARM,"sample,0.5s"
381,3.4907000008388422,external,external,fault,2022-07-17 10:52:54.669,2022-07-17 10:52:54.669,1,0,1,13,external_13,False,0.1,-1.0898847,0.12224998,79.870234,984.883946683133,67.5011746172138,True,1517.1367941480994,65.52940203030388,True,203.186168502053,21.763479836543077,True,True,True,ALARM,"sample,0.5s,1.0s"
382,3.589700001612073,external,external,fault,2022-07-17 10:52:54.769,2022-07-17 10:52:54.769,1,0,1,13,external_13,False,0.1,-0.028789411,-0.19154826,-116.82512,829.2552628310185,67.5011746172138,True,1571.133098484703,65.52940203030388,True,206.74225150206993,21.763479836543077,True,True,True,ALARM,"sample,0.5s,1.0s"
383,3.4540000015113037,external,external,fault,2022-07-17 10:52:54.869,2022-07-17 10:52:54.869,1,0,1,13,external_13,False,0.1,-0.042388102,0.079299905,52.452094,825.0074365499578,67.5011746172138,True,1660.3100055171396,65.52940203030388,True,137.8493348858504,21.763479836543077,True,True,True,ALARM,"sample,0.5s,1.0s"
384,3.4947000021929853,external,external,fault,2022-07-17 10:52:54.969,2022-07-17 10:52:54.969,1,0,1,13,external_13,False,0.1,-0.37124021,-0.13426993,141.85907,585.8873745156247,67.5011746172138,True,1427.2914386249727,65.52940203030388,True,62.46839731786196,21.763479836543077,True,True,True,ALARM,"sample,0.5s,1.0s"
385,3.4698000017669983,external,external,fault,2022-07-17 10:52:55.069,2022-07-17 10:52:55.069,1,0,1,13,external_13,False,0.1,0.12527758,-0.33771276,92.983257,296.36877908231344,67.5011746172138,True,976.4596563215424,65.52940203030388,True,25.096419893707793,21.763479836543077,True,True,True,ALARM,"sample,0.5s,1.0s"
386,3.593200002796948,external,external,fault,2022-07-17 10:52:55.169,2022-07-17 10:52:55.169,1,0,1,13,external_13,False,0.1,1.0739298,-0.56628213,8.344651299999999,374.4987204353602,67.5011746172138,True,924.9633096677601,65.52940203030388,True,79.31107845503622,21.763479836543077,True,True,True,ALARM,"sample,0.5s,1.0s"
387,3.422300000238465,external,external,fault,2022-07-17 10:52:55.269,2022-07-17 10:52:55.269,1,0,1,13,external_13,False,0.1,1.1273863,-0.19621247,70.333489,628.978285051984,67.5011746172138,True,1310.0020710595863,65.52940203030388,True,154.01481752727656,21.763479836543077,True,True,True,ALARM,"sample,0.5s,1.0s"
388,3.5882999982277397,external,external,fault,2022-07-17 10:52:55.369,2022-07-17 10:52:55.369,1,0,1,13,external_13,False,0.1,0.72017615,0.19315058,115.63302,676.608366026401,67.5011746172138,True,1358.443161225594,65.52940203030388,True,213.74336375017234,21.763479836543077,True,True,True,ALARM,"sample,0.5s,1.0s"
389,3.550499997800216,external,external,fault,2022-07-17 10:52:55.469,2022-07-17 10:52:55.469,1,0,1,13,external_13,False,0.1,0.093808528,0.42053943,157.35628000000003,665.3395184165,67.5011746172138,True,1042.3942445614719,65.52940203030388,True,188.28727849850398,21.763479836543077,True,True,True,ALARM,"sample,0.5s,1.0s"
390,3.45730000117328,external,external,fault,2022-07-17 10:52:55.569,2022-07-17 10:52:55.569,1,0,1,13,external_13,False,0.1,-0.4873589,0.25747731,119.2093,685.112143856956,67.5011746172138,True,680.8649847206428,65.52940203030388,True,126.78127056960663,21.763479836543077,True,True,True,ALARM,"sample,0.5s,1.0s"
391,3.4636999989743344,external,external,fault,2022-07-17 10:52:55.669,2022-07-17 10:52:55.669,1,0,1,13,external_13,False,0.1,-0.94513367,0.16392694,78.67814000000001,599.6179912906398,67.5011746172138,True,590.0839629974627,65.52940203030388,True,91.9771718865038,21.763479836543077,True,True,True,ALARM,"sample,0.5s,1.0s"
392,3.5066999989794567,external,external,fault,2022-07-17 10:52:55.769,2022-07-17 10:52:55.769,1,0,1,13,external_13,False,0.1,-0.93209791,0.26225725,112.05675,665.4370968811062,67.5011746172138,True,792.8171993872738,65.52940203030388,True,116.58030692667994,21.763479836543077,True,True,True,ALARM,"sample,0.5s,1.0s"
393,3.6104999999224674,external,external,fault,2022-07-17 10:52:55.869,2022-07-17 10:52:55.869,1,0,1,13,external_13,False,0.1,-0.71619662,-0.036460431,141.85907,657.6628783160447,67.5011746172138,True,942.9359825019534,65.52940203030388,True,153.5266479311805,21.763479836543077,True,True,True,ALARM,"sample,0.5s,1.0s"
394,3.5059000001638196,external,external,fault,2022-07-17 10:52:55.969,2022-07-17 10:52:55.969,1,0,1,13,external_13,False,0.1,-0.036813963,-0.60066765,103.71209,650.5397314818275,67.5011746172138,True,951.3797792772978,65.52940203030388,True,153.62747429555782,21.763479836543077,True,True,True,ALARM,"sample,0.5s,1.0s"
395,3.480800001852913,external,external,fault,2022-07-17 10:52:56.069,2022-07-17 10:52:56.069,1,0,1,13,external_13,False,0.1,0.87371332,-0.59676731,122.78558,706.4065238146223,67.5011746172138,True,872.2400207714159,65.52940203030388,True,148.22875698311714,21.763479836543077,True,True,True,ALARM,"sample,0.5s,1.0s"
396,3.5404999980528373,external,external,fault,2022-07-17 10:52:56.169,2022-07-17 10:52:56.169,1,0,1,13,external_13,False,0.1,0.87611958,-0.095521118,47.683722,637.4828395707948,67.5011746172138,True,681.8666069310269,65.52940203030388,True,156.19897333971838,21.763479836543077,True,True,True,ALARM,"sample,0.5s,1.0s"
397,3.437700001086341,external,external,fault,2022-07-17 10:52:56.269,2022-07-17 10:52:56.269,1,0,1,13,external_13,False,0.1,0.44824649,0.36779799,156.16419,512.5935958535447,67.5011746172138,True,721.0629517980595,65.52940203030388,True,168.15509911101557,21.763479836543077,True,True,True,ALARM,"sample,0.5s,1.0s"
398,3.390999998373445,external,external,fault,2022-07-17 10:52:56.369,2022-07-17 10:52:56.369,1,0,1,13,external_13,False,0.1,-0.12838437,0.29427016,137.0907,463.29977565277693,67.5011746172138,True,777.3100138513594,65.52940203030388,True,132.96937070016074,21.763479836543077,True,True,True,ALARM,"sample,0.5s,1.0s"
399,3.6675000010291114,external,external,fault,2022-07-17 10:52:56.469,2022-07-17 10:52:56.469,1,0,1,13,external_13,False,0.1,-0.69726662,0.27921275,125.16977,517.9890954689148,67.5011746172138,True,751.0925163900179,65.52940203030388,True,95.0410026739703,21.763479836543077,True,True,True,ALARM,"sample,0.5s,1.0s"
400,0.6745999999111518,external,external,fault,2022-07-17 10:53:01.909,2022-07-17 10:53:01.909,1,0,1,14,external_14,True,5.44,-0.82649834,0.21663365,118.01721,0.0,67.5011746172138,False,0.0,65.52940203030388,False,0.0,21.763479836543077,False,False,False,정상,
401,0.6766000005882233,external,external,fault,2022-07-17 10:53:02.009,2022-07-17 10:53:02.009,1,0,1,14,external_14,False,0.1,-0.1667521,-0.25984478,34.570698,0.0,67.5011746172138,False,0.0,65.52940203030388,False,0.0,21.763479836543077,False,False,False,정상,
402,0.7220999978017062,external,external,fault,2022-07-17 10:53:02.109,2022-07-17 10:53:02.109,1,0,1,14,external_14,False,0.1,0.081986939,-0.12645767,75.101861,0.0,67.5011746172138,False,0.0,65.52940203030388,False,96.42808411508817,21.763479836543077,True,True,False,WARNING,sample
403,0.7057000002532732,external,external,fault,2022-07-17 10:53:02.209,2022-07-17 10:53:02.209,1,0,1,14,external_14,False,0.1,0.18235455,-0.13033486,-32.186512,0.0,67.5011746172138,False,0.0,65.52940203030388,False,52.88094555894983,21.763479836543077,True,True,True,ALARM,sample
404,2.0736000005854294,external,external,fault,2022-07-17 10:53:02.309,2022-07-17 10:53:02.309,1,0,1,14,external_14,False,0.1,-0.050103593,-0.12848307,138.28279,191.8910685222894,67.5011746172138,True,0.0,65.52940203030388,False,12.081055971018543,21.763479836543077,False,True,True,ALARM,0.5s
405,2.130500000930624,external,external,fault,2022-07-17 10:53:02.409,2022-07-17 10:53:02.409,1,0,1,14,external_14,False,0.1,0.0014213174,-0.029620363,56.028373,51.80810209337174,67.5011746172138,False,0.0,65.52940203030388,False,9.100640384815607,21.763479836543077,False,False,False,정상,
406,2.157200000510784,external,external,fault,2022-07-17 10:53:02.509,2022-07-17 10:53:02.509,1,0,1,14,external_14,False,0.1,0.13161333,-0.059191214,-14.305116,33.86641103744216,67.5011746172138,False,0.0,65.52940203030388,False,7.039784475513303,21.763479836543077,False,False,False,정상,
407,2.2061000017856713,external,external,fault,2022-07-17 10:53:02.609,2022-07-17 10:53:02.609,1,0,1,14,external_14,False,0.1,-0.085998839,-0.054469137,87.022792,27.504180256201273,67.5011746172138,False,0.0,65.52940203030388,False,5.90898895509346,21.763479836543077,False,False,False,정상,
408,2.309600000444334,external,external,fault,2022-07-17 10:53:02.709,2022-07-17 10:53:02.709,1,0,1,14,external_14,False,0.1,-0.089045299,-0.011507493,38.146977,16.63007051591137,67.5011746172138,False,0.0,65.52940203030388,False,6.008659472427776,21.763479836543077,False,False,False,정상,
409,3.551100002368912,external,external,fault,2022-07-17 10:53:02.809,2022-07-17 10:53:02.809,1,0,1,14,external_14,False,0.1,-0.038944277,-0.02724775,-15.497209,19.669012793379544,67.5011746172138,False,210.23784831090884,65.52940203030388,True,5.056379984022659,21.763479836543077,False,True,False,WARNING,1.0s
410,3.518199999234639,external,external,fault,2022-07-17 10:53:02.909,2022-07-17 10:53:02.909,1,0,1,14,external_14,False,0.1,-0.027453825,0.0023115274,30.994419,17.779027822137188,67.5011746172138,False,60.57664337704854,65.52940203030388,False,3.106946329013759,21.763479836543077,False,False,False,정상,
411,3.59530000059749,external,external,fault,2022-07-17 10:53:03.009,2022-07-17 10:53:03.009,1,0,1,14,external_14,False,0.1,-0.13069129,0.038236351,67.949303,18.551960187963783,67.5011746172138,False,53.19296720589461,65.52940203030388,False,3.572120292960746,21.763479836543077,False,False,False,정상,
412,3.4627000022737775,external,external,fault,2022-07-17 10:53:03.109,2022-07-17 10:53:03.109,1,0,1,14,external_14,False,0.1,-0.10844992,0.052321566,-17.881396,31.36582787188666,67.5011746172138,False,58.53378390402307,65.52940203030388,False,4.802084238765176,21.763479836543077,False,False,False,정상,
413,3.593400000681868,external,external,fault,2022-07-17 10:53:03.209,2022-07-17 10:53:03.209,1,0,1,14,external_14,False,0.1,-0.016736026,-0.021727087,60.796745,35.44637005194361,67.5011746172138,False,29.006195514583517,65.52940203030388,False,6.067340785279864,21.763479836543077,False,False,False,정상,
414,3.559799999493407,external,external,fault,2022-07-17 10:53:03.309,2022-07-17 10:53:03.309,1,0,1,14,external_14,False,0.1,-0.026868816,-0.00098698244,78.67814000000001,17.576718323402186,67.5011746172138,False,32.67754539033166,65.52940203030388,False,4.786744957044819,21.763479836543077,False,False,False,정상,
415,0.7337999995797873,external,external,fault,2022-07-17 10:53:11.764,2022-07-17 10:53:11.764,1,0,1,15,external_15,True,8.455,-0.043072451,0.0020106107,109.67256,0.0,67.5011746172138,False,0.0,65.52940203030388,False,0.0,21.763479836543077,False,False,False,정상,
416,0.6638999984716065,external,external,fault,2022-07-17 10:53:11.864,2022-07-17 10:53:11.864,1,0,1,15,external_15,False,0.1,-0.002662705,0.019035551,23.841861,0.0,67.5011746172138,False,0.0,65.52940203030388,False,0.0,21.763479836543077,False,False,False,정상,
417,0.6723000005877111,external,external,fault,2022-07-17 10:53:11.964,2022-07-17 10:53:11.964,1,0,1,15,external_15,False,0.1,0.019026766,0.011570502,-10.728837,0.0,67.5011746172138,False,0.0,65.52940203030388,False,1.8793384744646833,21.763479836543077,False,False,False,정상,
418,0.7236000019474886,external,external,fault,2022-07-17 10:53:12.064,2022-07-17 10:53:12.064,1,0,1,15,external_15,False,0.1,0.020770754,0.032183296,77.486047,0.0,67.5011746172138,False,0.0,65.52940203030388,False,2.136063545991108,21.763479836543077,False,False,False,정상,
419,2.140199998393655,external,external,fault,2022-07-17 10:53:12.164,2022-07-17 10:53:12.164,1,0,1,15,external_15,False,0.1,0.028949836,0.019892006,108.48047,15.062830731961755,67.5011746172138,False,0.0,65.52940203030388,False,1.9386054390239076,21.763479836543077,False,False,False,정상,
420,2.292400000442285,external,external,fault,2022-07-17 10:53:12.264,2022-07-17 10:53:12.264,1,0,1,15,external_15,False,0.1,0.048619371,0.010123788,-3.5762791000000003,10.480451992400797,67.5011746172138,False,0.0,65.52940203030388,False,2.264671974368867,21.763479836543077,False,False,False,정상,
421,2.1231999999145046,external,external,fault,2022-07-17 10:53:12.364,2022-07-17 10:53:12.364,1,0,1,15,external_15,False,0.1,-0.036074424,-0.0062298771,-34.570698,11.182497542097282,67.5011746172138,False,0.0,65.52940203030388,False,2.195102135018561,21.763479836543077,False,False,False,정상,
422,2.2214999989955686,external,external,fault,2022-07-17 10:53:12.464,2022-07-17 10:53:12.464,1,0,1,15,external_15,False,0.1,-0.028127137,0.016963855,34.570698,8.99905245521394,67.5011746172138,False,0.0,65.52940203030388,False,2.262751265819944,21.763479836543077,False,False,False,정상,
423,2.209400001447648,external,external,fault,2022-07-17 10:53:12.564,2022-07-17 10:53:12.564,1,0,1,15,external_15,False,0.1,-0.011537175,0.042229284,42.915349000000006,11.31360492398517,67.5011746172138,False,0.0,65.52940203030388,False,1.9254410857632254,21.763479836543077,False,False,False,정상,
424,3.5108999982185196,external,external,fault,2022-07-17 10:53:12.664,2022-07-17 10:53:12.664,1,0,1,15,external_15,False,0.1,-0.016128941,0.01209132,70.333489,12.812939359694592,67.5011746172138,False,10.425886885256483,65.52940203030388,False,1.8003355956233393,21.763479836543077,False,False,False,정상,
425,3.442399996856693,external,external,fault,2022-07-17 10:53:12.764,2022-07-17 10:53:12.764,1,0,1,15,external_15,False,0.1,-0.027553166,0.029278292,139.47489000000002,25.834363443920857,67.5011746172138,False,17.951368771573208,65.52940203030388,False,1.9534261341440822,21.763479836543077,False,False,False,정상,
426,3.3801999998104293,external,external,fault,2022-07-17 10:53:12.864,2022-07-17 10:53:12.864,1,0,1,15,external_15,False,0.1,0.031632046,0.0671475,47.683722,12.545032609325828,67.5011746172138,False,18.92141793201039,65.52940203030388,False,2.5500484737840234,21.763479836543077,False,False,False,정상,
427,3.428299998631701,external,external,fault,2022-07-17 10:53:12.964,2022-07-17 10:53:12.964,1,0,1,15,external_15,False,0.1,-0.047940165,0.031535167,42.915349000000006,11.054622016663831,67.5011746172138,False,25.902347732192077,65.52940203030388,False,2.6764148432690362,21.763479836543077,False,False,False,정상,
428,3.5180999984731898,external,external,fault,2022-07-17 10:53:13.064,2022-07-17 10:53:13.064,1,0,1,15,external_15,False,0.1,-0.10146293,0.039034937,96.559536,10.454782217366324,67.5011746172138,False,22.465567888107664,65.52940203030388,False,3.348735303967677,21.763479836543077,False,False,False,정상,
429,3.541999998560641,external,external,fault,2022-07-17 10:53:13.164,2022-07-17 10:53:13.164,1,0,1,15,external_15,False,0.1,-0.10050264,0.060411596,63.180931,16.252378812134655,67.5011746172138,False,38.3396059581288,65.52940203030388,False,4.287903183763697,21.763479836543077,False,False,False,정상,
430,3.5270999978820328,external,external,fault,2022-07-17 10:53:13.264,2022-07-17 10:53:13.264,1,0,1,15,external_15,False,0.1,-0.089332284,0.036824357,47.683722,21.83019999902417,67.5011746172138,False,50.35783993542044,65.52940203030388,False,5.30863571289121,21.763479836543077,False,False,False,정상,
431,3.4272000011696946,external,external,fault,2022-07-17 10:53:13.364,2022-07-17 10:53:13.364,1,0,1,15,external_15,False,0.1,-0.064761922,0.032842998,66.75721,28.759648789173006,67.5011746172138,False,36.67789145119732,65.52940203030388,False,5.031069453737757,21.763479836543077,False,False,False,정상,
432,3.5104000016872305,external,external,fault,2022-07-17 10:53:13.464,2022-07-17 10:53:13.464,1,0,1,15,external_15,False,0.1,-0.089376436,-0.086979713,109.67256,25.033425753351978,67.5011746172138,False,46.164518155179806,65.52940203030388,False,4.764831188229835,21.763479836543077,False,False,False,정상,
433,3.580199998395983,external,external,fault,2022-07-17 10:53:13.564,2022-07-17 10:53:13.564,1,0,1,15,external_15,False,0.1,-0.056450384,0.098130345,146.62744,19.764798183591495,67.5011746172138,False,63.96373321951571,65.52940203030388,False,4.577474780519316,21.763479836543077,False,False,False,정상,
434,3.5848000006808434,external,external,fault,2022-07-17 10:53:13.664,2022-07-17 10:53:13.664,1,0,1,15,external_15,False,0.1,-0.18893828,0.078235123,21.457675,21.186735633705663,67.5011746172138,False,43.724783394320006,65.52940203030388,False,7.079789532696527,21.763479836543077,False,False,False,정상,
435,3.561899997293949,external,external,fault,2022-07-17 10:53:13.764,2022-07-17 10:53:13.764,1,0,1,15,external_15,False,0.1,-0.1520717,0.13398573,154.97209,33.71801961097843,67.5011746172138,False,51.05407922170093,65.52940203030388,False,10.059341936861514,21.763479836543077,False,False,False,정상,
436,3.4809999997378327,external,external,fault,2022-07-17 10:53:13.864,2022-07-17 10:53:13.864,1,0,1,15,external_15,False,0.1,-0.17575903,0.13112702,103.71209,50.05018311569941,67.5011746172138,False,73.31039375880793,65.52940203030388,True,13.318755322197868,21.763479836543077,False,True,False,WARNING,1.0s
437,3.485799999907613,external,external,fault,2022-07-17 10:53:13.964,2022-07-17 10:53:13.964,1,0,1,15,external_15,False,0.1,-0.084917125,0.13077981,15.497209,93.35410875391254,67.5011746172138,True,69.394034232832,65.52940203030388,True,13.380792844004276,21.763479836543077,False,True,True,ALARM,"0.5s,1.0s"
438,3.4457000001566485,external,external,fault,2022-07-17 10:53:14.064,2022-07-17 10:53:14.064,1,0,1,15,external_15,False,0.1,-0.12433346,0.091741653,149.01163,103.23251583464038,67.5011746172138,True,86.83518849684684,65.52940203030388,True,11.834348691272318,21.763479836543077,False,True,True,ALARM,"0.5s,1.0s"
439,3.4182000017608516,external,external,fault,2022-07-17 10:53:14.164,2022-07-17 10:53:14.164,1,0,1,15,external_15,False,0.1,-0.086407241,0.14264287,109.67256,88.71382839339596,67.5011746172138,True,92.06442469986601,65.52940203030388,True,9.735502665163047,21.763479836543077,False,True,True,ALARM,"0.5s,1.0s"
440,3.497499998047715,external,external,fault,2022-07-17 10:53:14.264,2022-07-17 10:53:14.264,1,0,1,15,external_15,False,0.1,-0.093405269,0.13130062,52.452094,77.19767389006245,67.5011746172138,True,93.80280331382454,65.52940203030388,True,8.62169986171944,21.763479836543077,False,True,True,ALARM,"0.5s,1.0s"
441,3.544399998645531,external,external,fault,2022-07-17 10:53:14.364,2022-07-17 10:53:14.364,1,0,1,15,external_15,False,0.1,-0.083713994,0.13947167,88.21488500000001,79.50902384467413,67.5011746172138,True,98.52368268004608,65.52940203030388,True,7.953345977475581,21.763479836543077,False,True,True,ALARM,"0.5s,1.0s"
442,3.521099999488797,external,external,fault,2022-07-17 10:53:14.464,2022-07-17 10:53:14.464,1,0,1,15,external_15,False,0.1,-0.12021632,0.10153302,71.525582,78.95980272161454,67.5011746172138,True,135.5749361712153,65.52940203030388,True,7.9874549717336185,21.763479836543077,False,True,True,ALARM,"0.5s,1.0s"
443,3.4236999999848194,external,external,fault,2022-07-17 10:53:14.564,2022-07-17 10:53:14.564,1,0,1,15,external_15,False,0.1,-0.093614989,0.10873187,94.17535,79.761406706373,67.5011746172138,True,128.84197596798367,65.52940203030388,True,7.754676302142056,21.763479836543077,False,True,True,ALARM,"0.5s,1.0s"
444,3.388100001757266,external,external,fault,2022-07-17 10:53:14.664,2022-07-17 10:53:14.664,1,0,1,15,external_15,False,0.1,-0.055622542,0.089496351,97.751629,60.5390569579952,67.5011746172138,False,140.50360268373385,65.52940203030388,True,6.966196357318856,21.763479836543077,False,True,True,ALARM,1.0s
445,3.3720999999786727,external,external,fault,2022-07-17 10:53:14.764,2022-07-17 10:53:14.764,1,0,1,15,external_15,False,0.1,-0.069541332,0.17106792,143.05116,63.82937062399559,67.5011746172138,False,125.84666286827677,65.52940203030388,True,6.279596188542622,21.763479836543077,False,True,True,ALARM,1.0s
446,3.459600000496721,external,external,fault,2022-07-17 10:53:14.864,2022-07-17 10:53:14.864,1,0,1,15,external_15,False,0.1,0.022095301,0.19453942,-41.723256000000006,57.886748439848006,67.5011746172138,False,86.39720824653543,65.52940203030388,True,5.983940672945614,21.763479836543077,False,True,True,ALARM,1.0s
447,3.552400001353817,external,external,fault,2022-07-17 10:53:14.964,2022-07-17 10:53:14.964,1,0,1,15,external_15,False,0.1,-0.01208907,-0.031877238,284.91024,50.85080154672771,67.5011746172138,False,97.91979826295713,65.52940203030388,True,6.63856582274115,21.763479836543077,False,True,True,ALARM,1.0s
448,3.5310000021127053,external,external,fault,2022-07-17 10:53:15.064,2022-07-17 10:53:15.064,1,0,1,15,external_15,False,0.1,0.24429924,-0.35367292,226.49768,36.020084630073455,67.5011746172138,False,84.01466274893441,65.52940203030388,True,14.807068339484111,21.763479836543077,False,True,True,ALARM,1.0s
449,3.6373000002640765,external,external,fault,2022-07-17 10:53:15.164,2022-07-17 10:53:15.164,1,0,1,15,external_15,False,0.1,0.73759396,-0.5940822,263.45256,194.3185667838858,67.5011746172138,True,233.12146355212838,65.52940203030388,True,49.46084519778744,21.763479836543077,True,True,True,ALARM,"sample,0.5s,1.0s"
450,3.4678999982133973,external,external,fault,2022-07-17 10:53:15.264,2022-07-17 10:53:15.264,1,0,1,15,external_15,False,0.1,1.1404441,-0.45469991,189.54279,522.5609578785495,67.5011746172138,True,545.5589601706741,65.52940203030388,True,114.63564236998515,21.763479836543077,True,True,True,ALARM,"sample,0.5s,1.0s"
451,3.4449000013410114,external,external,fault,2022-07-17 10:53:15.364,2022-07-17 10:53:15.364,1,0,1,15,external_15,False,0.1,0.76366547,-0.027872731,382.66187,668.9815141920551,67.5011746172138,True,653.9712507556186,65.52940203030388,True,188.6866827561753,21.763479836543077,True,True,True,ALARM,"sample,0.5s,1.0s"
452,3.561099998478312,external,external,fault,2022-07-17 10:53:15.464,2022-07-17 10:53:15.464,1,0,1,15,external_15,False,0.1,0.26580106,0.29221004,330.20977,610.1021845913901,67.5011746172138,True,564.0476500515329,65.52940203030388,True,189.3952033843572,21.763479836543077,True,True,True,ALARM,"sample,0.5s,1.0s"
453,3.509399997710716,external,external,fault,2022-07-17 10:53:15.564,2022-07-17 10:53:15.564,1,0,1,15,external_15,False,0.1,-0.20956811,0.37389734,259.87628,546.276539084883,67.5011746172138,True,407.45630197363965,65.52940203030388,True,135.99021357177187,21.763479836543077,True,True,True,ALARM,"sample,0.5s,1.0s"
454,3.5886999976355582,external,external,fault,2022-07-17 10:53:15.664,2022-07-17 10:53:15.664,1,0,1,15,external_15,False,0.1,-0.49886039,0.32943112,277.75768,467.5133568293603,67.5011746172138,True,365.87446117154013,65.52940203030388,True,72.60367080904227,21.763479836543077,True,True,True,ALARM,"sample,0.5s,1.0s"
455,3.7374999992607627,external,external,fault,2022-07-17 10:53:15.764,2022-07-17 10:53:15.764,1,0,1,15,external_15,False,0.1,-0.7178523,0.21701559,287.29442,430.23556682448253,67.5011746172138,True,539.1069153204695,65.52940203030388,True,68.12873741687878,21.763479836543077,True,True,True,ALARM,"sample,0.5s,1.0s"
456,3.38249999913387,external,external,fault,2022-07-17 10:53:15.864,2022-07-17 10:53:15.864,1,0,1,15,external_15,False,0.1,-0.60400742,0.21536054,251.53163,513.3793372736342,67.5011746172138,True,816.2506518617755,65.52940203030388,True,92.10118412259033,21.763479836543077,True,True,True,ALARM,"sample,0.5s,1.0s"
457,3.5085000017716084,external,external,fault,2022-07-17 10:53:15.964,2022-07-17 10:53:15.964,1,0,1,15,external_15,False,0.1,-0.37771946,0.045145861,385.04605,486.9107862996792,67.5011746172138,True,944.6557574245406,65.52940203030388,True,99.67688985857289,21.763479836543077,True,True,True,ALARM,"sample,0.5s,1.0s"
458,3.5628000005090144,external,external,fault,2022-07-17 10:53:16.064,2022-07-17 10:53:16.064,1,0,1,15,external_15,False,0.1,0.15031153,-0.46829903,362.3962800000001,351.5794044764253,67.5011746172138,True,874.5783233465876,65.52940203030388,True,88.7013391555584,21.763479836543077,True,True,True,ALARM,"sample,0.5s,1.0s"
459,3.5008000013476703,external,external,fault,2022-07-17 10:53:16.164,2022-07-17 10:53:16.164,1,0,1,15,external_15,False,0.1,0.66510808,-0.65263365,319.48092999999994,372.25039726389036,67.5011746172138,True,674.7099389187282,65.52940203030388,True,86.7075303379997,21.763479836543077,True,True,True,ALARM,"sample,0.5s,1.0s"
460,3.522999999404419,external,external,fault,2022-07-17 10:53:16.264,2022-07-17 10:53:16.264,1,0,1,15,external_15,False,0.1,0.85930886,-0.349761,385.04605,451.3705404140408,67.5011746172138,True,834.88097338638,65.52940203030388,True,113.85365983286356,21.763479836543077,True,True,True,ALARM,"sample,0.5s,1.0s"
461,3.3232999994652346,external,external,fault,2022-07-17 10:53:16.364,2022-07-17 10:53:16.364,1,0,1,15,external_15,False,0.1,0.55706913,0.22486257,321.86512,459.83581625271785,67.5011746172138,True,957.2187138882321,65.52940203030388,True,148.4383991572984,21.763479836543077,True,True,True,ALARM,"sample,0.5s,1.0s"
462,3.5151000010955613,external,external,fault,2022-07-17 10:53:16.464,2022-07-17 10:53:16.464,1,0,1,15,external_15,False,0.1,0.070198463,0.42498374,331.40186,410.736350016268,67.5011746172138,True,953.325909108801,65.52940203030388,True,134.2099620494726,21.763479836543077,True,True,True,ALARM,"sample,0.5s,1.0s"
463,3.570400000171503,external,external,fault,2022-07-17 10:53:16.564,2022-07-17 10:53:16.564,1,0,1,15,external_15,False,0.1,-0.25465793,0.37279784,334.97814,388.49349139112024,67.5011746172138,True,839.4943564017346,65.52940203030388,True,90.90936667274362,21.763479836543077,True,True,True,ALARM,"sample,0.5s,1.0s"
464,3.4446999998181127,external,external,fault,2022-07-17 10:53:16.664,2022-07-17 10:53:16.664,1,0,1,15,external_15,False,0.1,-0.59642438,0.37741575,334.97814,393.3824433384589,67.5011746172138,True,694.2992061140723,65.52940203030388,True,60.17649338841858,21.763479836543077,True,True,True,ALARM,"sample,0.5s,1.0s"
465,0.7727999982307665,external,external,fault,2022-07-17 10:53:18.444,2022-07-17 10:53:18.444,1,0,1,16,external_16,True,1.78,-0.67080878,0.1929654,429.15349,0.0,67.5011746172138,False,0.0,65.52940203030388,False,0.0,21.763479836543077,False,False,False,정상,
466,0.7092000014381483,external,external,fault,2022-07-17 10:53:18.544,2022-07-17 10:53:18.544,1,0,1,16,external_16,False,0.1,-0.31407494,-0.36077918,338.55442,0.0,67.5011746172138,False,0.0,65.52940203030388,False,0.0,21.763479836543077,False,False,False,정상,
467,0.7794000011926983,external,external,fault,2022-07-17 10:53:18.644,2022-07-17 10:53:18.644,1,0,1,16,external_16,False,0.1,0.30293255,-0.66757532,317.09675,0.0,67.5011746172138,False,0.0,65.52940203030388,False,100.39455202206506,21.763479836543077,True,True,False,WARNING,sample
468,0.701400000252761,external,external,fault,2022-07-17 10:53:18.744,2022-07-17 10:53:18.744,1,0,1,16,external_16,False,0.1,0.61133144,-0.3145306,325.4414,0.0,67.5011746172138,False,0.0,65.52940203030388,False,99.41438490768644,21.763479836543077,True,True,True,ALARM,sample
469,2.111400001012953,external,external,fault,2022-07-17 10:53:18.844,2022-07-17 10:53:18.844,1,0,1,16,external_16,False,0.1,0.11217559,0.01439449,175.23767999999998,285.880954522847,67.5011746172138,True,0.0,65.52940203030388,False,88.71250066279494,21.763479836543077,True,True,True,ALARM,"sample,0.5s"
470,2.1883999979763757,external,external,fault,2022-07-17 10:53:18.944,2022-07-17 10:53:18.944,1,0,1,16,external_16,False,0.1,-0.18146562,0.026049225,160.93256,227.02153455262803,67.5011746172138,True,0.0,65.52940203030388,False,66.31066935843923,21.763479836543077,True,True,True,ALARM,"sample,0.5s"
471,2.1533999970415607,external,external,fault,2022-07-17 10:53:19.044,2022-07-17 10:53:19.044,1,0,1,16,external_16,False,0.1,-0.20489908,-0.13146909,97.751629,198.19938996813957,67.5011746172138,True,0.0,65.52940203030388,False,37.2039784079039,21.763479836543077,True,True,True,ALARM,"sample,0.5s"
472,2.147899998817593,external,external,fault,2022-07-17 10:53:19.144,2022-07-17 10:53:19.144,1,0,1,16,external_16,False,0.1,-0.047973278,-0.11031233,227.68977,129.56861278848945,67.5011746172138,True,0.0,65.52940203030388,False,13.017230633512284,21.763479836543077,False,True,True,ALARM,0.5s
473,2.1445999991556164,external,external,fault,2022-07-17 10:53:19.244,2022-07-17 10:53:19.244,1,0,1,16,external_16,False,0.1,0.01590304,-0.12458273,193.11907,38.74397355236597,67.5011746172138,False,0.0,65.52940203030388,False,10.57840388830274,21.763479836543077,False,False,False,정상,
474,3.413200000068173,external,external,fault,2022-07-17 10:53:19.344,2022-07-17 10:53:19.344,1,0,1,16,external_16,False,0.1,0.067405875,-0.13688559,213.38465,59.58722460816589,67.5011746172138,False,286.2150106036839,65.52940203030388,True,7.247439015635305,21.763479836543077,False,True,False,WARNING,1.0s
475,3.4813000020221807,external,external,fault,2022-07-17 10:53:19.444,2022-07-17 10:53:19.444,1,0,1,16,external_16,False,0.1,-0.01492581,-0.16565785,165.70093,88.0176048857228,67.5011746172138,True,251.88258605393008,65.52940203030388,True,5.384550634660452,21.763479836543077,False,True,True,ALARM,"0.5s,1.0s"
476,3.4921000005851965,external,external,fault,2022-07-17 10:53:19.544,2022-07-17 10:53:19.544,1,0,1,16,external_16,False,0.1,-0.085546285,-0.24234531,228.88186,66.33381253388575,67.5011746172138,False,248.3697857453131,65.52940203030388,True,5.856368126235107,21.763479836543077,False,True,True,ALARM,1.0s
477,3.368699999555247,external,external,fault,2022-07-17 10:53:19.644,2022-07-17 10:53:19.644,1,0,1,16,external_16,False,0.1,0.071622352,-0.19208065,234.84233,84.70499772448157,67.5011746172138,True,253.98521889463527,65.52940203030388,True,7.43659202350216,21.763479836543077,False,True,True,ALARM,"0.5s,1.0s"
478,3.60269999873708,external,external,fault,2022-07-17 10:53:19.744,2022-07-17 10:53:19.744,1,0,1,16,external_16,False,0.1,0.09358777,-0.20371224,30.994419,115.37083373834362,67.5011746172138,True,181.27698634193712,65.52940203030388,True,9.171135373365152,21.763479836543077,False,True,True,ALARM,"0.5s,1.0s"
479,3.402900001674425,external,external,fault,2022-07-17 10:53:19.844,2022-07-17 10:53:19.844,1,0,1,16,external_16,False,0.1,-0.039838347,-0.25909249,182.39023,137.04959951596115,67.5011746172138,True,212.7904793272537,65.52940203030388,True,10.032109058028881,21.763479836543077,False,True,True,ALARM,"0.5s,1.0s"
480,3.4055999967677053,external,external,fault,2022-07-17 10:53:19.944,2022-07-17 10:53:19.944,1,0,1,16,external_16,False,0.1,-0.013380504,0.081394748,257.4921,51.70879728570072,67.5011746172138,False,161.3815378882458,65.52940203030388,True,9.408788506240874,21.763479836543077,False,True,True,ALARM,1.0s
481,3.390999998373445,external,external,fault,2022-07-17 10:53:20.044,2022-07-17 10:53:20.044,1,0,1,16,external_16,False,0.1,-0.035544605,0.049023057,262.26047,37.36402324815989,67.5011746172138,False,159.27387648591005,65.52940203030388,True,6.692707203521209,21.763479836543077,False,True,True,ALARM,1.0s
482,3.41620000108378,external,external,fault,2022-07-17 10:53:20.144,2022-07-17 10:53:20.144,1,0,1,16,external_16,False,0.1,-0.043204906,0.052159534,123.97768,24.12081100938735,67.5011746172138,False,135.31834599925563,65.52940203030388,True,5.184792507156848,21.763479836543077,False,True,True,ALARM,1.0s
483,3.4623999999894295,external,external,fault,2022-07-17 10:53:20.244,2022-07-17 10:53:20.244,1,0,1,16,external_16,False,0.1,0.026907825,0.067529433,147.81954,20.634621320767664,67.5011746172138,False,121.9127401675333,65.52940203030388,True,3.262110103039207,21.763479836543077,False,True,True,ALARM,1.0s
484,3.3516000003146473,external,external,fault,2022-07-17 10:53:20.344,2022-07-17 10:53:20.344,1,0,1,16,external_16,False,0.1,0.0090264295,0.083165527,150.20372,73.23566445545241,67.5011746172138,True,106.57281710212015,65.52940203030388,True,3.027504370496439,21.763479836543077,False,True,True,ALARM,"0.5s,1.0s"
485,3.5620000016933773,external,external,fault,2022-07-17 10:53:20.444,2022-07-17 10:53:20.444,1,0,1,16,external_16,False,0.1,0.0047658007,0.051245211,162.12464999999997,52.23629619981529,67.5011746172138,False,102.00194052277527,65.52940203030388,True,2.2702723205966016,21.763479836543077,False,True,True,ALARM,1.0s
486,3.4684999991441146,external,external,fault,2022-07-17 10:53:20.544,2022-07-17 10:53:20.544,1,0,1,16,external_16,False,0.1,-0.046924678,0.075434283,165.70093,30.264312323793547,67.5011746172138,False,99.18998107513907,65.52940203030388,True,2.300995454799072,21.763479836543077,False,True,True,ALARM,1.0s
487,3.513899999234127,external,external,fault,2022-07-17 10:53:20.644,2022-07-17 10:53:20.644,1,0,1,16,external_16,False,0.1,-0.050556147,0.023445138,234.84233,35.56391015062831,67.5011746172138,False,95.36326467203186,65.52940203030388,True,3.062508666755424,21.763479836543077,False,True,True,ALARM,1.0s
488,3.5191000024497043,external,external,fault,2022-07-17 10:53:20.744,2022-07-17 10:53:20.744,1,0,1,16,external_16,False,0.1,0.02567158,0.040759421,184.77442,36.3363045577074,67.5011746172138,False,219.75914022581307,65.52940203030388,True,3.53094784096854,21.763479836543077,False,True,True,ALARM,1.0s
489,3.5061000016867183,external,external,fault,2022-07-17 10:53:20.844,2022-07-17 10:53:20.844,1,0,1,16,external_16,False,0.1,-0.010488575,0.055689519,195.50326,36.500253279616196,67.5011746172138,False,329.9852387447703,65.52940203030388,True,3.369458415010618,21.763479836543077,False,True,True,ALARM,1.0s
490,3.508900001179427,external,external,fault,2022-07-17 10:53:20.944,2022-07-17 10:53:20.944,1,0,1,16,external_16,False,0.1,0.048387576,0.025539981,232.45814,42.47585549797759,67.5011746172138,False,323.4285156229023,65.52940203030388,True,2.9229513424599562,21.763479836543077,False,True,True,ALARM,1.0s
491,3.6852999983238988,external,external,fault,2022-07-17 10:53:21.044,2022-07-17 10:53:21.044,1,0,1,16,external_16,False,0.1,0.024402222,0.054485852,276.56558,53.61171549197169,67.5011746172138,False,303.08771118120006,65.52940203030388,True,2.803211205204827,21.763479836543077,False,True,True,ALARM,1.0s
492,3.4468000012566335,external,external,fault,2022-07-17 10:53:21.144,2022-07-17 10:53:21.144,1,0,1,16,external_16,False,0.1,-0.046306556,0.079195741,219.34512,56.612438062154666,67.5011746172138,False,378.52086925610155,65.52940203030388,True,3.6059039288610157,21.763479836543077,False,True,True,ALARM,1.0s
493,3.347600002598483,external,external,fault,2022-07-17 10:53:21.244,2022-07-17 10:53:21.244,1,0,1,16,external_16,False,0.1,-0.036714622,0.079531379,239.6107,66.28625136236352,67.5011746172138,False,413.7597537824149,65.52940203030388,True,3.8260341321693225,21.763479836543077,False,True,True,ALARM,1.0s
494,3.373499999725027,external,external,fault,2022-07-17 10:53:21.344,2022-07-17 10:53:21.344,1,0,1,16,external_16,False,0.1,0.059083299,0.04533104,205.04,60.00855740167824,67.5011746172138,False,468.5805877670433,65.52940203030388,True,4.1690914601539655,21.763479836543077,False,True,True,ALARM,1.0s
495,3.4492000013415236,external,external,fault,2022-07-17 10:53:21.444,2022-07-17 10:53:21.444,1,0,1,16,external_16,False,0.1,0.050539966,0.033548994,188.3507,62.930884242170976,67.5011746172138,False,490.5205989278653,65.52940203030388,True,3.636358503931845,21.763479836543077,False,True,True,ALARM,1.0s
496,3.627299996878719,external,external,fault,2022-07-17 10:53:21.544,2022-07-17 10:53:21.544,1,0,1,16,external_16,False,0.1,-0.032917585,0.04081729,131.13022999999998,56.45847210508484,67.5011746172138,False,391.98719198300597,65.52940203030388,True,3.74867795122452,21.763479836543077,False,True,True,ALARM,1.0s
497,3.390399997442728,external,external,fault,2022-07-17 10:53:21.644,2022-07-17 10:53:21.644,1,0,1,16,external_16,False,0.1,-0.0076959867,0.086313579,70.333489,51.27044474411912,67.5011746172138,False,271.2944076051336,65.52940203030388,True,3.3979668524115865,21.763479836543077,False,True,True,ALARM,1.0s
498,3.459600000496721,external,external,fault,2022-07-17 10:53:21.744,2022-07-17 10:53:21.744,1,0,1,16,external_16,False,0.1,-0.0036340401,0.054809916,226.49768,45.16548917864656,67.5011746172138,False,280.7156862136005,65.52940203030388,True,3.6497889306828664,21.763479836543077,False,True,True,ALARM,1.0s
499,3.4498999993957113,external,external,fault,2022-07-17 10:53:21.844,2022-07-17 10:53:21.844,1,0,1,16,external_16,False,0.1,-0.0033912063,0.0094525119,267.02884,50.69428607954882,67.5011746172138,False,283.102101562524,65.52940203030388,True,3.220024526529904,21.763479836543077,False,True,True,ALARM,1.0s
500,3.4181000009994023,external,external,fault,2022-07-17 10:53:21.944,2022-07-17 10:53:21.944,1,0,1,16,external_16,False,0.1,0.026698105,0.074809302,152.58791,50.334038364280964,67.5011746172138,False,261.6625071133647,65.52940203030388,True,3.410162478560268,21.763479836543077,False,True,True,ALARM,1.0s
501,3.441100001509767,external,external,fault,2022-07-17 10:53:22.044,2022-07-17 10:53:22.044,1,0,1,16,external_16,False,0.1,0.014909629,0.046905066,104.90419,48.745336805284865,67.5011746172138,False,230.55966220254845,65.52940203030388,True,3.120470601944078,21.763479836543077,False,True,True,ALARM,1.0s
502,3.513399999064859,external,external,fault,2022-07-17 10:53:22.144,2022-07-17 10:53:22.144,1,0,1,16,external_16,False,0.1,0.019026766,0.082945626,258.68419,59.949916771672854,67.5011746172138,False,236.53164511726078,65.52940203030388,True,3.4738859534943742,21.763479836543077,False,True,True,ALARM,1.0s
503,3.449499999987893,external,external,fault,2022-07-17 10:53:22.244,2022-07-17 10:53:22.244,1,0,1,16,external_16,False,0.1,-0.0027178945,0.11931025,283.71814,62.09915795764086,67.5011746172138,False,218.85073202359038,65.52940203030388,True,3.4060690333727823,21.763479836543077,False,True,True,ALARM,1.0s
504,3.577299998141825,external,external,fault,2022-07-17 10:53:22.344,2022-07-17 10:53:22.344,1,0,1,16,external_16,False,0.1,0.0020946293,0.065145247,94.17535,72.38851575924505,67.5011746172138,True,199.24005721910538,65.52940203030388,True,3.978135923684937,21.763479836543077,False,True,True,ALARM,"0.5s,1.0s"
505,3.505699998640921,external,external,fault,2022-07-17 10:53:22.444,2022-07-17 10:53:22.444,1,0,1,16,external_16,False,0.1,0.011918359,0.055909419,267.02884,94.51555637550217,67.5011746172138,True,223.37739205243332,65.52940203030388,True,3.9520585639896155,21.763479836543077,False,True,True,ALARM,"0.5s,1.0s"
506,3.458300001511816,external,external,fault,2022-07-17 10:53:22.544,2022-07-17 10:53:22.544,1,0,1,16,external_16,False,0.1,-0.092897525,0.079461937,115.63302,87.83523968893043,67.5011746172138,True,225.0293382672892,65.52940203030388,True,4.977068648715878,21.763479836543077,False,True,True,ALARM,"0.5s,1.0s"
507,3.5127000010106713,external,external,fault,2022-07-17 10:53:22.644,2022-07-17 10:53:22.644,1,0,1,16,external_16,False,0.1,-0.15679592,-0.20951067,52.452094,30.416367675669814,67.5011746172138,False,131.68593181842218,65.52940203030388,True,7.579735262490137,21.763479836543077,False,True,True,ALARM,1.0s
508,3.396000000066124,external,external,fault,2022-07-17 10:53:22.744,2022-07-17 10:53:22.744,1,0,1,16,external_16,False,0.1,0.47744173,0.215511,383.85396,57.862045554741854,67.5011746172138,False,117.37216894424806,65.52940203030388,True,20.22498144692874,21.763479836543077,False,True,True,ALARM,1.0s
509,3.4026999965135474,external,external,fault,2022-07-17 10:53:22.844,2022-07-17 10:53:22.844,1,0,1,16,external_16,False,0.1,0.1864165,0.43976338,355.24373,68.06644766728695,67.5011746172138,True,107.89737901111779,65.52940203030388,True,36.85609556094266,21.763479836543077,True,True,True,ALARM,"sample,0.5s,1.0s"
510,3.492199997708667,external,external,fault,2022-07-17 10:53:22.944,2022-07-17 10:53:22.944,1,0,1,16,external_16,False,0.1,-0.02343603,0.4960348,432.72977,106.41272803777787,67.5011746172138,True,115.40301962110473,65.52940203030388,True,42.21065678538621,21.763479836543077,True,True,True,ALARM,"sample,0.5s,1.0s"
511,3.424599999561906,external,external,fault,2022-07-17 10:53:23.044,2022-07-17 10:53:23.044,1,0,1,16,external_16,False,0.1,-0.24456929,0.31695465,411.2721,158.21955770910267,67.5011746172138,True,168.981642503944,65.52940203030388,True,40.84388413420771,21.763479836543077,True,True,True,ALARM,"sample,0.5s,1.0s"
512,3.518699999403907,external,external,fault,2022-07-17 10:53:23.144,2022-07-17 10:53:23.144,1,0,1,16,external_16,False,0.1,-0.41086627,0.24864656,538.82605,379.09716966257724,67.5011746172138,True,230.98762859143815,65.52940203030388,True,38.57326072705127,21.763479836543077,True,True,True,ALARM,"sample,0.5s,1.0s"
513,3.4655999988899566,external,external,fault,2022-07-17 10:53:23.244,2022-07-17 10:53:23.244,1,0,1,16,external_16,False,0.1,-0.6133234,0.2879972,432.72977,470.3132424211664,67.5011746172138,True,381.1308209153143,65.52940203030388,True,55.232046834508104,21.763479836543077,True,True,True,ALARM,"sample,0.5s,1.0s"
514,3.51550000050338,external,external,fault,2022-07-17 10:53:23.344,2022-07-17 10:53:23.344,1,0,1,16,external_16,False,0.1,-0.63048733,0.027831577,448.22698,424.21793464463593,67.5011746172138,True,486.2377929311022,65.52940203030388,True,77.05497429754787,21.763479836543077,True,True,True,ALARM,"sample,0.5s,1.0s"
515,0.7843000021239277,external,external,fault,2022-07-17 10:53:26.553,2022-07-17 10:53:26.553,1,0,1,17,external_17,True,3.209,-0.31886538,-0.41567333,457.76373,0.0,67.5011746172138,False,0.0,65.52940203030388,False,0.0,21.763479836543077,False,False,False,정상,
516,0.687899999320507,external,external,fault,2022-07-17 10:53:26.653,2022-07-17 10:53:26.653,1,0,1,17,external_17,False,0.1,0.25406778,-0.65090916,382.66187,0.0,67.5011746172138,False,0.0,65.52940203030388,False,0.0,21.763479836543077,False,False,False,정상,
517,0.6943000007595401,external,external,fault,2022-07-17 10:53:26.753,2022-07-17 10:53:26.753,1,0,1,17,external_17,False,0.1,0.68218371,-0.52260292,402.92745,0.0,67.5011746172138,False,0.0,65.52940203030388,False,72.89425324747005,21.763479836543077,True,True,False,WARNING,sample
518,0.6716999996569939,external,external,fault,2022-07-17 10:53:26.853,2022-07-17 10:53:26.853,1,0,1,17,external_17,False,0.1,0.75948211,0.084322899,368.35675,0.0,67.5011746172138,False,0.0,65.52940203030388,False,110.23025448440164,21.763479836543077,True,True,True,ALARM,sample
519,2.21889999738778,external,external,fault,2022-07-17 10:53:26.953,2022-07-17 10:53:26.953,1,0,1,17,external_17,False,0.1,0.4565801,0.45182319,454.18745,375.43815357192483,67.5011746172138,True,0.0,65.52940203030388,False,126.65768367331388,21.763479836543077,True,True,True,ALARM,"sample,0.5s"
520,2.1176000009290874,external,external,fault,2022-07-17 10:53:27.053,2022-07-17 10:53:27.053,1,0,1,17,external_17,False,0.1,0.06007671,0.39253103,410.08,343.65323587204125,67.5011746172138,True,0.0,65.52940203030388,False,103.22684175316938,21.763479836543077,True,True,True,ALARM,"sample,0.5s"
521,2.1181000010983553,external,external,fault,2022-07-17 10:53:27.153,2022-07-17 10:53:27.153,1,0,1,17,external_17,False,0.1,-0.29582929,0.30458234,468.49256,329.03871516403234,67.5011746172138,True,0.0,65.52940203030388,False,68.67998212902164,21.763479836543077,True,True,True,ALARM,"sample,0.5s"
522,2.140300002793083,external,external,fault,2022-07-17 10:53:27.253,2022-07-17 10:53:27.253,1,0,1,17,external_17,False,0.1,-0.61527711,0.33549574,318.28884,460.8677315552161,67.5011746172138,True,0.0,65.52940203030388,False,54.18550441151037,21.763479836543077,True,True,True,ALARM,"sample,0.5s"
523,2.1682000005966984,external,external,fault,2022-07-17 10:53:27.353,2022-07-17 10:53:27.353,1,0,1,17,external_17,False,0.1,-0.75875875,0.11450716,474.45303,498.13542681205325,67.5011746172138,True,0.0,65.52940203030388,False,77.9845141116828,21.763479836543077,True,True,True,ALARM,"sample,0.5s"
524,3.481899999314919,external,external,fault,2022-07-17 10:53:27.453,2022-07-17 10:53:27.453,1,0,1,17,external_17,False,0.1,-0.55825533,-0.40349778,382.66187,370.6157821277236,67.5011746172138,True,857.195044703004,65.52940203030388,True,110.59549911503295,21.763479836543077,True,True,True,ALARM,"sample,0.5s,1.0s"
525,3.513399999064859,external,external,fault,2022-07-17 10:53:27.553,2022-07-17 10:53:27.553,1,0,1,17,external_17,False,0.1,0.26328442,-0.67675328,350.47535,353.0486960885245,67.5011746172138,True,814.7024768252913,65.52940203030388,True,118.2773052611919,21.763479836543077,True,True,True,ALARM,"sample,0.5s,1.0s"
526,3.5151000010955613,external,external,fault,2022-07-17 10:53:27.653,2022-07-17 10:53:27.653,1,0,1,17,external_17,False,0.1,0.90092174,-0.28637174,443.45861,459.10615535787946,67.5011746172138,True,793.8456321855267,65.52940203030388,True,127.28502945151031,21.763479836543077,True,True,True,ALARM,"sample,0.5s,1.0s"
527,3.587600000173552,external,external,fault,2022-07-17 10:53:27.753,2022-07-17 10:53:27.753,1,0,1,17,external_17,False,0.1,0.89157264,0.22558014,431.53768,489.6573080182199,67.5011746172138,True,844.3645226777738,65.52940203030388,True,139.84870417514006,21.763479836543077,True,True,True,ALARM,"sample,0.5s,1.0s"
528,3.4683000012591947,external,external,fault,2022-07-17 10:53:27.853,2022-07-17 10:53:27.853,1,0,1,17,external_17,False,0.1,0.36699652,0.36381663,365.97256,420.9527449616678,67.5011746172138,True,908.2206258750165,65.52940203030388,True,149.04224782399896,21.763479836543077,True,True,True,ALARM,"sample,0.5s,1.0s"
529,3.4900000027846545,external,external,fault,2022-07-17 10:53:27.953,2022-07-17 10:53:27.953,1,0,1,17,external_17,False,0.1,-0.16605672,0.10501671,268.22093,371.5024754876525,67.5011746172138,True,781.0658833255806,65.52940203030388,True,112.13960539576368,21.763479836543077,True,True,True,ALARM,"sample,0.5s,1.0s"
530,3.3903000003192574,external,external,fault,2022-07-17 10:53:28.053,2022-07-17 10:53:28.053,1,0,1,17,external_17,False,0.1,-0.42697056,0.14444837,247.95535,420.2159859686371,67.5011746172138,True,701.7719894236723,65.52940203030388,True,66.03086801504305,21.763479836543077,True,True,True,ALARM,"sample,0.5s,1.0s"
531,3.5318000009283423,external,external,fault,2022-07-17 10:53:28.153,2022-07-17 10:53:28.153,1,0,1,17,external_17,False,0.1,-0.070976259,0.11019016,132.32233,320.1256042401344,67.5011746172138,True,489.9192389390729,65.52940203030388,True,35.38089827629548,21.763479836543077,True,True,True,ALARM,"sample,0.5s,1.0s"
532,3.4338000004936475,external,external,fault,2022-07-17 10:53:28.253,2022-07-17 10:53:28.253,1,0,1,17,external_17,False,0.1,0.088940815,0.10410238,154.97209,135.5723457397961,67.5011746172138,True,412.6621309299464,65.52940203030388,True,26.074574637028604,21.763479836543077,True,True,True,ALARM,"sample,0.5s,1.0s"
533,3.385899999557296,external,external,fault,2022-07-17 10:53:28.353,2022-07-17 10:53:28.353,1,0,1,17,external_17,False,0.1,0.089117421,0.13039787,203.84791,143.02133471733652,67.5011746172138,True,386.4836819677441,65.52940203030388,True,15.852375370983673,21.763479836543077,False,True,True,ALARM,"0.5s,1.0s"
534,3.466199999820674,external,external,fault,2022-07-17 10:53:28.453,2022-07-17 10:53:28.453,1,0,1,17,external_17,False,0.1,0.064160732,0.10674119,227.68977,131.03288016987187,67.5011746172138,True,456.74655257005605,65.52940203030388,True,4.991928054760167,21.763479836543077,False,True,True,ALARM,"0.5s,1.0s"
535,3.585000002203742,external,external,fault,2022-07-17 10:53:28.553,2022-07-17 10:53:28.553,1,0,1,17,external_17,False,0.1,0.13810361,0.050157281,209.80837,57.44618661135094,67.5011746172138,False,492.1785226916969,65.52940203030388,True,5.139343160325089,21.763479836543077,False,True,True,ALARM,1.0s
536,3.554999999323627,external,external,fault,2022-07-17 10:53:28.653,2022-07-17 10:53:28.653,1,0,1,17,external_17,False,0.1,0.10369848,0.039312706,207.42419,64.62475465852039,67.5011746172138,False,376.29929286541255,65.52940203030388,True,5.3225890644970875,21.763479836543077,False,True,True,ALARM,1.0s
537,3.523200000927318,external,external,fault,2022-07-17 10:53:28.753,2022-07-17 10:53:28.753,1,0,1,17,external_17,False,0.1,0.11662386,0.018873519,224.11349,51.52288126217544,67.5011746172138,False,259.05168827706734,65.52940203030388,True,5.549008469395257,21.763479836543077,False,True,True,ALARM,1.0s
538,3.5871999971277546,external,external,fault,2022-07-17 10:53:28.853,2022-07-17 10:53:28.853,1,0,1,17,external_17,False,0.1,0.11132567,-0.018359134,196.69535,44.688656954904985,67.5011746172138,False,447.5372194671267,65.52940203030388,True,5.74188622045335,21.763479836543077,False,True,True,ALARM,1.0s
539,3.507100002025254,external,external,fault,2022-07-17 10:53:28.953,2022-07-17 10:53:28.953,1,0,1,17,external_17,False,0.1,0.13738615,-0.033613296,239.6107,61.3569389591833,67.5011746172138,False,475.16613661666946,65.52940203030388,True,6.244765755294953,21.763479836543077,False,True,True,ALARM,1.0s
540,3.5898999994969927,external,external,fault,2022-07-17 10:53:29.053,2022-07-17 10:53:29.053,1,0,1,17,external_17,False,0.1,0.12090657,-0.017213336,146.62744,75.40521622481315,67.5011746172138,True,415.3095067479524,65.52940203030388,True,7.465382056638757,21.763479836543077,False,True,True,ALARM,"0.5s,1.0s"
541,3.492800002277363,external,external,fault,2022-07-17 10:53:29.153,2022-07-17 10:53:29.153,1,0,1,17,external_17,False,0.1,-0.13596741,0.044312553,203.84791,55.89852604631895,67.5011746172138,False,456.5053154455534,65.52940203030388,True,9.150376856911887,21.763479836543077,False,True,True,ALARM,1.0s
542,3.3922000002348796,external,external,fault,2022-07-17 10:53:29.253,2022-07-17 10:53:29.253,1,0,1,17,external_17,False,0.1,-0.13058091,0.11691449,156.16419,43.68154425329411,67.5011746172138,False,461.29376827956594,65.52940203030388,True,9.882863689929096,21.763479836543077,False,True,True,ALARM,1.0s
543,3.4795999999914784,external,external,fault,2022-07-17 10:53:29.353,2022-07-17 10:53:29.353,1,0,1,17,external_17,False,0.1,-0.10275437,0.10159089,79.870234,52.612443035186374,67.5011746172138,False,284.2584390969858,65.52940203030388,True,10.186908931724396,21.763479836543077,False,True,True,ALARM,1.0s
544,3.531199999997625,external,external,fault,2022-07-17 10:53:29.453,2022-07-17 10:53:29.453,1,0,1,17,external_17,False,0.1,-0.098272982,0.10772496,115.63302,49.13957440433879,67.5011746172138,False,269.8753503923228,65.52940203030388,True,8.865674790443633,21.763479836543077,False,True,True,ALARM,1.0s
545,3.490099999908125,external,external,fault,2022-07-17 10:53:29.553,2022-07-17 10:53:29.553,1,0,1,17,external_17,False,0.1,-0.057642477,0.089820415,222.9214,69.52185156883138,67.5011746172138,True,270.7816549245959,65.52940203030388,True,8.00354078974418,21.763479836543077,False,True,True,ALARM,"0.5s,1.0s"
546,3.5902000017813407,external,external,fault,2022-07-17 10:53:29.653,2022-07-17 10:53:29.653,1,0,1,17,external_17,False,0.1,-0.10319588,0.09475082,219.34512,96.08052975803353,67.5011746172138,True,276.43542205922074,65.52940203030388,True,6.722228706159487,21.763479836543077,False,True,True,ALARM,"0.5s,1.0s"
547,3.4263999987160787,external,external,fault,2022-07-17 10:53:29.753,2022-07-17 10:53:29.753,1,0,1,17,external_17,False,0.1,-0.063923042,0.16942445,114.44093,81.35970138333788,67.5011746172138,True,230.00193968574231,65.52940203030388,True,6.92577237035778,21.763479836543077,False,True,True,ALARM,"0.5s,1.0s"
548,3.483500000584172,external,external,fault,2022-07-17 10:53:29.853,2022-07-17 10:53:29.853,1,0,1,17,external_17,False,0.1,-0.15829707,0.11801399,201.46372,103.44681549838695,67.5011746172138,True,237.25884299510432,65.52940203030388,True,8.624731978208109,21.763479836543077,False,True,True,ALARM,"0.5s,1.0s"
549,3.4960999983013608,external,external,fault,2022-07-17 10:53:29.953,2022-07-17 10:53:29.953,1,0,1,17,external_17,False,0.1,-0.065159286,0.04321305,174.04558,61.21949471854029,67.5011746172138,False,240.48992636518642,65.52940203030388,True,10.102213162040819,21.763479836543077,False,True,True,ALARM,1.0s
550,3.5286999991512857,external,external,fault,2022-07-17 10:53:30.053,2022-07-17 10:53:30.053,1,0,1,17,external_17,False,0.1,-0.056858787,0.040111293,149.01163,54.339874175992,67.5011746172138,False,259.10045947836113,65.52940203030388,True,8.783813391360844,21.763479836543077,False,True,True,ALARM,1.0s
551,0.6892999990668613,external,external,fault,2022-07-17 10:53:34.639,2022-07-17 10:53:34.639,1,0,1,18,external_18,True,4.586,-0.073084497,0.018885093,146.62744,0.0,67.5011746172138,False,0.0,65.52940203030388,False,0.0,21.763479836543077,False,False,False,정상,
552,0.676499999826774,external,external,fault,2022-07-17 10:53:34.739,2022-07-17 10:53:34.739,1,0,1,18,external_18,False,0.1,-0.032332576,0.067807202,160.93256,0.0,67.5011746172138,False,0.0,65.52940203030388,False,0.0,21.763479836543077,False,False,False,정상,
553,0.7044999983918387,external,external,fault,2022-07-17 10:53:34.839,2022-07-17 10:53:34.839,1,0,1,18,external_18,False,0.1,-0.045699471,0.052599336,176.42977000000002,0.0,67.5011746172138,False,0.0,65.52940203030388,False,3.0696494242172605,21.763479836543077,False,False,False,정상,
554,0.8072000018728431,external,external,fault,2022-07-17 10:53:34.939,2022-07-17 10:53:34.939,1,0,1,18,external_18,False,0.1,-0.027012309,0.076163427,84.638606,0.0,67.5011746172138,False,0.0,65.52940203030388,False,3.341697293973219,21.763479836543077,False,False,False,정상,
555,2.2826999993412755,external,external,fault,2022-07-17 10:53:35.039,2022-07-17 10:53:35.039,1,0,1,18,external_18,False,0.1,-0.094575286,0.022820157,110.86465,31.14857518235279,67.5011746172138,False,0.0,65.52940203030388,False,3.7991560005476814,21.763479836543077,False,False,False,정상,
556,2.1503000025404617,external,external,fault,2022-07-17 10:53:35.139,2022-07-17 10:53:35.139,1,0,1,18,external_18,False,0.1,-0.10566837,0.054902506,77.486047,36.140156628841794,67.5011746172138,False,0.0,65.52940203030388,False,4.685591471613372,21.763479836543077,False,False,False,정상,
557,2.191699997638352,external,external,fault,2022-07-17 10:53:35.239,2022-07-17 10:53:35.239,1,0,1,18,external_18,False,0.1,0.041941443,0.10583844,209.80837,34.47456868694941,67.5011746172138,False,0.0,65.52940203030388,False,5.277789062252935,21.763479836543077,False,False,False,정상,
558,2.3450000007869676,external,external,fault,2022-07-17 10:53:35.339,2022-07-17 10:53:35.339,1,0,1,18,external_18,False,0.1,0.021587558,0.113697,134.70651,30.350952375681537,67.5011746172138,False,0.0,65.52940203030388,False,5.258763667448286,21.763479836543077,False,False,False,정상,
559,2.217100001871586,external,external,fault,2022-07-17 10:53:35.439,2022-07-17 10:53:35.439,1,0,1,18,external_18,False,0.1,0.11250673,-0.13987161,228.88186,23.72556238561573,67.5011746172138,False,0.0,65.52940203030388,False,6.650442660934677,21.763479836543077,False,False,False,정상,
560,3.6107999985688366,external,external,fault,2022-07-17 10:53:35.539,2022-07-17 10:53:35.539,1,0,1,18,external_18,False,0.1,-1.5027352,0.0074849797,280.14186,437.7667316653293,67.5011746172138,True,502.96868446651104,65.52940203030388,True,70.36283609475946,21.763479836543077,True,True,False,WARNING,"sample,0.5s,1.0s"
561,3.437100000155624,external,external,fault,2022-07-17 10:53:35.639,2022-07-17 10:53:35.639,1,0,1,18,external_18,False,0.1,-1.4833858,-0.2185729,345.70698,801.8129004920816,67.5011746172138,True,830.1081251459897,65.52940203030388,True,167.99691146498995,21.763479836543077,True,True,True,ALARM,"sample,0.5s,1.0s"
562,3.3322999988740776,external,external,fault,2022-07-17 10:53:35.739,2022-07-17 10:53:35.739,1,0,1,18,external_18,False,0.1,-0.62321336,-0.30910252,348.09117000000003,839.197708013221,67.5011746172138,True,880.8500663735988,65.52940203030388,True,255.29032107268958,21.763479836543077,True,True,True,ALARM,"sample,0.5s,1.0s"
563,3.5289000006741844,external,external,fault,2022-07-17 10:53:35.839,2022-07-17 10:53:35.839,1,0,1,18,external_18,False,0.1,1.064967,-0.50931629,312.32838,960.094646089672,67.5011746172138,True,789.921396387598,65.52940203030388,True,259.7198556943376,21.763479836543077,True,True,True,ALARM,"sample,0.5s,1.0s"
564,3.448199997365009,external,external,fault,2022-07-17 10:53:35.939,2022-07-17 10:53:35.939,1,0,1,18,external_18,False,0.1,1.8032037,-0.18107405,385.04605,1259.3174302781902,67.5011746172138,True,1182.7815373419696,65.52940203030388,True,258.5215584924677,21.763479836543077,True,True,True,ALARM,"sample,0.5s,1.0s"
565,3.397899999981746,external,external,fault,2022-07-17 10:53:36.039,2022-07-17 10:53:36.039,1,0,1,18,external_18,False,0.1,1.1108515,0.36313379,336.17024000000004,1085.0693830560806,67.5011746172138,True,1319.2196060113097,65.52940203030388,True,316.1355190238601,21.763479836543077,True,True,True,ALARM,"sample,0.5s,1.0s"
566,3.4275999969395343,external,external,fault,2022-07-17 10:53:36.139,2022-07-17 10:53:36.139,1,0,1,18,external_18,False,0.1,0.18429722,0.37380475,365.97256,874.5502188960843,67.5011746172138,True,1324.3780972078903,65.52940203030388,True,296.2440860289586,21.763479836543077,True,True,True,ALARM,"sample,0.5s,1.0s"
567,3.678699998999946,external,external,fault,2022-07-17 10:53:36.239,2022-07-17 10:53:36.239,1,0,1,18,external_18,False,0.1,-0.048834234,0.078871677,238.41861,941.317566035648,67.5011746172138,True,1292.6367835506228,65.52940203030388,True,203.60444990193227,21.763479836543077,True,True,True,ALARM,"sample,0.5s,1.0s"
568,3.5325999997439794,external,external,fault,2022-07-17 10:53:36.339,2022-07-17 10:53:36.339,1,0,1,18,external_18,False,0.1,-0.24813453,0.2462045,175.23767999999998,818.396420500723,67.5011746172138,True,1286.9602059699093,65.52940203030388,True,62.79198348126513,21.763479836543077,True,True,True,ALARM,"sample,0.5s,1.0s"
569,3.3339000001433305,external,external,fault,2022-07-17 10:53:36.439,2022-07-17 10:53:36.439,1,0,1,18,external_18,False,0.1,-0.1031407,0.22549912,216.96093,384.67175703904576,67.5011746172138,True,1266.5527991514757,65.52940203030388,True,20.188169953362493,21.763479836543077,False,True,True,ALARM,"0.5s,1.0s"
570,3.495099997962825,external,external,fault,2022-07-17 10:53:36.539,2022-07-17 10:53:36.539,1,0,1,18,external_18,False,0.1,-0.029396495,0.24326478,203.84791,137.12484515602458,67.5011746172138,True,963.6057849073713,65.52940203030388,True,18.27951397278504,21.763479836543077,False,True,True,ALARM,"0.5s,1.0s"
571,3.457999999227468,external,external,fault,2022-07-17 10:53:36.639,2022-07-17 10:53:36.639,1,0,1,18,external_18,False,0.1,-0.035257619,0.21590451,216.96093,128.5333969386283,67.5011746172138,True,987.4729565254133,65.52940203030388,True,13.627020514369152,21.763479836543077,False,True,True,ALARM,"0.5s,1.0s"
572,3.41860000116867,external,external,fault,2022-07-17 10:53:36.739,2022-07-17 10:53:36.739,1,0,1,18,external_18,False,0.1,-0.11350528,0.21503648,284.91024,217.2916189641553,67.5011746172138,True,1176.1373285095117,65.52940203030388,True,10.105181650577867,21.763479836543077,False,True,True,ALARM,"0.5s,1.0s"
573,3.4405999977025203,external,external,fault,2022-07-17 10:53:36.839,2022-07-17 10:53:36.839,1,0,1,18,external_18,False,0.1,-0.028491387,0.18850952,218.15303,167.79263925273955,67.5011746172138,True,1073.7386402291875,65.52940203030388,True,10.354859009171951,21.763479836543077,False,True,True,ALARM,"0.5s,1.0s"
574,3.3455000011599623,external,external,fault,2022-07-17 10:53:36.939,2022-07-17 10:53:36.939,1,0,1,18,external_18,False,0.1,-0.064331444,0.20661081,154.97209,176.6967347804617,67.5011746172138,True,592.4463888433144,65.52940203030388,True,10.569587369852647,21.763479836543077,False,True,True,ALARM,"0.5s,1.0s"
575,0.7296000003407244,external,external,fault,2022-07-17 10:53:42.668,2022-07-17 10:53:42.668,1,0,1,19,external_19,True,5.729,-0.0037775327,0.15133473,168.08512000000002,0.0,67.5011746172138,False,0.0,65.52940203030388,False,0.0,21.763479836543077,False,False,False,정상,
576,0.6939000013517216,external,external,fault,2022-07-17 10:53:42.768,2022-07-17 10:53:42.768,1,0,1,19,external_19,False,0.1,0.0018738713,0.10913695,59.604652,0.0,67.5011746172138,False,0.0,65.52940203030388,False,0.0,21.763479836543077,False,False,False,정상,
577,0.7010999979684129,external,external,fault,2022-07-17 10:53:42.868,2022-07-17 10:53:42.868,1,0,1,19,external_19,False,0.1,0.017834673,0.073258424,197.88744,0.0,67.5011746172138,False,0.0,65.52940203030388,False,4.1075237793968356,21.763479836543077,False,False,False,정상,
578,0.6949999988137279,external,external,fault,2022-07-17 10:53:42.968,2022-07-17 10:53:42.968,1,0,1,19,external_19,False,0.1,0.027735667,0.019290173,174.04558,0.0,67.5011746172138,False,0.0,65.52940203030388,False,3.8060468432707837,21.763479836543077,False,False,False,정상,
579,2.2620000017923303,external,external,fault,2022-07-17 10:53:43.068,2022-07-17 10:53:43.068,1,0,1,19,external_19,False,0.1,-0.035798476,-0.0613555,252.72372,37.25069508440511,67.5011746172138,False,0.0,65.52940203030388,False,3.320269704631666,21.763479836543077,False,False,False,정상,
580,2.214399999502348,external,external,fault,2022-07-17 10:53:43.168,2022-07-17 10:53:43.168,1,0,1,19,external_19,False,0.1,-0.037630767,0.0080173708,209.80837,38.701062769491614,67.5011746172138,False,0.0,65.52940203030388,False,3.1324097312098953,21.763479836543077,False,False,False,정상,
581,2.1535999985644594,external,external,fault,2022-07-17 10:53:43.268,2022-07-17 10:53:43.268,1,0,1,19,external_19,False,0.1,-0.032431917,-0.037907145,188.3507,32.41497961613328,67.5011746172138,False,0.0,65.52940203030388,False,3.206715930176225,21.763479836543077,False,False,False,정상,
582,2.178500002628425,external,external,fault,2022-07-17 10:53:43.368,2022-07-17 10:53:43.368,1,0,1,19,external_19,False,0.1,-0.0243301,-0.023833503,301.59954,50.2142008986196,67.5011746172138,False,0.0,65.52940203030388,False,3.2156067655435376,21.763479836543077,False,False,False,정상,
583,2.2449999996752013,external,external,fault,2022-07-17 10:53:43.468,2022-07-17 10:53:43.468,1,0,1,19,external_19,False,0.1,-0.053348735,-0.0077576079,205.04,53.81369966782308,67.5011746172138,False,0.0,65.52940203030388,False,3.406855975745323,21.763479836543077,False,False,False,정상,
584,3.562400001101196,external,external,fault,2022-07-17 10:53:43.568,2022-07-17 10:53:43.568,1,0,1,19,external_19,False,0.1,-0.045048235,0.00086481257,227.68977,60.937292266780204,67.5011746172138,False,182.10260275457236,65.52940203030388,True,3.335115370139802,21.763479836543077,False,True,False,WARNING,1.0s
585,0.7036999995762017,external,external,fault,2022-07-17 10:53:52.140,2022-07-17 10:53:52.140,1,0,1,20,external_20,True,8.572,-0.013424656,0.0044989603,149.01163,0.0,67.5011746172138,False,0.0,65.52940203030388,False,0.0,21.763479836543077,False,False,False,정상,
586,0.8404000000155065,external,external,fault,2022-07-17 10:53:52.240,2022-07-17 10:53:52.240,1,0,1,20,external_20,False,0.1,-0.0033691305,0.0026124441,163.31675,0.0,67.5011746172138,False,0.0,65.52940203030388,False,0.0,21.763479836543077,False,False,False,정상,
587,0.7436999985657167,external,external,fault,2022-07-17 10:53:52.340,2022-07-17 10:53:52.340,1,0,1,20,external_20,False,0.1,-0.03992665,0.0042906333,140.66698,0.0,67.5011746172138,False,0.0,65.52940203030388,False,1.8578742007230258,21.763479836543077,False,False,False,정상,
588,0.6964999993215315,external,external,fault,2022-07-17 10:53:52.440,2022-07-17 10:53:52.440,1,0,1,20,external_20,False,0.1,-0.055754997,-0.011970442,244.37907,0.0,67.5011746172138,False,0.0,65.52940203030388,False,2.658371567606306,21.763479836543077,False,False,False,정상,
589,2.309899999090703,external,external,fault,2022-07-17 10:53:52.540,2022-07-17 10:53:52.540,1,0,1,20,external_20,False,0.1,-0.050478881,-0.024898286,232.45814,55.320088222527815,67.5011746172138,False,0.0,65.52940203030388,False,3.1048504680816595,21.763479836543077,False,False,False,정상,
590,2.13870000152383,external,external,fault,2022-07-17 10:53:52.640,2022-07-17 10:53:52.640,1,0,1,20,external_20,False,0.1,-0.02101873,-0.0084983259,101.32791,50.1793253480645,67.5011746172138,False,0.0,65.52940203030388,False,3.489599112889375,21.763479836543077,False,False,False,정상,
591,2.1612999989883974,external,external,fault,2022-07-17 10:53:52.740,2022-07-17 10:53:52.740,1,0,1,20,external_20,False,0.1,0.0049975966,0.018850372,196.69535,51.490169665568914,67.5011746172138,False,0.0,65.52940203030388,False,3.196484011259308,21.763479836543077,False,False,False,정상,
592,2.109499997459352,external,external,fault,2022-07-17 10:53:52.840,2022-07-17 10:53:52.840,1,0,1,20,external_20,False,0.1,-0.029749708,0.049115646,156.16419,43.98124911474396,67.5011746172138,False,0.0,65.52940203030388,False,3.221779182047355,21.763479836543077,False,False,False,정상,
593,2.1363999985624105,external,external,fault,2022-07-17 10:53:52.940,2022-07-17 10:53:52.940,1,0,1,20,external_20,False,0.1,-0.056969166,-0.0041929025,201.46372,40.15122889215204,67.5011746172138,False,0.0,65.52940203030388,False,3.141406397167161,21.763479836543077,False,False,False,정상,
594,3.4975999988091644,external,external,fault,2022-07-17 10:53:53.040,2022-07-17 10:53:53.040,1,0,1,20,external_20,False,0.1,-0.069143968,-0.010697333,191.92698,32.0810979857261,67.5011746172138,False,280.11101367324596,65.52940203030388,True,3.26958977955653,21.763479836543077,False,True,False,WARNING,1.0s
595,3.6627000008593313,external,external,fault,2022-07-17 10:53:53.140,2022-07-17 10:53:53.140,1,0,1,20,external_20,False,0.1,-0.036184803,-0.017074452,172.85349,25.305486138010824,67.5011746172138,False,286.841386074877,65.52940203030388,True,3.3136800832648956,21.763479836543077,False,True,True,ALARM,1.0s
596,3.4500000001571607,external,external,fault,2022-07-17 10:53:53.240,2022-07-17 10:53:53.240,1,0,1,20,external_20,False,0.1,-0.04323802,0.042993149,194.31117,29.527641037015126,67.5011746172138,False,294.02426934159104,65.52940203030388,True,3.0524324538728673,21.763479836543077,False,True,True,ALARM,1.0s
597,3.474699999060249,external,external,fault,2022-07-17 10:53:53.340,2022-07-17 10:53:53.340,1,0,1,20,external_20,False,0.1,-0.032542296,0.016003237,189.54279,37.60233902627743,67.5011746172138,False,309.9477356167812,65.52940203030388,True,2.842311520048733,21.763479836543077,False,True,True,ALARM,1.0s
598,3.5124999994877726,external,external,fault,2022-07-17 10:53:53.440,2022-07-17 10:53:53.440,1,0,1,20,external_20,False,0.1,-0.068095367,0.029590783,171.6614,38.853342240284675,67.5011746172138,False,312.9707212238841,65.52940203030388,True,2.871100776588026,21.763479836543077,False,True,True,ALARM,1.0s
599,3.355200002260972,external,external,fault,2022-07-17 10:53:53.540,2022-07-17 10:53:53.540,1,0,1,20,external_20,False,0.1,-0.048900462,-0.0070631848,195.50326,41.94097773335905,67.5011746172138,False,376.69769566517516,65.52940203030388,True,3.1643232676889212,21.763479836543077,False,True,True,ALARM,1.0s
